Modelo,Clase,FPR,TPR,Threshold,AUC
SVM,ADHD,0.0,0.0,inf,0.6929100391885661
SVM,ADHD,0.0005186721991701245,0.0,0.7002935089711181,0.6929100391885661
SVM,ADHD,0.01037344398340249,0.0,0.12696627450424397,0.6929100391885661
SVM,ADHD,0.01037344398340249,0.013888888888888888,0.12271106849755561,0.6929100391885661
SVM,ADHD,0.014004149377593362,0.013888888888888888,0.09108826200787398,0.6929100391885661
SVM,ADHD,0.014004149377593362,0.027777777777777776,0.08372091067084492,0.6929100391885661
SVM,ADHD,0.017634854771784232,0.027777777777777776,0.06605737525274973,0.6929100391885661
SVM,ADHD,0.017634854771784232,0.041666666666666664,0.0621970531778283,0.6929100391885661
SVM,ADHD,0.0254149377593361,0.041666666666666664,0.031065628886144864,0.6929100391885661
SVM,ADHD,0.0254149377593361,0.05555555555555555,0.030303915476088374,0.6929100391885661
SVM,ADHD,0.028008298755186723,0.05555555555555555,0.026797969778126558,0.6929100391885661
SVM,ADHD,0.028008298755186723,0.08333333333333333,0.026292218411603483,0.6929100391885661
SVM,ADHD,0.028526970954356846,0.08333333333333333,0.026268160699955898,0.6929100391885661
SVM,ADHD,0.028526970954356846,0.09722222222222222,0.026019825356120845,0.6929100391885661
SVM,ADHD,0.035269709543568464,0.09722222222222222,0.01950829793478457,0.6929100391885661
SVM,ADHD,0.035269709543568464,0.1111111111111111,0.01945230867366046,0.6929100391885661
SVM,ADHD,0.056016597510373446,0.1111111111111111,0.009949215450924549,0.6929100391885661
SVM,ADHD,0.056016597510373446,0.125,0.009910150557090868,0.6929100391885661
SVM,ADHD,0.06690871369294606,0.125,0.008068857030929974,0.6929100391885661
SVM,ADHD,0.06690871369294606,0.1388888888888889,0.007996288432110608,0.6929100391885661
SVM,ADHD,0.0700207468879668,0.1388888888888889,0.007487802478388572,0.6929100391885661
SVM,ADHD,0.0700207468879668,0.1527777777777778,0.007487643507278087,0.6929100391885661
SVM,ADHD,0.07935684647302904,0.1527777777777778,0.006440901587513271,0.6929100391885661
SVM,ADHD,0.07935684647302904,0.16666666666666666,0.0063806658240046854,0.6929100391885661
SVM,ADHD,0.09232365145228216,0.16666666666666666,0.005029765799497331,0.6929100391885661
SVM,ADHD,0.09232365145228216,0.18055555555555555,0.005001588915300936,0.6929100391885661
SVM,ADHD,0.0995850622406639,0.18055555555555555,0.004367515323810357,0.6929100391885661
SVM,ADHD,0.0995850622406639,0.19444444444444445,0.004361284237757174,0.6929100391885661
SVM,ADHD,0.10010373443983403,0.19444444444444445,0.004288272092253831,0.6929100391885661
SVM,ADHD,0.10010373443983403,0.20833333333333334,0.004280881967346367,0.6929100391885661
SVM,ADHD,0.11825726141078838,0.20833333333333334,0.003236920900144469,0.6929100391885661
SVM,ADHD,0.11825726141078838,0.2222222222222222,0.003234809210478819,0.6929100391885661
SVM,ADHD,0.12448132780082988,0.2222222222222222,0.002940145326946648,0.6929100391885661
SVM,ADHD,0.12448132780082988,0.2361111111111111,0.0029323188472009406,0.6929100391885661
SVM,ADHD,0.14470954356846474,0.2361111111111111,0.0024150536287070694,0.6929100391885661
SVM,ADHD,0.14470954356846474,0.25,0.0024056973551475364,0.6929100391885661
SVM,ADHD,0.14885892116182572,0.25,0.002240470510271747,0.6929100391885661
SVM,ADHD,0.14885892116182572,0.2638888888888889,0.002223340721212576,0.6929100391885661
SVM,ADHD,0.1799792531120332,0.2638888888888889,0.001479732531515221,0.6929100391885661
SVM,ADHD,0.1799792531120332,0.2777777777777778,0.0014659979922785676,0.6929100391885661
SVM,ADHD,0.1841286307053942,0.2777777777777778,0.0014047387230718934,0.6929100391885661
SVM,ADHD,0.1841286307053942,0.3055555555555556,0.0013934288423153528,0.6929100391885661
SVM,ADHD,0.19968879668049794,0.3055555555555556,0.0011903811394666302,0.6929100391885661
SVM,ADHD,0.19968879668049794,0.3194444444444444,0.0011805753895893544,0.6929100391885661
SVM,ADHD,0.2033195020746888,0.3194444444444444,0.0011475381977790195,0.6929100391885661
SVM,ADHD,0.2033195020746888,0.3333333333333333,0.0011473328303041425,0.6929100391885661
SVM,ADHD,0.20487551867219916,0.3333333333333333,0.0011276553296465483,0.6929100391885661
SVM,ADHD,0.20487551867219916,0.3472222222222222,0.0011231831457079247,0.6929100391885661
SVM,ADHD,0.21628630705394192,0.3472222222222222,0.0010443794279155808,0.6929100391885661
SVM,ADHD,0.21628630705394192,0.3611111111111111,0.0010298115819081044,0.6929100391885661
SVM,ADHD,0.22147302904564314,0.3611111111111111,0.0009628817126838576,0.6929100391885661
SVM,ADHD,0.22147302904564314,0.375,0.0009622670252871051,0.6929100391885661
SVM,ADHD,0.22614107883817428,0.375,0.0008936006138895573,0.6929100391885661
SVM,ADHD,0.22614107883817428,0.3888888888888889,0.0008808697214641806,0.6929100391885661
SVM,ADHD,0.2391078838174274,0.3888888888888889,0.0007532139750136074,0.6929100391885661
SVM,ADHD,0.2391078838174274,0.4027777777777778,0.0007501484313562351,0.6929100391885661
SVM,ADHD,0.2474066390041494,0.4027777777777778,0.0006621274835808252,0.6929100391885661
SVM,ADHD,0.2474066390041494,0.4166666666666667,0.0006606476896632087,0.6929100391885661
SVM,ADHD,0.2520746887966805,0.4166666666666667,0.0006249846264417614,0.6929100391885661
SVM,ADHD,0.2520746887966805,0.4305555555555556,0.0006229672218598409,0.6929100391885661
SVM,ADHD,0.2676348547717842,0.4305555555555556,0.0005118570033821106,0.6929100391885661
SVM,ADHD,0.2676348547717842,0.4444444444444444,0.0005116367522864331,0.6929100391885661
SVM,ADHD,0.26867219917012447,0.4444444444444444,0.0005047929557857008,0.6929100391885661
SVM,ADHD,0.26867219917012447,0.4583333333333333,0.0005011321061249429,0.6929100391885661
SVM,ADHD,0.2733402489626556,0.4583333333333333,0.000488043933991874,0.6929100391885661
SVM,ADHD,0.2733402489626556,0.4722222222222222,0.00048791356683811223,0.6929100391885661
SVM,ADHD,0.28112033195020747,0.4722222222222222,0.00046507871771027463,0.6929100391885661
SVM,ADHD,0.28112033195020747,0.4861111111111111,0.0004631639072509632,0.6929100391885661
SVM,ADHD,0.29512448132780084,0.4861111111111111,0.0004134049448230893,0.6929100391885661
SVM,ADHD,0.29512448132780084,0.5,0.0004126779169614543,0.6929100391885661
SVM,ADHD,0.31068464730290457,0.5,0.0003733774601479476,0.6929100391885661
SVM,ADHD,0.31068464730290457,0.5138888888888888,0.00037315865660860734,0.6929100391885661
SVM,ADHD,0.31742738589211617,0.5138888888888888,0.0003614869064165773,0.6929100391885661
SVM,ADHD,0.31742738589211617,0.5277777777777778,0.00036134998302697884,0.6929100391885661
SVM,ADHD,0.3184647302904564,0.5277777777777778,0.00035704112912706847,0.6929100391885661
SVM,ADHD,0.3184647302904564,0.5416666666666666,0.000356643282723069,0.6929100391885661
SVM,ADHD,0.34232365145228216,0.5416666666666666,0.0003052052997848108,0.6929100391885661
SVM,ADHD,0.34232365145228216,0.5694444444444444,0.0003030525659448819,0.6929100391885661
SVM,ADHD,0.34699170124481327,0.5694444444444444,0.00028717476924852763,0.6929100391885661
SVM,ADHD,0.34699170124481327,0.5833333333333334,0.0002857754741350065,0.6929100391885661
SVM,ADHD,0.3475103734439834,0.5833333333333334,0.00028557030219747334,0.6929100391885661
SVM,ADHD,0.3475103734439834,0.5972222222222222,0.00028145669531139323,0.6929100391885661
SVM,ADHD,0.3578838174273859,0.5972222222222222,0.00025753162230539675,0.6929100391885661
SVM,ADHD,0.3578838174273859,0.6111111111111112,0.00025669472307643214,0.6929100391885661
SVM,ADHD,0.362551867219917,0.6111111111111112,0.0002507086400033302,0.6929100391885661
SVM,ADHD,0.362551867219917,0.625,0.00025065983772628117,0.6929100391885661
SVM,ADHD,0.36358921161825725,0.625,0.00024954298539737823,0.6929100391885661
SVM,ADHD,0.36358921161825725,0.6388888888888888,0.00024896723284029143,0.6929100391885661
SVM,ADHD,0.3744813278008299,0.6388888888888888,0.0002305830374669375,0.6929100391885661
SVM,ADHD,0.3744813278008299,0.6527777777777778,0.00022997156224615055,0.6929100391885661
SVM,ADHD,0.3770746887966805,0.6527777777777778,0.00022495622542801459,0.6929100391885661
SVM,ADHD,0.3770746887966805,0.6666666666666666,0.00022318811436596327,0.6929100391885661
SVM,ADHD,0.38381742738589214,0.6666666666666666,0.00021191591974619922,0.6929100391885661
SVM,ADHD,0.38381742738589214,0.6805555555555556,0.00021158954557833095,0.6929100391885661
SVM,ADHD,0.3926348547717842,0.6805555555555556,0.0002031787548787322,0.6929100391885661
SVM,ADHD,0.3926348547717842,0.6944444444444444,0.00020271978319852605,0.6929100391885661
SVM,ADHD,0.39522821576763484,0.6944444444444444,0.0001992808856897504,0.6929100391885661
SVM,ADHD,0.39522821576763484,0.7083333333333334,0.00019924771749861063,0.6929100391885661
SVM,ADHD,0.39730290456431533,0.7083333333333334,0.00019797156886780154,0.6929100391885661
SVM,ADHD,0.39730290456431533,0.7222222222222222,0.00019783017815163474,0.6929100391885661
SVM,ADHD,0.4019709543568465,0.7222222222222222,0.00019286552980038373,0.6929100391885661
SVM,ADHD,0.4019709543568465,0.7361111111111112,0.0001911840797981933,0.6929100391885661
SVM,ADHD,0.40819502074688796,0.7361111111111112,0.00018222518024885517,0.6929100391885661
SVM,ADHD,0.40819502074688796,0.75,0.00018139770424967363,0.6929100391885661
SVM,ADHD,0.4118257261410788,0.75,0.00017838080772934742,0.6929100391885661
SVM,ADHD,0.4118257261410788,0.7638888888888888,0.00017798108841000947,0.6929100391885661
SVM,ADHD,0.41286307053941906,0.7638888888888888,0.0001774939243711708,0.6929100391885661
SVM,ADHD,0.41286307053941906,0.7777777777777778,0.0001767786120207805,0.6929100391885661
SVM,ADHD,0.4190871369294606,0.7777777777777778,0.00017008385566757544,0.6929100391885661
SVM,ADHD,0.4190871369294606,0.7916666666666666,0.0001699662924216315,0.6929100391885661
SVM,ADHD,0.4221991701244813,0.7916666666666666,0.00016798554196724742,0.6929100391885661
SVM,ADHD,0.4221991701244813,0.8055555555555556,0.0001677884711708409,0.6929100391885661
SVM,ADHD,0.43257261410788383,0.8055555555555556,0.0001531082971676207,0.6929100391885661
SVM,ADHD,0.43257261410788383,0.8194444444444444,0.0001527300796081473,0.6929100391885661
SVM,ADHD,0.47977178423236516,0.8194444444444444,0.00011072161022400437,0.6929100391885661
SVM,ADHD,0.47977178423236516,0.8333333333333334,0.00011057437203777407,0.6929100391885661
SVM,ADHD,0.49429460580912865,0.8333333333333334,0.00010126184421715218,0.6929100391885661
SVM,ADHD,0.49429460580912865,0.8472222222222222,0.00010067629172168686,0.6929100391885661
SVM,ADHD,0.5088174273858921,0.8472222222222222,9.251839297856187e-05,0.6929100391885661
SVM,ADHD,0.5088174273858921,0.8611111111111112,9.234402241327781e-05,0.6929100391885661
SVM,ADHD,0.5767634854771784,0.8611111111111112,5.336991531860448e-05,0.6929100391885661
SVM,ADHD,0.5767634854771784,0.875,5.3137887327394635e-05,0.6929100391885661
SVM,ADHD,0.5783195020746889,0.875,5.258884709139275e-05,0.6929100391885661
SVM,ADHD,0.5783195020746889,0.8888888888888888,5.243764556409605e-05,0.6929100391885661
SVM,ADHD,0.6058091286307054,0.8888888888888888,4.148219369868353e-05,0.6929100391885661
SVM,ADHD,0.6058091286307054,0.9027777777777778,4.141799277391235e-05,0.6929100391885661
SVM,ADHD,0.6229253112033195,0.9027777777777778,3.6126838054020656e-05,0.6929100391885661
SVM,ADHD,0.6229253112033195,0.9166666666666666,3.6125472178786986e-05,0.6929100391885661
SVM,ADHD,0.6390041493775933,0.9166666666666666,3.148255977468915e-05,0.6929100391885661
SVM,ADHD,0.6390041493775933,0.9305555555555556,3.141053151440319e-05,0.6929100391885661
SVM,ADHD,0.6493775933609959,0.9305555555555556,2.7475648335339415e-05,0.6929100391885661
SVM,ADHD,0.6493775933609959,0.9444444444444444,2.737262801900769e-05,0.6929100391885661
SVM,ADHD,0.6773858921161826,0.9444444444444444,2.0511824532992688e-05,0.6929100391885661
SVM,ADHD,0.6773858921161826,0.9583333333333334,2.033506913852599e-05,0.6929100391885661
SVM,ADHD,0.7437759336099585,0.9583333333333334,1.1567342142194233e-05,0.6929100391885661
SVM,ADHD,0.7437759336099585,0.9722222222222222,1.1473609996338799e-05,0.6929100391885661
SVM,ADHD,0.783195020746888,0.9722222222222222,7.228933378094234e-06,0.6929100391885661
SVM,ADHD,0.783195020746888,0.9861111111111112,7.194490962490483e-06,0.6929100391885661
SVM,ADHD,0.8796680497925311,0.9861111111111112,1.48874912992571e-06,0.6929100391885661
SVM,ADHD,0.8796680497925311,1.0,1.4577334340299233e-06,0.6929100391885661
SVM,ADHD,1.0,1.0,1.7187842194697164e-14,0.6929100391885661
SVM,Anxiety_Stress,0.0,0.0,inf,0.9445828874576263
SVM,Anxiety_Stress,0.0,0.0008123476848090983,0.9999294688207884,0.9445828874576263
SVM,Anxiety_Stress,0.0,0.02843216896831844,0.9993803881398952,0.9445828874576263
SVM,Anxiety_Stress,0.0013003901170351106,0.02843216896831844,0.999370364663009,0.9445828874576263
SVM,Anxiety_Stress,0.0013003901170351106,0.07311129163281885,0.9988666143368263,0.9445828874576263
SVM,Anxiety_Stress,0.002600780234070221,0.07311129163281885,0.9988569304513893,0.9445828874576263
SVM,Anxiety_Stress,0.002600780234070221,0.12753858651502845,0.9982005747296124,0.9445828874576263
SVM,Anxiety_Stress,0.0039011703511053317,0.12753858651502845,0.9981969976059842,0.9445828874576263
SVM,Anxiety_Stress,0.0039011703511053317,0.2347684809098294,0.99630296179769,0.9445828874576263
SVM,Anxiety_Stress,0.005201560468140442,0.2347684809098294,0.9963018128467509,0.9445828874576263
SVM,Anxiety_Stress,0.005201560468140442,0.24939073923639318,0.9960143968463077,0.9445828874576263
SVM,Anxiety_Stress,0.006501950585175552,0.24939073923639318,0.9959836559821745,0.9445828874576263
SVM,Anxiety_Stress,0.006501950585175552,0.2826969943135662,0.9951296073797641,0.9445828874576263
SVM,Anxiety_Stress,0.007802340702210663,0.2826969943135662,0.9950779176467566,0.9445828874576263
SVM,Anxiety_Stress,0.007802340702210663,0.29731925264013,0.9946770754234343,0.9445828874576263
SVM,Anxiety_Stress,0.009102730819245773,0.29731925264013,0.9946613790474772,0.9445828874576263
SVM,Anxiety_Stress,0.009102730819245773,0.3257514216084484,0.9940443440009349,0.9445828874576263
SVM,Anxiety_Stress,0.010403120936280884,0.3257514216084484,0.9940221510168723,0.9445828874576263
SVM,Anxiety_Stress,0.010403120936280884,0.3460601137286759,0.9931764799174135,0.9445828874576263
SVM,Anxiety_Stress,0.011703511053315995,0.3460601137286759,0.9931662132683564,0.9445828874576263
SVM,Anxiety_Stress,0.011703511053315995,0.35743298131600326,0.992699671558043,0.9445828874576263
SVM,Anxiety_Stress,0.013003901170351105,0.35743298131600326,0.9926876850334021,0.9445828874576263
SVM,Anxiety_Stress,0.013003901170351105,0.39480097481722176,0.9913795633595827,0.9445828874576263
SVM,Anxiety_Stress,0.014304291287386216,0.39480097481722176,0.991358187928449,0.9445828874576263
SVM,Anxiety_Stress,0.014304291287386216,0.41267262388302195,0.9901935529912833,0.9445828874576263
SVM,Anxiety_Stress,0.015604681404421327,0.41267262388302195,0.990166774666302,0.9445828874576263
SVM,Anxiety_Stress,0.015604681404421327,0.429731925264013,0.9891958604918786,0.9445828874576263
SVM,Anxiety_Stress,0.016905071521456438,0.429731925264013,0.9890839534569551,0.9445828874576263
SVM,Anxiety_Stress,0.016905071521456438,0.437855402112104,0.9885042503526684,0.9445828874576263
SVM,Anxiety_Stress,0.018205461638491547,0.437855402112104,0.9884620840082297,0.9445828874576263
SVM,Anxiety_Stress,0.018205461638491547,0.45816409423233145,0.9872923812982549,0.9445828874576263
SVM,Anxiety_Stress,0.01950585175552666,0.45816409423233145,0.9872840076831433,0.9445828874576263
SVM,Anxiety_Stress,0.01950585175552666,0.46791226645004064,0.9864228055056281,0.9445828874576263
SVM,Anxiety_Stress,0.02080624187256177,0.46791226645004064,0.9863778476500012,0.9445828874576263
SVM,Anxiety_Stress,0.02080624187256177,0.4800974817221771,0.9859783048014596,0.9445828874576263
SVM,Anxiety_Stress,0.022106631989596878,0.4800974817221771,0.9859281423172811,0.9445828874576263
SVM,Anxiety_Stress,0.022106631989596878,0.49065800162469536,0.985402758673809,0.9445828874576263
SVM,Anxiety_Stress,0.02340702210663199,0.49065800162469536,0.9853836088783623,0.9445828874576263
SVM,Anxiety_Stress,0.02340702210663199,0.49228269699431354,0.9853285229474504,0.9445828874576263
SVM,Anxiety_Stress,0.0247074122236671,0.49228269699431354,0.9853198854754716,0.9445828874576263
SVM,Anxiety_Stress,0.0247074122236671,0.4979691307879773,0.984892499265946,0.9445828874576263
SVM,Anxiety_Stress,0.02600780234070221,0.4979691307879773,0.9848769259832798,0.9445828874576263
SVM,Anxiety_Stress,0.02600780234070221,0.5109666937449229,0.9842348872998906,0.9445828874576263
SVM,Anxiety_Stress,0.027308192457737322,0.5109666937449229,0.984205661194133,0.9445828874576263
SVM,Anxiety_Stress,0.027308192457737322,0.511779041429732,0.9841137439452353,0.9445828874576263
SVM,Anxiety_Stress,0.02860858257477243,0.511779041429732,0.9839980910144189,0.9445828874576263
SVM,Anxiety_Stress,0.02860858257477243,0.5142160844841592,0.9836396518635963,0.9445828874576263
SVM,Anxiety_Stress,0.02990897269180754,0.5142160844841592,0.9832891129619398,0.9445828874576263
SVM,Anxiety_Stress,0.02990897269180754,0.5207148659626321,0.9829493026724955,0.9445828874576263
SVM,Anxiety_Stress,0.031209362808842653,0.5207148659626321,0.9829486083138812,0.9445828874576263
SVM,Anxiety_Stress,0.031209362808842653,0.5483346872461413,0.9807362457110848,0.9445828874576263
SVM,Anxiety_Stress,0.032509752925877766,0.5483346872461413,0.9806516899360146,0.9445828874576263
SVM,Anxiety_Stress,0.032509752925877766,0.554021121039805,0.9803854800056933,0.9445828874576263
SVM,Anxiety_Stress,0.033810143042912875,0.554021121039805,0.9803001007014216,0.9445828874576263
SVM,Anxiety_Stress,0.033810143042912875,0.5564581640942323,0.9801508828958728,0.9445828874576263
SVM,Anxiety_Stress,0.035110533159947985,0.5564581640942323,0.9801148199647964,0.9445828874576263
SVM,Anxiety_Stress,0.035110533159947985,0.5572705117790414,0.980104515933811,0.9445828874576263
SVM,Anxiety_Stress,0.036410923276983094,0.5572705117790414,0.9800602847252673,0.9445828874576263
SVM,Anxiety_Stress,0.036410923276983094,0.5881397238017871,0.9766313465267885,0.9445828874576263
SVM,Anxiety_Stress,0.0377113133940182,0.5881397238017871,0.9764085439716025,0.9445828874576263
SVM,Anxiety_Stress,0.0377113133940182,0.5889520714865962,0.9763990571481426,0.9445828874576263
SVM,Anxiety_Stress,0.03901170351105332,0.5889520714865962,0.976366086887761,0.9445828874576263
SVM,Anxiety_Stress,0.03901170351105332,0.59463850528026,0.9751515342929853,0.9445828874576263
SVM,Anxiety_Stress,0.04031209362808843,0.59463850528026,0.9750850748225186,0.9445828874576263
SVM,Anxiety_Stress,0.04031209362808843,0.5995125913891145,0.9742586362663497,0.9445828874576263
SVM,Anxiety_Stress,0.04161248374512354,0.5995125913891145,0.9741831722448288,0.9445828874576263
SVM,Anxiety_Stress,0.04161248374512354,0.6011372867587328,0.9739743420198496,0.9445828874576263
SVM,Anxiety_Stress,0.04291287386215865,0.6011372867587328,0.9736857993447292,0.9445828874576263
SVM,Anxiety_Stress,0.04291287386215865,0.6068237205523964,0.9731331983639161,0.9445828874576263
SVM,Anxiety_Stress,0.044213263979193757,0.6068237205523964,0.9731181661992849,0.9445828874576263
SVM,Anxiety_Stress,0.044213263979193757,0.6173842404549147,0.9713602289880728,0.9445828874576263
SVM,Anxiety_Stress,0.04681404421326398,0.6173842404549147,0.9712746590127296,0.9445828874576263
SVM,Anxiety_Stress,0.04681404421326398,0.619821283509342,0.9710111736249464,0.9445828874576263
SVM,Anxiety_Stress,0.04811443433029909,0.619821283509342,0.9710028349136822,0.9445828874576263
SVM,Anxiety_Stress,0.04811443433029909,0.6214459788789602,0.9709586146541251,0.9445828874576263
SVM,Anxiety_Stress,0.0494148244473342,0.6214459788789602,0.9707820769378895,0.9445828874576263
SVM,Anxiety_Stress,0.0494148244473342,0.6230706742485784,0.9700863151224524,0.9445828874576263
SVM,Anxiety_Stress,0.05071521456436931,0.6230706742485784,0.9697625610897669,0.9445828874576263
SVM,Anxiety_Stress,0.05071521456436931,0.6255077173030057,0.9694130262184208,0.9445828874576263
SVM,Anxiety_Stress,0.05201560468140442,0.6255077173030057,0.9694073207912927,0.9445828874576263
SVM,Anxiety_Stress,0.05201560468140442,0.6263200649878148,0.9693752400239443,0.9445828874576263
SVM,Anxiety_Stress,0.053315994798439535,0.6263200649878148,0.9692357778095295,0.9445828874576263
SVM,Anxiety_Stress,0.053315994798439535,0.628757108042242,0.9688169049103185,0.9445828874576263
SVM,Anxiety_Stress,0.054616384915474644,0.628757108042242,0.9687907255094956,0.9445828874576263
SVM,Anxiety_Stress,0.054616384915474644,0.6303818034118602,0.9687471816342232,0.9445828874576263
SVM,Anxiety_Stress,0.055916775032509754,0.6303818034118602,0.9687098396694638,0.9445828874576263
SVM,Anxiety_Stress,0.055916775032509754,0.636068237205524,0.9681719444558436,0.9445828874576263
SVM,Anxiety_Stress,0.05721716514954486,0.636068237205524,0.9679349001953065,0.9445828874576263
SVM,Anxiety_Stress,0.05721716514954486,0.6425670186839968,0.9669020871215578,0.9445828874576263
SVM,Anxiety_Stress,0.05851755526657997,0.6425670186839968,0.9668381425928876,0.9445828874576263
SVM,Anxiety_Stress,0.05851755526657997,0.6450040617384241,0.9666318687855086,0.9445828874576263
SVM,Anxiety_Stress,0.05981794538361508,0.6450040617384241,0.9663283389162985,0.9445828874576263
SVM,Anxiety_Stress,0.05981794538361508,0.6490658001624695,0.9659618078765634,0.9445828874576263
SVM,Anxiety_Stress,0.0611183355006502,0.6490658001624695,0.9658014475713325,0.9445828874576263
SVM,Anxiety_Stress,0.0611183355006502,0.6515028432168968,0.9656236691171463,0.9445828874576263
SVM,Anxiety_Stress,0.06241872561768531,0.6515028432168968,0.9655324653167637,0.9445828874576263
SVM,Anxiety_Stress,0.06241872561768531,0.6571892770105605,0.9649840818371,0.9445828874576263
SVM,Anxiety_Stress,0.06371911573472042,0.6571892770105605,0.9647932037524806,0.9445828874576263
SVM,Anxiety_Stress,0.06371911573472042,0.6636880584890333,0.9638410117746163,0.9445828874576263
SVM,Anxiety_Stress,0.06501950585175553,0.6636880584890333,0.9635429063101866,0.9445828874576263
SVM,Anxiety_Stress,0.06501950585175553,0.6677497969130788,0.96264946616681,0.9445828874576263
SVM,Anxiety_Stress,0.06631989596879063,0.6677497969130788,0.9620731609472426,0.9445828874576263
SVM,Anxiety_Stress,0.06631989596879063,0.670186839967506,0.9618061195902886,0.9445828874576263
SVM,Anxiety_Stress,0.06762028608582575,0.670186839967506,0.9617419924862861,0.9445828874576263
SVM,Anxiety_Stress,0.06762028608582575,0.6953696181965882,0.9545281636503253,0.9445828874576263
SVM,Anxiety_Stress,0.06892067620286085,0.6953696181965882,0.954452207469572,0.9445828874576263
SVM,Anxiety_Stress,0.06892067620286085,0.7026807473598701,0.9522790516318003,0.9445828874576263
SVM,Anxiety_Stress,0.07022106631989597,0.7026807473598701,0.9522209325398517,0.9445828874576263
SVM,Anxiety_Stress,0.07022106631989597,0.7173030056864338,0.9471983923751586,0.9445828874576263
SVM,Anxiety_Stress,0.07152145643693109,0.7173030056864338,0.9469147574623855,0.9445828874576263
SVM,Anxiety_Stress,0.07152145643693109,0.7181153533712429,0.9466957613722865,0.9445828874576263
SVM,Anxiety_Stress,0.0741222366710013,0.7181153533712429,0.9466528687375481,0.9445828874576263
SVM,Anxiety_Stress,0.0741222366710013,0.7197400487408611,0.9464160938483888,0.9445828874576263
SVM,Anxiety_Stress,0.0754226267880364,0.7197400487408611,0.9460651149871715,0.9445828874576263
SVM,Anxiety_Stress,0.0754226267880364,0.7213647441104792,0.945871167395472,0.9445828874576263
SVM,Anxiety_Stress,0.07672301690507152,0.7213647441104792,0.9457694877841443,0.9445828874576263
SVM,Anxiety_Stress,0.07672301690507152,0.7343623070674249,0.9418450426733769,0.9445828874576263
SVM,Anxiety_Stress,0.07802340702210664,0.7343623070674249,0.9413675145718101,0.9445828874576263
SVM,Anxiety_Stress,0.07802340702210664,0.7400487408610885,0.9393630727091761,0.9445828874576263
SVM,Anxiety_Stress,0.07932379713914174,0.7400487408610885,0.9392934181854363,0.9445828874576263
SVM,Anxiety_Stress,0.07932379713914174,0.7408610885458976,0.9390072887820524,0.9445828874576263
SVM,Anxiety_Stress,0.08062418725617686,0.7408610885458976,0.9389330657119919,0.9445828874576263
SVM,Anxiety_Stress,0.08062418725617686,0.752233956133225,0.9364522989067496,0.9445828874576263
SVM,Anxiety_Stress,0.08192457737321196,0.752233956133225,0.9363148643283676,0.9445828874576263
SVM,Anxiety_Stress,0.08192457737321196,0.7530463038180342,0.9360016813498269,0.9445828874576263
SVM,Anxiety_Stress,0.08322496749024708,0.7530463038180342,0.9357331101358628,0.9445828874576263
SVM,Anxiety_Stress,0.08322496749024708,0.7538586515028433,0.9349312197711188,0.9445828874576263
SVM,Anxiety_Stress,0.08452535760728218,0.7538586515028433,0.9343542502829475,0.9445828874576263
SVM,Anxiety_Stress,0.08452535760728218,0.7611697806661251,0.9305433442890882,0.9445828874576263
SVM,Anxiety_Stress,0.0858257477243173,0.7611697806661251,0.9304726258916521,0.9445828874576263
SVM,Anxiety_Stress,0.0858257477243173,0.7660438667749797,0.9274112296819383,0.9445828874576263
SVM,Anxiety_Stress,0.08712613784135241,0.7660438667749797,0.9268505574653422,0.9445828874576263
SVM,Anxiety_Stress,0.08712613784135241,0.7709179528838342,0.9223297919667577,0.9445828874576263
SVM,Anxiety_Stress,0.08842652795838751,0.7709179528838342,0.9210468213811974,0.9445828874576263
SVM,Anxiety_Stress,0.08842652795838751,0.7717303005686433,0.9205620990900415,0.9445828874576263
SVM,Anxiety_Stress,0.08972691807542263,0.7717303005686433,0.9205486265216708,0.9445828874576263
SVM,Anxiety_Stress,0.08972691807542263,0.7774167343623071,0.9168814170644476,0.9445828874576263
SVM,Anxiety_Stress,0.09102730819245773,0.7774167343623071,0.9158203766227971,0.9445828874576263
SVM,Anxiety_Stress,0.09102730819245773,0.7798537774167343,0.9145642198166427,0.9445828874576263
SVM,Anxiety_Stress,0.09362808842652796,0.7798537774167343,0.9123615306417427,0.9445828874576263
SVM,Anxiety_Stress,0.09362808842652796,0.7831031681559708,0.910650854312037,0.9445828874576263
SVM,Anxiety_Stress,0.09492847854356307,0.7831031681559708,0.9105545813258844,0.9445828874576263
SVM,Anxiety_Stress,0.09492847854356307,0.784727863525589,0.9103182338567473,0.9445828874576263
SVM,Anxiety_Stress,0.09752925877763328,0.784727863525589,0.9097661449034853,0.9445828874576263
SVM,Anxiety_Stress,0.09752925877763328,0.7855402112103981,0.9096336304571776,0.9445828874576263
SVM,Anxiety_Stress,0.10013003901170352,0.7855402112103981,0.9087842740628496,0.9445828874576263
SVM,Anxiety_Stress,0.10013003901170352,0.7871649065800163,0.9077849386311382,0.9445828874576263
SVM,Anxiety_Stress,0.10273081924577374,0.7871649065800163,0.906869640604315,0.9445828874576263
SVM,Anxiety_Stress,0.10273081924577374,0.7887896019496344,0.9065589134807854,0.9445828874576263
SVM,Anxiety_Stress,0.10403120936280884,0.7887896019496344,0.9061180690207092,0.9445828874576263
SVM,Anxiety_Stress,0.10403120936280884,0.8009748172217709,0.8996908370215859,0.9445828874576263
SVM,Anxiety_Stress,0.10533159947984395,0.8009748172217709,0.8988733313356025,0.9445828874576263
SVM,Anxiety_Stress,0.10533159947984395,0.80178716490658,0.8984158054486894,0.9445828874576263
SVM,Anxiety_Stress,0.10663198959687907,0.80178716490658,0.8979505735431382,0.9445828874576263
SVM,Anxiety_Stress,0.10663198959687907,0.8090982940698619,0.8944964236699425,0.9445828874576263
SVM,Anxiety_Stress,0.10793237971391417,0.8090982940698619,0.8943334457554282,0.9445828874576263
SVM,Anxiety_Stress,0.10793237971391417,0.8147847278635256,0.8905893769997447,0.9445828874576263
SVM,Anxiety_Stress,0.10923276983094929,0.8147847278635256,0.8904969790312413,0.9445828874576263
SVM,Anxiety_Stress,0.10923276983094929,0.8245329000812348,0.8819568791199693,0.9445828874576263
SVM,Anxiety_Stress,0.11053315994798439,0.8245329000812348,0.8813151440378685,0.9445828874576263
SVM,Anxiety_Stress,0.11053315994798439,0.8253452477660439,0.8809608063222201,0.9445828874576263
SVM,Anxiety_Stress,0.11183355006501951,0.8253452477660439,0.8806265722028981,0.9445828874576263
SVM,Anxiety_Stress,0.11183355006501951,0.8310316815597075,0.875128865617403,0.9445828874576263
SVM,Anxiety_Stress,0.11313394018205461,0.8310316815597075,0.8727634400359779,0.9445828874576263
SVM,Anxiety_Stress,0.11313394018205461,0.8318440292445166,0.8717782072652595,0.9445828874576263
SVM,Anxiety_Stress,0.11443433029908973,0.8318440292445166,0.8707343539773625,0.9445828874576263
SVM,Anxiety_Stress,0.11443433029908973,0.8334687246141349,0.8669706925242272,0.9445828874576263
SVM,Anxiety_Stress,0.11573472041612484,0.8334687246141349,0.8656891523666699,0.9445828874576263
SVM,Anxiety_Stress,0.11573472041612484,0.8383428107229894,0.8630387129300424,0.9445828874576263
SVM,Anxiety_Stress,0.11703511053315994,0.8383428107229894,0.8619993389569209,0.9445828874576263
SVM,Anxiety_Stress,0.11703511053315994,0.8407798537774167,0.859056314386901,0.9445828874576263
SVM,Anxiety_Stress,0.11963589076723016,0.8407798537774167,0.8583944454577129,0.9445828874576263
SVM,Anxiety_Stress,0.11963589076723016,0.8424045491470349,0.8559709362580912,0.9445828874576263
SVM,Anxiety_Stress,0.1235370611183355,0.8424045491470349,0.8540694054807124,0.9445828874576263
SVM,Anxiety_Stress,0.1235370611183355,0.843216896831844,0.8540544948238997,0.9445828874576263
SVM,Anxiety_Stress,0.12613784135240572,0.843216896831844,0.8538955970981622,0.9445828874576263
SVM,Anxiety_Stress,0.12613784135240572,0.8456539398862714,0.8520771231910972,0.9445828874576263
SVM,Anxiety_Stress,0.12743823146944083,0.8456539398862714,0.8517905637144212,0.9445828874576263
SVM,Anxiety_Stress,0.12743823146944083,0.8464662875710804,0.8511223118488979,0.9445828874576263
SVM,Anxiety_Stress,0.13003901170351106,0.8464662875710804,0.8504797443186886,0.9445828874576263
SVM,Anxiety_Stress,0.13003901170351106,0.8562144597887896,0.8385240326729756,0.9445828874576263
SVM,Anxiety_Stress,0.13133940182054615,0.8562144597887896,0.836418521307856,0.9445828874576263
SVM,Anxiety_Stress,0.13133940182054615,0.8683996750609261,0.8195575673558407,0.9445828874576263
SVM,Anxiety_Stress,0.13263979193758127,0.8683996750609261,0.8194860792877466,0.9445828874576263
SVM,Anxiety_Stress,0.13263979193758127,0.8692120227457352,0.8190651196409876,0.9445828874576263
SVM,Anxiety_Stress,0.13394018205461639,0.8692120227457352,0.8157618218023782,0.9445828874576263
SVM,Anxiety_Stress,0.13394018205461639,0.8732737611697806,0.8115746577202518,0.9445828874576263
SVM,Anxiety_Stress,0.1352405721716515,0.8732737611697806,0.8113476855583616,0.9445828874576263
SVM,Anxiety_Stress,0.1352405721716515,0.875710804224208,0.8079374647617029,0.9445828874576263
SVM,Anxiety_Stress,0.13654096228868662,0.875710804224208,0.8057661283654454,0.9445828874576263
SVM,Anxiety_Stress,0.13654096228868662,0.8765231519090171,0.8019624653992163,0.9445828874576263
SVM,Anxiety_Stress,0.1378413524057217,0.8765231519090171,0.8014077042648574,0.9445828874576263
SVM,Anxiety_Stress,0.1378413524057217,0.8773354995938262,0.801134698160264,0.9445828874576263
SVM,Anxiety_Stress,0.13914174252275682,0.8773354995938262,0.7994795821584006,0.9445828874576263
SVM,Anxiety_Stress,0.13914174252275682,0.8830219333874898,0.78000943667543,0.9445828874576263
SVM,Anxiety_Stress,0.14044213263979194,0.8830219333874898,0.7790730429258296,0.9445828874576263
SVM,Anxiety_Stress,0.14044213263979194,0.8846466287571081,0.7788176437351889,0.9445828874576263
SVM,Anxiety_Stress,0.14174252275682706,0.8846466287571081,0.7735263607681857,0.9445828874576263
SVM,Anxiety_Stress,0.14174252275682706,0.8887083671811535,0.765048944887154,0.9445828874576263
SVM,Anxiety_Stress,0.14304291287386217,0.8887083671811535,0.7630276735699132,0.9445828874576263
SVM,Anxiety_Stress,0.14304291287386217,0.8895207148659626,0.760923100939561,0.9445828874576263
SVM,Anxiety_Stress,0.14434330299089726,0.8895207148659626,0.7605568976499998,0.9445828874576263
SVM,Anxiety_Stress,0.14434330299089726,0.8903330625507717,0.759363132001623,0.9445828874576263
SVM,Anxiety_Stress,0.14564369310793238,0.8903330625507717,0.7592582365336874,0.9445828874576263
SVM,Anxiety_Stress,0.14564369310793238,0.8935824532900081,0.754954453313032,0.9445828874576263
SVM,Anxiety_Stress,0.1482444733420026,0.8935824532900081,0.7534267312844013,0.9445828874576263
SVM,Anxiety_Stress,0.1482444733420026,0.8952071486596264,0.7531182511936314,0.9445828874576263
SVM,Anxiety_Stress,0.14954486345903772,0.8952071486596264,0.7528397338513325,0.9445828874576263
SVM,Anxiety_Stress,0.14954486345903772,0.8976441917140536,0.7500166044460542,0.9445828874576263
SVM,Anxiety_Stress,0.1508452535760728,0.8976441917140536,0.7495615142336165,0.9445828874576263
SVM,Anxiety_Stress,0.1508452535760728,0.8992688870836718,0.746487120094971,0.9445828874576263
SVM,Anxiety_Stress,0.15214564369310793,0.8992688870836718,0.7447585187976327,0.9445828874576263
SVM,Anxiety_Stress,0.15214564369310793,0.90089358245329,0.7404917956312974,0.9445828874576263
SVM,Anxiety_Stress,0.15344603381014305,0.90089358245329,0.7391720775978882,0.9445828874576263
SVM,Anxiety_Stress,0.15344603381014305,0.9033306255077173,0.7348492744200879,0.9445828874576263
SVM,Anxiety_Stress,0.15474642392717816,0.9033306255077173,0.7310377291069621,0.9445828874576263
SVM,Anxiety_Stress,0.15474642392717816,0.909017059301381,0.7032039510071711,0.9445828874576263
SVM,Anxiety_Stress,0.15864759427828348,0.909017059301381,0.6996693055018431,0.9445828874576263
SVM,Anxiety_Stress,0.15864759427828348,0.9114541023558083,0.6916087630147438,0.9445828874576263
SVM,Anxiety_Stress,0.1599479843953186,0.9114541023558083,0.6894843703103231,0.9445828874576263
SVM,Anxiety_Stress,0.1599479843953186,0.9130787977254264,0.6852582181445953,0.9445828874576263
SVM,Anxiety_Stress,0.16124837451235371,0.9130787977254264,0.6783459377497378,0.9445828874576263
SVM,Anxiety_Stress,0.16124837451235371,0.9195775792038993,0.6531461547277801,0.9445828874576263
SVM,Anxiety_Stress,0.16384915474642392,0.9195775792038993,0.6401748075243577,0.9445828874576263
SVM,Anxiety_Stress,0.16384915474642392,0.9203899268887084,0.6378339920911236,0.9445828874576263
SVM,Anxiety_Stress,0.16514954486345904,0.9203899268887084,0.6346256670657895,0.9445828874576263
SVM,Anxiety_Stress,0.16514954486345904,0.9236393176279447,0.6229582140768369,0.9445828874576263
SVM,Anxiety_Stress,0.16644993498049415,0.9236393176279447,0.617330006539588,0.9445828874576263
SVM,Anxiety_Stress,0.16644993498049415,0.9244516653127539,0.6146869643428133,0.9445828874576263
SVM,Anxiety_Stress,0.16775032509752927,0.9244516653127539,0.6051049962314013,0.9445828874576263
SVM,Anxiety_Stress,0.16775032509752927,0.9260763606823721,0.6023408904805512,0.9445828874576263
SVM,Anxiety_Stress,0.16905071521456436,0.9260763606823721,0.5925509390396497,0.9445828874576263
SVM,Anxiety_Stress,0.16905071521456436,0.9268887083671812,0.5914705463539238,0.9445828874576263
SVM,Anxiety_Stress,0.17035110533159947,0.9268887083671812,0.5875016747918929,0.9445828874576263
SVM,Anxiety_Stress,0.17035110533159947,0.9293257514216084,0.5844878594833354,0.9445828874576263
SVM,Anxiety_Stress,0.1716514954486346,0.9293257514216084,0.5791669483550187,0.9445828874576263
SVM,Anxiety_Stress,0.1716514954486346,0.9309504467912266,0.5629508596279695,0.9445828874576263
SVM,Anxiety_Stress,0.17425227568270482,0.9309504467912266,0.5616207897592155,0.9445828874576263
SVM,Anxiety_Stress,0.17425227568270482,0.9333874898456539,0.5595497875733996,0.9445828874576263
SVM,Anxiety_Stress,0.1755526657997399,0.9333874898456539,0.5583127165185877,0.9445828874576263
SVM,Anxiety_Stress,0.1755526657997399,0.934199837530463,0.5545467263611271,0.9445828874576263
SVM,Anxiety_Stress,0.17685305591677503,0.934199837530463,0.5535492232222122,0.9445828874576263
SVM,Anxiety_Stress,0.17685305591677503,0.9350121852152722,0.5528146600589495,0.9445828874576263
SVM,Anxiety_Stress,0.17815344603381014,0.9350121852152722,0.5501296822726494,0.9445828874576263
SVM,Anxiety_Stress,0.17815344603381014,0.9374492282696995,0.543381348649298,0.9445828874576263
SVM,Anxiety_Stress,0.17945383615084526,0.9374492282696995,0.542793406347571,0.9445828874576263
SVM,Anxiety_Stress,0.17945383615084526,0.9382615759545085,0.5362407177713997,0.9445828874576263
SVM,Anxiety_Stress,0.18075422626788037,0.9382615759545085,0.5323252856416544,0.9445828874576263
SVM,Anxiety_Stress,0.18075422626788037,0.9390739236393176,0.5314293610660233,0.9445828874576263
SVM,Anxiety_Stress,0.18335500650195058,0.9390739236393176,0.5277982094051629,0.9445828874576263
SVM,Anxiety_Stress,0.18335500650195058,0.9406986190089358,0.5181608120578702,0.9445828874576263
SVM,Anxiety_Stress,0.1846553966189857,0.9406986190089358,0.516854109770014,0.9445828874576263
SVM,Anxiety_Stress,0.1846553966189857,0.9415109666937449,0.5145956118179313,0.9445828874576263
SVM,Anxiety_Stress,0.1859557867360208,0.9415109666937449,0.5127015349065345,0.9445828874576263
SVM,Anxiety_Stress,0.1859557867360208,0.942323314378554,0.5097310719728431,0.9445828874576263
SVM,Anxiety_Stress,0.18855656697009102,0.942323314378554,0.5074166711338569,0.9445828874576263
SVM,Anxiety_Stress,0.18855656697009102,0.9439480097481722,0.49346563859670933,0.9445828874576263
SVM,Anxiety_Stress,0.19115734720416125,0.9439480097481722,0.47852344679213743,0.9445828874576263
SVM,Anxiety_Stress,0.19115734720416125,0.9447603574329814,0.47843297955280645,0.9445828874576263
SVM,Anxiety_Stress,0.19245773732119636,0.9447603574329814,0.4732162599477494,0.9445828874576263
SVM,Anxiety_Stress,0.19245773732119636,0.9455727051177905,0.4721491467461384,0.9445828874576263
SVM,Anxiety_Stress,0.19375812743823148,0.9455727051177905,0.47008186593409046,0.9445828874576263
SVM,Anxiety_Stress,0.19375812743823148,0.9463850528025995,0.46402407400310797,0.9445828874576263
SVM,Anxiety_Stress,0.19635890767230169,0.9463850528025995,0.46121400815571906,0.9445828874576263
SVM,Anxiety_Stress,0.19635890767230169,0.9496344435418359,0.4538617890888898,0.9445828874576263
SVM,Anxiety_Stress,0.1976592977893368,0.9496344435418359,0.4473082715264803,0.9445828874576263
SVM,Anxiety_Stress,0.1976592977893368,0.9528838342810723,0.43311672276528385,0.9445828874576263
SVM,Anxiety_Stress,0.19895968790637192,0.9528838342810723,0.43292143625836715,0.9445828874576263
SVM,Anxiety_Stress,0.19895968790637192,0.9536961819658814,0.4317044526705652,0.9445828874576263
SVM,Anxiety_Stress,0.20156046814044212,0.9536961819658814,0.42781374257888155,0.9445828874576263
SVM,Anxiety_Stress,0.20156046814044212,0.9561332250203087,0.42324183708603547,0.9445828874576263
SVM,Anxiety_Stress,0.20416124837451236,0.9561332250203087,0.40125274012802414,0.9445828874576263
SVM,Anxiety_Stress,0.20416124837451236,0.9593826157595451,0.39795047671033745,0.9445828874576263
SVM,Anxiety_Stress,0.20546163849154747,0.9593826157595451,0.3952933124613869,0.9445828874576263
SVM,Anxiety_Stress,0.20546163849154747,0.9601949634443542,0.3947635976928932,0.9445828874576263
SVM,Anxiety_Stress,0.2067620286085826,0.9601949634443542,0.39376680760444666,0.9445828874576263
SVM,Anxiety_Stress,0.2067620286085826,0.9626320064987814,0.37643585955292336,0.9445828874576263
SVM,Anxiety_Stress,0.2093628088426528,0.9626320064987814,0.37095387065905305,0.9445828874576263
SVM,Anxiety_Stress,0.2093628088426528,0.9642567018683996,0.35948634716085953,0.9445828874576263
SVM,Anxiety_Stress,0.21196358907672302,0.9642567018683996,0.35137071220440186,0.9445828874576263
SVM,Anxiety_Stress,0.21196358907672302,0.9658813972380179,0.347845686335266,0.9445828874576263
SVM,Anxiety_Stress,0.21326397919375814,0.9658813972380179,0.34623092105886705,0.9445828874576263
SVM,Anxiety_Stress,0.21326397919375814,0.9675060926076361,0.33730378872098066,0.9445828874576263
SVM,Anxiety_Stress,0.21716514954486346,0.9675060926076361,0.3333961033391676,0.9445828874576263
SVM,Anxiety_Stress,0.21716514954486346,0.9683184402924452,0.3313237243138043,0.9445828874576263
SVM,Anxiety_Stress,0.2223667100130039,0.9683184402924452,0.320629531655157,0.9445828874576263
SVM,Anxiety_Stress,0.2223667100130039,0.9691307879772543,0.3200882677388731,0.9445828874576263
SVM,Anxiety_Stress,0.22366710013003901,0.9691307879772543,0.3161514360870734,0.9445828874576263
SVM,Anxiety_Stress,0.22366710013003901,0.9699431356620634,0.314045825328006,0.9445828874576263
SVM,Anxiety_Stress,0.22496749024707413,0.9699431356620634,0.29340062952987517,0.9445828874576263
SVM,Anxiety_Stress,0.22496749024707413,0.9715678310316815,0.29102907428584257,0.9445828874576263
SVM,Anxiety_Stress,0.22626788036410922,0.9715678310316815,0.2907712152470416,0.9445828874576263
SVM,Anxiety_Stress,0.22626788036410922,0.9723801787164906,0.2907333645086728,0.9445828874576263
SVM,Anxiety_Stress,0.22886866059817945,0.9723801787164906,0.28099171271995527,0.9445828874576263
SVM,Anxiety_Stress,0.22886866059817945,0.9731925264012997,0.2782507683569069,0.9445828874576263
SVM,Anxiety_Stress,0.23146944083224968,0.9731925264012997,0.2689542994862733,0.9445828874576263
SVM,Anxiety_Stress,0.23146944083224968,0.9740048740861088,0.2672163353399433,0.9445828874576263
SVM,Anxiety_Stress,0.23667100130039012,0.9740048740861088,0.2526593353003995,0.9445828874576263
SVM,Anxiety_Stress,0.23667100130039012,0.974817221770918,0.25075070732562693,0.9445828874576263
SVM,Anxiety_Stress,0.23797139141742524,0.974817221770918,0.24593957176491416,0.9445828874576263
SVM,Anxiety_Stress,0.23797139141742524,0.9756295694557271,0.23772104231744062,0.9445828874576263
SVM,Anxiety_Stress,0.23927178153446033,0.9756295694557271,0.23602879723442047,0.9445828874576263
SVM,Anxiety_Stress,0.23927178153446033,0.9764419171405362,0.23559367402565098,0.9445828874576263
SVM,Anxiety_Stress,0.24057217165149544,0.9764419171405362,0.2344316048483976,0.9445828874576263
SVM,Anxiety_Stress,0.24057217165149544,0.9772542648253453,0.23059934378623237,0.9445828874576263
SVM,Anxiety_Stress,0.24577373211963588,0.9772542648253453,0.22335720154042196,0.9445828874576263
SVM,Anxiety_Stress,0.24577373211963588,0.9788789601949635,0.21920665507865417,0.9445828874576263
SVM,Anxiety_Stress,0.247074122236671,0.9788789601949635,0.2187939511088036,0.9445828874576263
SVM,Anxiety_Stress,0.247074122236671,0.9796913078797725,0.2157949602276509,0.9445828874576263
SVM,Anxiety_Stress,0.25487646293888166,0.9796913078797725,0.20783288083738735,0.9445828874576263
SVM,Anxiety_Stress,0.25487646293888166,0.9805036555645816,0.20499881840937006,0.9445828874576263
SVM,Anxiety_Stress,0.2574772431729519,0.9805036555645816,0.19861515515488679,0.9445828874576263
SVM,Anxiety_Stress,0.2574772431729519,0.9821283509341998,0.1928562256282362,0.9445828874576263
SVM,Anxiety_Stress,0.258777633289987,0.9821283509341998,0.19252065272734725,0.9445828874576263
SVM,Anxiety_Stress,0.258777633289987,0.9829406986190089,0.18977107399725043,0.9445828874576263
SVM,Anxiety_Stress,0.26007802340702213,0.9829406986190089,0.18713986987686856,0.9445828874576263
SVM,Anxiety_Stress,0.26007802340702213,0.983753046303818,0.18317686555329443,0.9445828874576263
SVM,Anxiety_Stress,0.2613784135240572,0.983753046303818,0.18106438305578373,0.9445828874576263
SVM,Anxiety_Stress,0.2613784135240572,0.9845653939886271,0.178969026205795,0.9445828874576263
SVM,Anxiety_Stress,0.2626788036410923,0.9845653939886271,0.17616673763637844,0.9445828874576263
SVM,Anxiety_Stress,0.2626788036410923,0.9853777416734363,0.16890729756618858,0.9445828874576263
SVM,Anxiety_Stress,0.26397919375812745,0.9853777416734363,0.16861023265762531,0.9445828874576263
SVM,Anxiety_Stress,0.26397919375812745,0.9861900893582454,0.16845388735985636,0.9445828874576263
SVM,Anxiety_Stress,0.28608582574772434,0.9861900893582454,0.12282029207421738,0.9445828874576263
SVM,Anxiety_Stress,0.28608582574772434,0.9870024370430545,0.12042323063859815,0.9445828874576263
SVM,Anxiety_Stress,0.28998699609882966,0.9870024370430545,0.11248958724406666,0.9445828874576263
SVM,Anxiety_Stress,0.28998699609882966,0.9878147847278635,0.11119185161559914,0.9445828874576263
SVM,Anxiety_Stress,0.30039011703511054,0.9878147847278635,0.10422808657529466,0.9445828874576263
SVM,Anxiety_Stress,0.30039011703511054,0.9894394800974817,0.10023210632451901,0.9445828874576263
SVM,Anxiety_Stress,0.30429128738621586,0.9894394800974817,0.09871524781838178,0.9445828874576263
SVM,Anxiety_Stress,0.30429128738621586,0.9902518277822908,0.09863166409975711,0.9445828874576263
SVM,Anxiety_Stress,0.31729518855656696,0.9902518277822908,0.08617799051121564,0.9445828874576263
SVM,Anxiety_Stress,0.31729518855656696,0.9910641754670999,0.08445790591419598,0.9445828874576263
SVM,Anxiety_Stress,0.31859557867360205,0.9910641754670999,0.08367428710054158,0.9445828874576263
SVM,Anxiety_Stress,0.31859557867360205,0.991876523151909,0.08350391717799,0.9445828874576263
SVM,Anxiety_Stress,0.3250975292587776,0.991876523151909,0.0816729857711741,0.9445828874576263
SVM,Anxiety_Stress,0.3250975292587776,0.9935012185215272,0.07831013215173303,0.9445828874576263
SVM,Anxiety_Stress,0.32769830949284784,0.9935012185215272,0.07483814704183264,0.9445828874576263
SVM,Anxiety_Stress,0.32769830949284784,0.9943135662063363,0.07483642069734996,0.9445828874576263
SVM,Anxiety_Stress,0.33159947984395316,0.9943135662063363,0.06754423112839068,0.9445828874576263
SVM,Anxiety_Stress,0.33159947984395316,0.9951259138911455,0.06615153335310525,0.9445828874576263
SVM,Anxiety_Stress,0.3459037711313394,0.9951259138911455,0.057644514599890256,0.9445828874576263
SVM,Anxiety_Stress,0.3459037711313394,0.9967506092607636,0.05481528845866999,0.9445828874576263
SVM,Anxiety_Stress,0.37581274382314694,0.9967506092607636,0.03576841160057918,0.9445828874576263
SVM,Anxiety_Stress,0.37581274382314694,0.9975629569455727,0.03534003982736876,0.9445828874576263
SVM,Anxiety_Stress,0.38491547464239273,0.9975629569455727,0.03277864985684766,0.9445828874576263
SVM,Anxiety_Stress,0.38491547464239273,0.9983753046303818,0.031814624523553756,0.9445828874576263
SVM,Anxiety_Stress,0.41482444733420026,0.9983753046303818,0.02073568844408105,0.9445828874576263
SVM,Anxiety_Stress,0.41482444733420026,0.9991876523151909,0.020584835671150825,0.9445828874576263
SVM,Anxiety_Stress,0.43302990897269183,0.9991876523151909,0.01655421964662383,0.9445828874576263
SVM,Anxiety_Stress,0.43302990897269183,1.0,0.01548623553793746,0.9445828874576263
SVM,Anxiety_Stress,1.0,1.0,1.782488161206755e-14,0.9445828874576263
SVM,Burnout,0.0,0.0,inf,0.9731690395752898
SVM,Burnout,0.0,0.004464285714285714,0.9999998500150454,0.9731690395752898
SVM,Burnout,0.0,0.017857142857142856,0.9999998163290365,0.9731690395752898
SVM,Burnout,0.0005630630630630631,0.017857142857142856,0.9999997369815533,0.9731690395752898
SVM,Burnout,0.0005630630630630631,0.049107142857142856,0.9999990517561519,0.9731690395752898
SVM,Burnout,0.0011261261261261261,0.049107142857142856,0.9999989985322526,0.9731690395752898
SVM,Burnout,0.0011261261261261261,0.21875,0.999981837487424,0.9731690395752898
SVM,Burnout,0.0016891891891891893,0.21875,0.9999767337193718,0.9731690395752898
SVM,Burnout,0.0016891891891891893,0.24553571428571427,0.9999563577624075,0.9731690395752898
SVM,Burnout,0.0022522522522522522,0.24553571428571427,0.9999555245400374,0.9731690395752898
SVM,Burnout,0.0022522522522522522,0.2544642857142857,0.999944308876723,0.9731690395752898
SVM,Burnout,0.002815315315315315,0.2544642857142857,0.9999439205996943,0.9731690395752898
SVM,Burnout,0.002815315315315315,0.25892857142857145,0.9999419570731198,0.9731690395752898
SVM,Burnout,0.003941441441441441,0.25892857142857145,0.9999376494398277,0.9731690395752898
SVM,Burnout,0.003941441441441441,0.27232142857142855,0.9999241638585217,0.9731690395752898
SVM,Burnout,0.0045045045045045045,0.27232142857142855,0.9999176962684857,0.9731690395752898
SVM,Burnout,0.0045045045045045045,0.28125,0.9999046147689753,0.9731690395752898
SVM,Burnout,0.00563063063063063,0.28125,0.999900496026913,0.9731690395752898
SVM,Burnout,0.00563063063063063,0.3125,0.9998576493241649,0.9731690395752898
SVM,Burnout,0.006193693693693694,0.3125,0.9998518808369073,0.9731690395752898
SVM,Burnout,0.006193693693693694,0.32589285714285715,0.9998398214470967,0.9731690395752898
SVM,Burnout,0.006756756756756757,0.32589285714285715,0.9998314811780638,0.9731690395752898
SVM,Burnout,0.006756756756756757,0.375,0.9995658811793052,0.9731690395752898
SVM,Burnout,0.00731981981981982,0.375,0.9994922997566807,0.9731690395752898
SVM,Burnout,0.00731981981981982,0.3794642857142857,0.9994887250042495,0.9731690395752898
SVM,Burnout,0.008445945945945946,0.3794642857142857,0.9993363542035012,0.9731690395752898
SVM,Burnout,0.008445945945945946,0.38839285714285715,0.9992935240327734,0.9731690395752898
SVM,Burnout,0.009009009009009009,0.38839285714285715,0.9992535729580324,0.9731690395752898
SVM,Burnout,0.009009009009009009,0.4375,0.9983754306155523,0.9731690395752898
SVM,Burnout,0.010135135135135136,0.4375,0.998272382077548,0.9731690395752898
SVM,Burnout,0.010135135135135136,0.45535714285714285,0.997957642964357,0.9731690395752898
SVM,Burnout,0.010698198198198198,0.45535714285714285,0.9976227263372368,0.9731690395752898
SVM,Burnout,0.010698198198198198,0.48214285714285715,0.9967264945720603,0.9731690395752898
SVM,Burnout,0.01126126126126126,0.48214285714285715,0.9966688689379007,0.9731690395752898
SVM,Burnout,0.01126126126126126,0.48660714285714285,0.9965937043744197,0.9731690395752898
SVM,Burnout,0.011824324324324325,0.48660714285714285,0.9963894539121347,0.9731690395752898
SVM,Burnout,0.011824324324324325,0.49107142857142855,0.996296886075651,0.9731690395752898
SVM,Burnout,0.012387387387387387,0.49107142857142855,0.9961616046270297,0.9731690395752898
SVM,Burnout,0.012387387387387387,0.5267857142857143,0.9951170779828984,0.9731690395752898
SVM,Burnout,0.01295045045045045,0.5267857142857143,0.9950281772641278,0.9731690395752898
SVM,Burnout,0.01295045045045045,0.5892857142857143,0.9920433669698664,0.9731690395752898
SVM,Burnout,0.013513513513513514,0.5892857142857143,0.9920172356353429,0.9731690395752898
SVM,Burnout,0.013513513513513514,0.5982142857142857,0.9916941096050054,0.9731690395752898
SVM,Burnout,0.014076576576576577,0.5982142857142857,0.9909877395153279,0.9731690395752898
SVM,Burnout,0.014076576576576577,0.6071428571428571,0.9897128139499815,0.9731690395752898
SVM,Burnout,0.01463963963963964,0.6071428571428571,0.9891443421559947,0.9731690395752898
SVM,Burnout,0.01463963963963964,0.6607142857142857,0.9764514319377159,0.9731690395752898
SVM,Burnout,0.015765765765765764,0.6607142857142857,0.9758906026155804,0.9731690395752898
SVM,Burnout,0.015765765765765764,0.6696428571428571,0.9750649140512798,0.9731690395752898
SVM,Burnout,0.01632882882882883,0.6696428571428571,0.9732406429302307,0.9731690395752898
SVM,Burnout,0.01632882882882883,0.6830357142857143,0.9716721564314126,0.9731690395752898
SVM,Burnout,0.016891891891891893,0.6830357142857143,0.9699517303269866,0.9731690395752898
SVM,Burnout,0.016891891891891893,0.6919642857142857,0.9675098006801963,0.9731690395752898
SVM,Burnout,0.017454954954954954,0.6919642857142857,0.9671071679157797,0.9731690395752898
SVM,Burnout,0.017454954954954954,0.7142857142857143,0.9495288568935689,0.9731690395752898
SVM,Burnout,0.018018018018018018,0.7142857142857143,0.9472783831345276,0.9731690395752898
SVM,Burnout,0.018018018018018018,0.7276785714285714,0.9337910962263591,0.9731690395752898
SVM,Burnout,0.018581081081081082,0.7276785714285714,0.9242953099464277,0.9731690395752898
SVM,Burnout,0.018581081081081082,0.7321428571428571,0.9162813166679977,0.9731690395752898
SVM,Burnout,0.019707207207207207,0.7321428571428571,0.8959896562743356,0.9731690395752898
SVM,Burnout,0.019707207207207207,0.7589285714285714,0.851725405717525,0.9731690395752898
SVM,Burnout,0.02027027027027027,0.7589285714285714,0.8423118268408829,0.9731690395752898
SVM,Burnout,0.02027027027027027,0.7633928571428571,0.8421445173353468,0.9731690395752898
SVM,Burnout,0.020833333333333332,0.7633928571428571,0.8392503373993293,0.9731690395752898
SVM,Burnout,0.020833333333333332,0.78125,0.8210749123218686,0.9731690395752898
SVM,Burnout,0.021396396396396396,0.78125,0.816049965883237,0.9731690395752898
SVM,Burnout,0.021396396396396396,0.8214285714285714,0.7518918307955517,0.9731690395752898
SVM,Burnout,0.02195945945945946,0.8214285714285714,0.7512642718182312,0.9731690395752898
SVM,Burnout,0.02195945945945946,0.8258928571428571,0.7383424584747381,0.9731690395752898
SVM,Burnout,0.02252252252252252,0.8258928571428571,0.7324278618416659,0.9731690395752898
SVM,Burnout,0.02252252252252252,0.8392857142857143,0.7170965039349799,0.9731690395752898
SVM,Burnout,0.023085585585585586,0.8392857142857143,0.7162071916984636,0.9731690395752898
SVM,Burnout,0.023085585585585586,0.84375,0.6749890116628459,0.9731690395752898
SVM,Burnout,0.02364864864864865,0.84375,0.671820657619035,0.9731690395752898
SVM,Burnout,0.02364864864864865,0.8571428571428571,0.6502698738321051,0.9731690395752898
SVM,Burnout,0.02421171171171171,0.8571428571428571,0.6239055501144022,0.9731690395752898
SVM,Burnout,0.02421171171171171,0.8616071428571429,0.6227636438936205,0.9731690395752898
SVM,Burnout,0.02533783783783784,0.8616071428571429,0.5938826557955916,0.9731690395752898
SVM,Burnout,0.02533783783783784,0.8660714285714286,0.5911557142816843,0.9731690395752898
SVM,Burnout,0.0259009009009009,0.8660714285714286,0.5823106158912761,0.9731690395752898
SVM,Burnout,0.0259009009009009,0.8705357142857143,0.5611908320647504,0.9731690395752898
SVM,Burnout,0.028153153153153154,0.8705357142857143,0.47786290213961763,0.9731690395752898
SVM,Burnout,0.028153153153153154,0.875,0.4227423038734605,0.9731690395752898
SVM,Burnout,0.02927927927927928,0.875,0.38616462772271126,0.9731690395752898
SVM,Burnout,0.02927927927927928,0.8883928571428571,0.3182868796705113,0.9731690395752898
SVM,Burnout,0.030968468468468468,0.8883928571428571,0.30781791351180343,0.9731690395752898
SVM,Burnout,0.030968468468468468,0.8973214285714286,0.29883838841055843,0.9731690395752898
SVM,Burnout,0.03153153153153153,0.8973214285714286,0.29595338500226426,0.9731690395752898
SVM,Burnout,0.03153153153153153,0.9017857142857143,0.2880126890693655,0.9731690395752898
SVM,Burnout,0.03322072072072072,0.9017857142857143,0.20677099500834836,0.9731690395752898
SVM,Burnout,0.03322072072072072,0.9151785714285714,0.18471618036253837,0.9731690395752898
SVM,Burnout,0.036036036036036036,0.9151785714285714,0.1371068662610263,0.9731690395752898
SVM,Burnout,0.036036036036036036,0.9375,0.09825144188750871,0.9731690395752898
SVM,Burnout,0.04054054054054054,0.9375,0.07862675801441565,0.9731690395752898
SVM,Burnout,0.04054054054054054,0.9419642857142857,0.07681777196687009,0.9731690395752898
SVM,Burnout,0.041666666666666664,0.9419642857142857,0.06974770778479411,0.9731690395752898
SVM,Burnout,0.041666666666666664,0.9464285714285714,0.06819125090597755,0.9731690395752898
SVM,Burnout,0.04222972972972973,0.9464285714285714,0.066585195137485,0.9731690395752898
SVM,Burnout,0.04222972972972973,0.9508928571428571,0.06514842421308194,0.9731690395752898
SVM,Burnout,0.0472972972972973,0.9508928571428571,0.03929840393104405,0.9731690395752898
SVM,Burnout,0.0472972972972973,0.9553571428571429,0.038655809381670014,0.9731690395752898
SVM,Burnout,0.05518018018018018,0.9553571428571429,0.022128759762646832,0.9731690395752898
SVM,Burnout,0.05518018018018018,0.9598214285714286,0.022026607727598995,0.9731690395752898
SVM,Burnout,0.06024774774774775,0.9598214285714286,0.016564923334839814,0.9731690395752898
SVM,Burnout,0.06024774774774775,0.9642857142857143,0.015573229149186324,0.9731690395752898
SVM,Burnout,0.06306306306306306,0.9642857142857143,0.014510378971739695,0.9731690395752898
SVM,Burnout,0.06306306306306306,0.96875,0.014497442972252528,0.9731690395752898
SVM,Burnout,0.07995495495495496,0.96875,0.008122969828285708,0.9731690395752898
SVM,Burnout,0.07995495495495496,0.9732142857142857,0.008117767115689015,0.9731690395752898
SVM,Burnout,0.08277027027027027,0.9732142857142857,0.007768331332690081,0.9731690395752898
SVM,Burnout,0.08277027027027027,0.9776785714285714,0.007727405775315345,0.9731690395752898
SVM,Burnout,0.10698198198198199,0.9776785714285714,0.003587819171923486,0.9731690395752898
SVM,Burnout,0.10698198198198199,0.9821428571428571,0.0035871774921219656,0.9731690395752898
SVM,Burnout,0.178490990990991,0.9821428571428571,0.0005610970243068698,0.9731690395752898
SVM,Burnout,0.178490990990991,0.9866071428571429,0.0005607857815338662,0.9731690395752898
SVM,Burnout,0.8468468468468469,0.9866071428571429,1.8193580555244067e-06,0.9731690395752898
SVM,Burnout,0.8468468468468469,0.9910714285714286,1.814064253617864e-06,0.9731690395752898
SVM,Burnout,0.9628378378378378,0.9910714285714286,2.548190395200705e-07,0.9731690395752898
SVM,Burnout,0.9628378378378378,0.9955357142857143,2.4038329500803556e-07,0.9731690395752898
SVM,Burnout,0.9853603603603603,0.9955357142857143,9.474086972601216e-08,0.9731690395752898
SVM,Burnout,0.9853603603603603,1.0,9.123805164765886e-08,0.9731690395752898
SVM,Burnout,1.0,1.0,7.05325982204959e-11,0.9731690395752898
SVM,Mood,0.0,0.0,inf,0.9395951107341254
SVM,Mood,0.0,0.002652519893899204,0.9999999602241693,0.9395951107341254
SVM,Mood,0.0,0.3952254641909814,0.9821303720609935,0.9395951107341254
SVM,Mood,0.0006161429451632779,0.3952254641909814,0.9821055614561913,0.9395951107341254
SVM,Mood,0.0006161429451632779,0.40848806366047746,0.9789130160586534,0.9395951107341254
SVM,Mood,0.0012322858903265558,0.40848806366047746,0.9787065587129063,0.9395951107341254
SVM,Mood,0.0012322858903265558,0.4509283819628647,0.9676293648270908,0.9395951107341254
SVM,Mood,0.0018484288354898336,0.4509283819628647,0.9673888439157915,0.9395951107341254
SVM,Mood,0.0018484288354898336,0.46949602122015915,0.9647401950689111,0.9395951107341254
SVM,Mood,0.0024645717806531116,0.46949602122015915,0.9640142701027913,0.9395951107341254
SVM,Mood,0.0024645717806531116,0.5092838196286472,0.9515855400553621,0.9395951107341254
SVM,Mood,0.0030807147258163892,0.5092838196286472,0.9509982077609691,0.9395951107341254
SVM,Mood,0.0030807147258163892,0.5278514588859416,0.9449330585994964,0.9395951107341254
SVM,Mood,0.004313000616142945,0.5278514588859416,0.9443696237861833,0.9395951107341254
SVM,Mood,0.004313000616142945,0.5517241379310345,0.9307973700900236,0.9395951107341254
SVM,Mood,0.004929143561306223,0.5517241379310345,0.9302050055956211,0.9395951107341254
SVM,Mood,0.004929143561306223,0.5623342175066313,0.9253329379415521,0.9395951107341254
SVM,Mood,0.005545286506469501,0.5623342175066313,0.9240174142263435,0.9395951107341254
SVM,Mood,0.005545286506469501,0.5729442970822282,0.9210429263129503,0.9395951107341254
SVM,Mood,0.0061614294516327784,0.5729442970822282,0.9197191191342265,0.9395951107341254
SVM,Mood,0.0061614294516327784,0.5755968169761273,0.9176559590225963,0.9395951107341254
SVM,Mood,0.006777572396796057,0.5755968169761273,0.9164133093064788,0.9395951107341254
SVM,Mood,0.006777572396796057,0.583554376657825,0.910399866891817,0.9395951107341254
SVM,Mood,0.0073937153419593345,0.583554376657825,0.9097740110906714,0.9395951107341254
SVM,Mood,0.0073937153419593345,0.5862068965517241,0.9083299899383726,0.9395951107341254
SVM,Mood,0.008009858287122612,0.5862068965517241,0.9079807828412472,0.9395951107341254
SVM,Mood,0.008009858287122612,0.596816976127321,0.8989835515751137,0.9395951107341254
SVM,Mood,0.009242144177449169,0.596816976127321,0.8986579368480091,0.9395951107341254
SVM,Mood,0.009242144177449169,0.6021220159151194,0.8977618622329623,0.9395951107341254
SVM,Mood,0.009858287122612447,0.6021220159151194,0.8975464784009743,0.9395951107341254
SVM,Mood,0.009858287122612447,0.6206896551724138,0.8914789057780789,0.9395951107341254
SVM,Mood,0.010474430067775724,0.6206896551724138,0.8883241859781714,0.9395951107341254
SVM,Mood,0.010474430067775724,0.6286472148541115,0.8833647570277849,0.9395951107341254
SVM,Mood,0.011090573012939002,0.6286472148541115,0.8787202221737871,0.9395951107341254
SVM,Mood,0.011090573012939002,0.6392572944297082,0.8675756500001526,0.9395951107341254
SVM,Mood,0.01170671595810228,0.6392572944297082,0.8631064902583331,0.9395951107341254
SVM,Mood,0.01170671595810228,0.6525198938992043,0.8292011229435936,0.9395951107341254
SVM,Mood,0.012322858903265557,0.6525198938992043,0.8282591643706358,0.9395951107341254
SVM,Mood,0.012322858903265557,0.6604774535809018,0.823715735710516,0.9395951107341254
SVM,Mood,0.012939001848428836,0.6604774535809018,0.8209102032132536,0.9395951107341254
SVM,Mood,0.012939001848428836,0.6657824933687002,0.8103764565050147,0.9395951107341254
SVM,Mood,0.015403573629081947,0.6657824933687002,0.8023612986169661,0.9395951107341254
SVM,Mood,0.015403573629081947,0.6790450928381963,0.7876873284639363,0.9395951107341254
SVM,Mood,0.0166358595194085,0.6790450928381963,0.7822899075214469,0.9395951107341254
SVM,Mood,0.0166358595194085,0.6816976127320955,0.7810071566033376,0.9395951107341254
SVM,Mood,0.01725200246457178,0.6816976127320955,0.7806853412215693,0.9395951107341254
SVM,Mood,0.01725200246457178,0.6843501326259946,0.779656561598691,0.9395951107341254
SVM,Mood,0.017868145409735057,0.6843501326259946,0.7771604786754712,0.9395951107341254
SVM,Mood,0.017868145409735057,0.6870026525198939,0.7757204476791631,0.9395951107341254
SVM,Mood,0.018484288354898338,0.6870026525198939,0.7693106265319014,0.9395951107341254
SVM,Mood,0.018484288354898338,0.6949602122015915,0.764115954656047,0.9395951107341254
SVM,Mood,0.019716574245224893,0.6949602122015915,0.7619987827422239,0.9395951107341254
SVM,Mood,0.019716574245224893,0.7029177718832891,0.7555352177757296,0.9395951107341254
SVM,Mood,0.02033271719038817,0.7029177718832891,0.7483195230379228,0.9395951107341254
SVM,Mood,0.02033271719038817,0.7188328912466844,0.7221552564336158,0.9395951107341254
SVM,Mood,0.021565003080714726,0.7188328912466844,0.7087684429203317,0.9395951107341254
SVM,Mood,0.021565003080714726,0.7294429708222812,0.6867231115680825,0.9395951107341254
SVM,Mood,0.022181146025878003,0.7294429708222812,0.6857796391901487,0.9395951107341254
SVM,Mood,0.022181146025878003,0.7320954907161804,0.6832219421641051,0.9395951107341254
SVM,Mood,0.024029574861367836,0.7320954907161804,0.6683372358417321,0.9395951107341254
SVM,Mood,0.024029574861367836,0.7347480106100795,0.6673462415136346,0.9395951107341254
SVM,Mood,0.024645717806531114,0.7347480106100795,0.6663746961435469,0.9395951107341254
SVM,Mood,0.024645717806531114,0.7374005305039788,0.6658584143975648,0.9395951107341254
SVM,Mood,0.028342575477510783,0.7374005305039788,0.6504744633731702,0.9395951107341254
SVM,Mood,0.028342575477510783,0.7427055702917772,0.6407246950421139,0.9395951107341254
SVM,Mood,0.02895871842267406,0.7427055702917772,0.6367451557529065,0.9395951107341254
SVM,Mood,0.02895871842267406,0.7453580901856764,0.6329535355103668,0.9395951107341254
SVM,Mood,0.031423290203327174,0.7453580901856764,0.6162475060191372,0.9395951107341254
SVM,Mood,0.031423290203327174,0.7480106100795756,0.6044038423114843,0.9395951107341254
SVM,Mood,0.03265557609365373,0.7480106100795756,0.59975689987874,0.9395951107341254
SVM,Mood,0.03265557609365373,0.7506631299734748,0.5993764547819297,0.9395951107341254
SVM,Mood,0.033271719038817,0.7506631299734748,0.5960211614352338,0.9395951107341254
SVM,Mood,0.033271719038817,0.753315649867374,0.587607996130786,0.9395951107341254
SVM,Mood,0.03512014787430684,0.753315649867374,0.5719590792350304,0.9395951107341254
SVM,Mood,0.03512014787430684,0.7559681697612732,0.5685165377024646,0.9395951107341254
SVM,Mood,0.035736290819470114,0.7559681697612732,0.5670577908353944,0.9395951107341254
SVM,Mood,0.035736290819470114,0.7586206896551724,0.5662605572505117,0.9395951107341254
SVM,Mood,0.03758471965495995,0.7586206896551724,0.5572313608229849,0.9395951107341254
SVM,Mood,0.03758471965495995,0.7639257294429708,0.5472448474737746,0.9395951107341254
SVM,Mood,0.039433148490449786,0.7639257294429708,0.5392884328499136,0.9395951107341254
SVM,Mood,0.039433148490449786,0.76657824933687,0.5385033068504212,0.9395951107341254
SVM,Mood,0.04004929143561306,0.76657824933687,0.535856771753495,0.9395951107341254
SVM,Mood,0.04004929143561306,0.7692307692307693,0.5300095163225448,0.9395951107341254
SVM,Mood,0.04251386321626617,0.7692307692307693,0.5199704841822318,0.9395951107341254
SVM,Mood,0.04251386321626617,0.7718832891246684,0.5135257491406189,0.9395951107341254
SVM,Mood,0.04374614910659273,0.7718832891246684,0.5047845394358496,0.9395951107341254
SVM,Mood,0.04374614910659273,0.7745358090185677,0.5041869924799239,0.9395951107341254
SVM,Mood,0.04436229205175601,0.7745358090185677,0.49500262654810023,0.9395951107341254
SVM,Mood,0.04436229205175601,0.7771883289124668,0.49014991165387123,0.9395951107341254
SVM,Mood,0.04497843499691929,0.7771883289124668,0.4899719472066528,0.9395951107341254
SVM,Mood,0.04497843499691929,0.7824933687002652,0.4829166243374791,0.9395951107341254
SVM,Mood,0.04559457794208256,0.7824933687002652,0.48169471148723625,0.9395951107341254
SVM,Mood,0.04559457794208256,0.7851458885941645,0.4811119879996909,0.9395951107341254
SVM,Mood,0.0474430067775724,0.7851458885941645,0.4681790637755429,0.9395951107341254
SVM,Mood,0.0474430067775724,0.7904509283819628,0.4651009680675704,0.9395951107341254
SVM,Mood,0.04990757855822551,0.7904509283819628,0.45636782956502375,0.9395951107341254
SVM,Mood,0.04990757855822551,0.7931034482758621,0.45355920996324134,0.9395951107341254
SVM,Mood,0.056069008009858284,0.7931034482758621,0.4369816269945948,0.9395951107341254
SVM,Mood,0.056069008009858284,0.8063660477453581,0.4247580017985381,0.9395951107341254
SVM,Mood,0.056685150955021565,0.8063660477453581,0.42223842788230953,0.9395951107341254
SVM,Mood,0.056685150955021565,0.8090185676392573,0.41705349110475093,0.9395951107341254
SVM,Mood,0.05791743684534812,0.8090185676392573,0.41182053576004507,0.9395951107341254
SVM,Mood,0.05791743684534812,0.8143236074270557,0.406122370583306,0.9395951107341254
SVM,Mood,0.06099815157116451,0.8143236074270557,0.37681736715974806,0.9395951107341254
SVM,Mood,0.06099815157116451,0.8169761273209549,0.37513477737087303,0.9395951107341254
SVM,Mood,0.06531115218730746,0.8169761273209549,0.3596563008412181,0.9395951107341254
SVM,Mood,0.06531115218730746,0.8196286472148541,0.3549931489214548,0.9395951107341254
SVM,Mood,0.07085643869377696,0.8196286472148541,0.3222311782990365,0.9395951107341254
SVM,Mood,0.07085643869377696,0.8222811671087533,0.32157684777182766,0.9395951107341254
SVM,Mood,0.07208872458410351,0.8222811671087533,0.3145571637404963,0.9395951107341254
SVM,Mood,0.07208872458410351,0.8249336870026526,0.31039955912586525,0.9395951107341254
SVM,Mood,0.07455329636475662,0.8249336870026526,0.30073317110285464,0.9395951107341254
SVM,Mood,0.07455329636475662,0.8275862068965517,0.3003236406479055,0.9395951107341254
SVM,Mood,0.0751694393099199,0.8275862068965517,0.2990247635458827,0.9395951107341254
SVM,Mood,0.0751694393099199,0.830238726790451,0.29723683806799656,0.9395951107341254
SVM,Mood,0.08317929759704251,0.830238726790451,0.2607323065224105,0.9395951107341254
SVM,Mood,0.08317929759704251,0.8328912466843501,0.26057247395660044,0.9395951107341254
SVM,Mood,0.08502772643253234,0.8328912466843501,0.2534861452435607,0.9395951107341254
SVM,Mood,0.08502772643253234,0.8408488063660478,0.2529029097693207,0.9395951107341254
SVM,Mood,0.08995686999383858,0.8408488063660478,0.24387876830527128,0.9395951107341254
SVM,Mood,0.08995686999383858,0.843501326259947,0.24319966120067987,0.9395951107341254
SVM,Mood,0.10104744300677758,0.843501326259947,0.21151082759033696,0.9395951107341254
SVM,Mood,0.10104744300677758,0.8461538461538461,0.2109056283387863,0.9395951107341254
SVM,Mood,0.1059765865680838,0.8461538461538461,0.19778136686440784,0.9395951107341254
SVM,Mood,0.1059765865680838,0.8514588859416445,0.19410098679745894,0.9395951107341254
SVM,Mood,0.11337030191004313,0.8514588859416445,0.1804008951376019,0.9395951107341254
SVM,Mood,0.11337030191004313,0.8541114058355438,0.17991636566002248,0.9395951107341254
SVM,Mood,0.12076401725200246,0.8541114058355438,0.16510939059812332,0.9395951107341254
SVM,Mood,0.12076401725200246,0.8567639257294429,0.1650263813040384,0.9395951107341254
SVM,Mood,0.13062230437461492,0.8567639257294429,0.14943235987926762,0.9395951107341254
SVM,Mood,0.13062230437461492,0.8620689655172413,0.14885772726773858,0.9395951107341254
SVM,Mood,0.133086876155268,0.8620689655172413,0.14570877324767578,0.9395951107341254
SVM,Mood,0.133086876155268,0.8647214854111406,0.14564724407312538,0.9395951107341254
SVM,Mood,0.1337030191004313,0.8647214854111406,0.14519368254598347,0.9395951107341254
SVM,Mood,0.1337030191004313,0.870026525198939,0.1438859656706276,0.9395951107341254
SVM,Mood,0.13431916204559458,0.870026525198939,0.14366435349430443,0.9395951107341254
SVM,Mood,0.13431916204559458,0.8726790450928382,0.14296477248595987,0.9395951107341254
SVM,Mood,0.1398644485520641,0.8726790450928382,0.13839324894720276,0.9395951107341254
SVM,Mood,0.1398644485520641,0.8753315649867374,0.13762644015629516,0.9395951107341254
SVM,Mood,0.14540973505853358,0.8753315649867374,0.12982857775127168,0.9395951107341254
SVM,Mood,0.14540973505853358,0.8779840848806366,0.12826260737160444,0.9395951107341254
SVM,Mood,0.15403573629081946,0.8779840848806366,0.11547735771603337,0.9395951107341254
SVM,Mood,0.15403573629081946,0.8806366047745358,0.11538529666983102,0.9395951107341254
SVM,Mood,0.1645101663585952,0.8806366047745358,0.10473697309120789,0.9395951107341254
SVM,Mood,0.1645101663585952,0.883289124668435,0.10471730902029536,0.9395951107341254
SVM,Mood,0.18176216882316698,0.883289124668435,0.09165808615586338,0.9395951107341254
SVM,Mood,0.18176216882316698,0.8859416445623343,0.09107236895126183,0.9395951107341254
SVM,Mood,0.18422674060382008,0.8859416445623343,0.09001292699136544,0.9395951107341254
SVM,Mood,0.18422674060382008,0.8885941644562334,0.08945423782149181,0.9395951107341254
SVM,Mood,0.18545902649414664,0.8885941644562334,0.08897251784302035,0.9395951107341254
SVM,Mood,0.18545902649414664,0.8912466843501327,0.08886062537273468,0.9395951107341254
SVM,Mood,0.1866913123844732,0.8912466843501327,0.08757064619520914,0.9395951107341254
SVM,Mood,0.1866913123844732,0.8938992042440318,0.08705894774688899,0.9395951107341254
SVM,Mood,0.1891558841651263,0.8938992042440318,0.08420797081673426,0.9395951107341254
SVM,Mood,0.1891558841651263,0.896551724137931,0.08411245276555851,0.9395951107341254
SVM,Mood,0.21318545902649413,0.896551724137931,0.06289512735309727,0.9395951107341254
SVM,Mood,0.21318545902649413,0.8992042440318302,0.06265921105638436,0.9395951107341254
SVM,Mood,0.21873074553296365,0.8992042440318302,0.061441966423628196,0.9395951107341254
SVM,Mood,0.21873074553296365,0.9018567639257294,0.06144114934145475,0.9395951107341254
SVM,Mood,0.22489217498459643,0.9018567639257294,0.05963416348529275,0.9395951107341254
SVM,Mood,0.22489217498459643,0.9045092838196287,0.059552669540880815,0.9395951107341254
SVM,Mood,0.2335181762168823,0.9045092838196287,0.057116347664424305,0.9395951107341254
SVM,Mood,0.2335181762168823,0.9071618037135278,0.05699698984759047,0.9395951107341254
SVM,Mood,0.2396796056685151,0.9071618037135278,0.053499523921567066,0.9395951107341254
SVM,Mood,0.2396796056685151,0.9098143236074271,0.053296565554843,0.9395951107341254
SVM,Mood,0.24029574861367836,0.9098143236074271,0.05314312628511692,0.9395951107341254
SVM,Mood,0.24029574861367836,0.9124668435013262,0.0527558225835968,0.9395951107341254
SVM,Mood,0.25077017868145407,0.9124668435013262,0.04824870916691989,0.9395951107341254
SVM,Mood,0.25077017868145407,0.9151193633952255,0.047761571926164204,0.9395951107341254
SVM,Mood,0.26863832409118915,0.9151193633952255,0.04086354766876321,0.9395951107341254
SVM,Mood,0.26863832409118915,0.9177718832891246,0.04060028024392185,0.9395951107341254
SVM,Mood,0.28034504004929145,0.9177718832891246,0.037817487057855884,0.9395951107341254
SVM,Mood,0.28034504004929145,0.9204244031830239,0.03774483577712058,0.9395951107341254
SVM,Mood,0.3185459026494147,0.9204244031830239,0.03068267739486301,0.9395951107341254
SVM,Mood,0.3185459026494147,0.9230769230769231,0.030586721486860462,0.9395951107341254
SVM,Mood,0.3203943314849045,0.9230769230769231,0.030088188168371142,0.9395951107341254
SVM,Mood,0.3203943314849045,0.9257294429708223,0.030080935140212806,0.9395951107341254
SVM,Mood,0.32101047443006775,0.9257294429708223,0.029997438006197672,0.9395951107341254
SVM,Mood,0.32101047443006775,0.9283819628647215,0.02994889074095137,0.9395951107341254
SVM,Mood,0.32532347504621073,0.9283819628647215,0.02982222243938806,0.9395951107341254
SVM,Mood,0.32532347504621073,0.9310344827586207,0.02961791357647178,0.9395951107341254
SVM,Mood,0.3284041897720271,0.9310344827586207,0.02895967426707507,0.9395951107341254
SVM,Mood,0.3284041897720271,0.9336870026525199,0.028887503203444888,0.9395951107341254
SVM,Mood,0.3314849044978435,0.9336870026525199,0.028412761097582624,0.9395951107341254
SVM,Mood,0.3314849044978435,0.9363395225464191,0.028385277681504097,0.9395951107341254
SVM,Mood,0.34442390634627235,0.9363395225464191,0.02644494293548298,0.9395951107341254
SVM,Mood,0.34442390634627235,0.9389920424403183,0.026416986441431877,0.9395951107341254
SVM,Mood,0.3450400492914356,0.9389920424403183,0.026360088522930772,0.9395951107341254
SVM,Mood,0.3450400492914356,0.9416445623342176,0.026334919765818292,0.9395951107341254
SVM,Mood,0.34996919285274186,0.9416445623342176,0.025493805928769795,0.9395951107341254
SVM,Mood,0.34996919285274186,0.9442970822281167,0.025437507550289055,0.9395951107341254
SVM,Mood,0.35181762168823166,0.9442970822281167,0.025049094897304534,0.9395951107341254
SVM,Mood,0.35181762168823166,0.946949602122016,0.025031138852384453,0.9395951107341254
SVM,Mood,0.35304990757855825,0.946949602122016,0.024961294240810013,0.9395951107341254
SVM,Mood,0.35304990757855825,0.9496021220159151,0.02486879385067369,0.9395951107341254
SVM,Mood,0.42637091805298827,0.9496021220159151,0.015961902843262345,0.9395951107341254
SVM,Mood,0.42637091805298827,0.9522546419098143,0.0158118014141673,0.9395951107341254
SVM,Mood,0.4349969192852742,0.9522546419098143,0.01504265028989282,0.9395951107341254
SVM,Mood,0.4349969192852742,0.9549071618037135,0.0149289930938062,0.9395951107341254
SVM,Mood,0.43930991990141716,0.9549071618037135,0.014477340491839652,0.9395951107341254
SVM,Mood,0.43930991990141716,0.9575596816976127,0.01445759964696917,0.9395951107341254
SVM,Mood,0.44731977818853974,0.9575596816976127,0.013967485087966122,0.9395951107341254
SVM,Mood,0.44731977818853974,0.9602122015915119,0.013915927553650884,0.9395951107341254
SVM,Mood,0.45040049291435613,0.9602122015915119,0.013629211338224628,0.9395951107341254
SVM,Mood,0.45040049291435613,0.9628647214854111,0.013611518106425783,0.9395951107341254
SVM,Mood,0.4571780653111522,0.9628647214854111,0.013126148438484779,0.9395951107341254
SVM,Mood,0.4571780653111522,0.9655172413793104,0.013108214011303599,0.9395951107341254
SVM,Mood,0.4953789279112754,0.9655172413793104,0.010893292788011814,0.9395951107341254
SVM,Mood,0.4953789279112754,0.9681697612732095,0.01079975451395258,0.9395951107341254
SVM,Mood,0.5083179297597042,0.9681697612732095,0.00973479074213248,0.9395951107341254
SVM,Mood,0.5083179297597042,0.9708222811671088,0.009522737259808565,0.9395951107341254
SVM,Mood,0.5113986444855206,0.9708222811671088,0.009187054594499335,0.9395951107341254
SVM,Mood,0.5113986444855206,0.9734748010610079,0.00917077301892448,0.9395951107341254
SVM,Mood,0.5150955021565004,0.9734748010610079,0.009004191834505173,0.9395951107341254
SVM,Mood,0.5150955021565004,0.9761273209549072,0.009001926744976572,0.9395951107341254
SVM,Mood,0.55637707948244,0.9761273209549072,0.007166785506918941,0.9395951107341254
SVM,Mood,0.55637707948244,0.9787798408488063,0.00705406534556307,0.9395951107341254
SVM,Mood,0.6019716574245225,0.9787798408488063,0.005336518851618334,0.9395951107341254
SVM,Mood,0.6019716574245225,0.9814323607427056,0.005312971541186767,0.9395951107341254
SVM,Mood,0.618607516943931,0.9814323607427056,0.0048302521111214065,0.9395951107341254
SVM,Mood,0.618607516943931,0.9840848806366048,0.0048212573128595445,0.9395951107341254
SVM,Mood,0.6605052372150338,0.9840848806366048,0.0036725944162587327,0.9395951107341254
SVM,Mood,0.6605052372150338,0.986737400530504,0.0036665771992168963,0.9395951107341254
SVM,Mood,0.6678989525569933,0.986737400530504,0.0034539294072395456,0.9395951107341254
SVM,Mood,0.6678989525569933,0.9893899204244032,0.003453454626333631,0.9395951107341254
SVM,Mood,0.7443006777572396,0.9893899204244032,0.002016126208103732,0.9395951107341254
SVM,Mood,0.7443006777572396,0.9920424403183024,0.0020105199059970405,0.9395951107341254
SVM,Mood,0.758471965495995,0.9920424403183024,0.0017869400800992273,0.9395951107341254
SVM,Mood,0.758471965495995,0.9946949602122016,0.0017852986548884205,0.9395951107341254
SVM,Mood,0.7689463955637708,0.9946949602122016,0.0016332425501739854,0.9395951107341254
SVM,Mood,0.7689463955637708,0.9973474801061007,0.001627801193419557,0.9395951107341254
SVM,Mood,0.8083795440542206,0.9973474801061007,0.001137044420621415,0.9395951107341254
SVM,Mood,0.8083795440542206,1.0,0.0011319409522224644,0.9395951107341254
SVM,Mood,1.0,1.0,3.575316938183107e-08,0.9395951107341254
SVM,Multiple,0.0,0.0,inf,0.9054293592436975
SVM,Multiple,0.0,0.010416666666666666,0.9999998381644212,0.9054293592436975
SVM,Multiple,0.0,0.020833333333333332,0.9999997868963553,0.9054293592436975
SVM,Multiple,0.0005252100840336134,0.020833333333333332,0.9999997732274218,0.9054293592436975
SVM,Multiple,0.0005252100840336134,0.03125,0.9999997356538027,0.9054293592436975
SVM,Multiple,0.0015756302521008404,0.03125,0.9999954289208961,0.9054293592436975
SVM,Multiple,0.0015756302521008404,0.0625,0.9987966684658585,0.9054293592436975
SVM,Multiple,0.0021008403361344537,0.0625,0.9987518805345657,0.9054293592436975
SVM,Multiple,0.0021008403361344537,0.20833333333333334,0.9854000052663872,0.9054293592436975
SVM,Multiple,0.0026260504201680674,0.20833333333333334,0.9842378770283725,0.9054293592436975
SVM,Multiple,0.0026260504201680674,0.22916666666666666,0.97984700657071,0.9054293592436975
SVM,Multiple,0.0031512605042016808,0.22916666666666666,0.9797412976548586,0.9054293592436975
SVM,Multiple,0.0031512605042016808,0.28125,0.9735929853770937,0.9054293592436975
SVM,Multiple,0.003676470588235294,0.28125,0.9729218738241594,0.9054293592436975
SVM,Multiple,0.003676470588235294,0.2916666666666667,0.9693704652460974,0.9054293592436975
SVM,Multiple,0.004201680672268907,0.2916666666666667,0.9684185522877597,0.9054293592436975
SVM,Multiple,0.004201680672268907,0.3229166666666667,0.9625342127151046,0.9054293592436975
SVM,Multiple,0.005252100840336135,0.3229166666666667,0.9520419191090802,0.9054293592436975
SVM,Multiple,0.005252100840336135,0.3541666666666667,0.916619064421569,0.9054293592436975
SVM,Multiple,0.005777310924369748,0.3541666666666667,0.9119993426619647,0.9054293592436975
SVM,Multiple,0.005777310924369748,0.3645833333333333,0.9059820129271708,0.9054293592436975
SVM,Multiple,0.0063025210084033615,0.3645833333333333,0.8990274055777941,0.9054293592436975
SVM,Multiple,0.0063025210084033615,0.375,0.894624871676124,0.9054293592436975
SVM,Multiple,0.008403361344537815,0.375,0.8811473232961895,0.9054293592436975
SVM,Multiple,0.008403361344537815,0.4166666666666667,0.8420250213286774,0.9054293592436975
SVM,Multiple,0.008928571428571428,0.4166666666666667,0.8046651540849044,0.9054293592436975
SVM,Multiple,0.008928571428571428,0.4375,0.7761779907036533,0.9054293592436975
SVM,Multiple,0.009978991596638655,0.4375,0.7009478761448774,0.9054293592436975
SVM,Multiple,0.009978991596638655,0.4583333333333333,0.6895090406113497,0.9054293592436975
SVM,Multiple,0.01050420168067227,0.4583333333333333,0.671452917059402,0.9054293592436975
SVM,Multiple,0.01050420168067227,0.4895833333333333,0.5056823592560062,0.9054293592436975
SVM,Multiple,0.011029411764705883,0.4895833333333333,0.43872220707000964,0.9054293592436975
SVM,Multiple,0.011029411764705883,0.5208333333333334,0.3961809128689353,0.9054293592436975
SVM,Multiple,0.011554621848739496,0.5208333333333334,0.3766231136558686,0.9054293592436975
SVM,Multiple,0.011554621848739496,0.5520833333333334,0.2833034114812839,0.9054293592436975
SVM,Multiple,0.01207983193277311,0.5520833333333334,0.27617880731389094,0.9054293592436975
SVM,Multiple,0.01207983193277311,0.5625,0.2633750411937008,0.9054293592436975
SVM,Multiple,0.014705882352941176,0.5625,0.17289379649021103,0.9054293592436975
SVM,Multiple,0.014705882352941176,0.5729166666666666,0.17083752955958542,0.9054293592436975
SVM,Multiple,0.01523109243697479,0.5729166666666666,0.1651046546422332,0.9054293592436975
SVM,Multiple,0.01523109243697479,0.59375,0.144735420639381,0.9054293592436975
SVM,Multiple,0.015756302521008403,0.59375,0.1414408777269887,0.9054293592436975
SVM,Multiple,0.015756302521008403,0.6041666666666666,0.13675125494154516,0.9054293592436975
SVM,Multiple,0.01838235294117647,0.6041666666666666,0.10682859727106309,0.9054293592436975
SVM,Multiple,0.01838235294117647,0.6145833333333334,0.10295755731657946,0.9054293592436975
SVM,Multiple,0.018907563025210083,0.6145833333333334,0.10114243607759639,0.9054293592436975
SVM,Multiple,0.018907563025210083,0.625,0.09721140382771123,0.9054293592436975
SVM,Multiple,0.02100840336134454,0.625,0.06860217176763021,0.9054293592436975
SVM,Multiple,0.02100840336134454,0.6354166666666666,0.06840359398214266,0.9054293592436975
SVM,Multiple,0.026260504201680673,0.6354166666666666,0.038203946995138634,0.9054293592436975
SVM,Multiple,0.026260504201680673,0.6458333333333334,0.03748147000716012,0.9054293592436975
SVM,Multiple,0.029411764705882353,0.6458333333333334,0.031258110506071246,0.9054293592436975
SVM,Multiple,0.029411764705882353,0.65625,0.02886247685153151,0.9054293592436975
SVM,Multiple,0.029936974789915968,0.65625,0.028535832060681214,0.9054293592436975
SVM,Multiple,0.029936974789915968,0.6770833333333334,0.023464713676354932,0.9054293592436975
SVM,Multiple,0.03046218487394958,0.6770833333333334,0.02340025039368394,0.9054293592436975
SVM,Multiple,0.03046218487394958,0.6875,0.023336446758430485,0.9054293592436975
SVM,Multiple,0.031512605042016806,0.6875,0.02285067007185003,0.9054293592436975
SVM,Multiple,0.031512605042016806,0.6979166666666666,0.022816245041053944,0.9054293592436975
SVM,Multiple,0.03361344537815126,0.6979166666666666,0.02209801950190084,0.9054293592436975
SVM,Multiple,0.03361344537815126,0.7083333333333334,0.019777393752551362,0.9054293592436975
SVM,Multiple,0.037815126050420166,0.7083333333333334,0.01667565283982643,0.9054293592436975
SVM,Multiple,0.037815126050420166,0.71875,0.016672096948234925,0.9054293592436975
SVM,Multiple,0.04411764705882353,0.71875,0.013318098251711992,0.9054293592436975
SVM,Multiple,0.04411764705882353,0.7291666666666666,0.012633125743031102,0.9054293592436975
SVM,Multiple,0.0467436974789916,0.7291666666666666,0.010313149234130509,0.9054293592436975
SVM,Multiple,0.0467436974789916,0.7395833333333334,0.010237737337112779,0.9054293592436975
SVM,Multiple,0.05042016806722689,0.7395833333333334,0.009298159435655798,0.9054293592436975
SVM,Multiple,0.05042016806722689,0.75,0.008859273928332497,0.9054293592436975
SVM,Multiple,0.05304621848739496,0.75,0.00786876564164626,0.9054293592436975
SVM,Multiple,0.05304621848739496,0.7604166666666666,0.007656724524698015,0.9054293592436975
SVM,Multiple,0.0740546218487395,0.7604166666666666,0.003334945089281585,0.9054293592436975
SVM,Multiple,0.0740546218487395,0.7708333333333334,0.0033014181823118856,0.9054293592436975
SVM,Multiple,0.08350840336134453,0.7708333333333334,0.0023881567725946968,0.9054293592436975
SVM,Multiple,0.08350840336134453,0.78125,0.0023692430417990816,0.9054293592436975
SVM,Multiple,0.08771008403361344,0.78125,0.0018152210403720654,0.9054293592436975
SVM,Multiple,0.08771008403361344,0.8020833333333334,0.0016313522694918568,0.9054293592436975
SVM,Multiple,0.10661764705882353,0.8020833333333334,0.0009540622117274033,0.9054293592436975
SVM,Multiple,0.10661764705882353,0.8125,0.0009425852854744557,0.9054293592436975
SVM,Multiple,0.11292016806722689,0.8125,0.0008110237441207912,0.9054293592436975
SVM,Multiple,0.11292016806722689,0.8229166666666666,0.0008092042964555802,0.9054293592436975
SVM,Multiple,0.11607142857142858,0.8229166666666666,0.000754935907980555,0.9054293592436975
SVM,Multiple,0.11607142857142858,0.8333333333333334,0.0007442346490211777,0.9054293592436975
SVM,Multiple,0.1323529411764706,0.8333333333333334,0.0005753655610993805,0.9054293592436975
SVM,Multiple,0.1323529411764706,0.84375,0.0005730207501548833,0.9054293592436975
SVM,Multiple,0.13655462184873948,0.84375,0.0005263649217336187,0.9054293592436975
SVM,Multiple,0.13655462184873948,0.8541666666666666,0.0005070925091970193,0.9054293592436975
SVM,Multiple,0.24317226890756302,0.8541666666666666,0.00010699117068438928,0.9054293592436975
SVM,Multiple,0.24317226890756302,0.8645833333333334,0.00010648872617898384,0.9054293592436975
SVM,Multiple,0.24789915966386555,0.8645833333333334,9.950470328541992e-05,0.9054293592436975
SVM,Multiple,0.24789915966386555,0.875,9.874384887861637e-05,0.9054293592436975
SVM,Multiple,0.2804621848739496,0.875,6.454037758184683e-05,0.9054293592436975
SVM,Multiple,0.2804621848739496,0.8854166666666666,6.4481100785534e-05,0.9054293592436975
SVM,Multiple,0.2851890756302521,0.8854166666666666,6.089261825395553e-05,0.9054293592436975
SVM,Multiple,0.2851890756302521,0.8958333333333334,6.074922739913481e-05,0.9054293592436975
SVM,Multiple,0.34138655462184875,0.8958333333333334,3.4256566146421016e-05,0.9054293592436975
SVM,Multiple,0.34138655462184875,0.90625,3.406367498504624e-05,0.9054293592436975
SVM,Multiple,0.36712184873949577,0.90625,2.6021860309971483e-05,0.9054293592436975
SVM,Multiple,0.36712184873949577,0.9166666666666666,2.6003339243368712e-05,0.9054293592436975
SVM,Multiple,0.46743697478991597,0.9166666666666666,1.0852770036407414e-05,0.9054293592436975
SVM,Multiple,0.46743697478991597,0.9270833333333334,1.0721031198384399e-05,0.9054293592436975
SVM,Multiple,0.539390756302521,0.9270833333333334,5.988463349252781e-06,0.9054293592436975
SVM,Multiple,0.539390756302521,0.9375,5.975113217780576e-06,0.9054293592436975
SVM,Multiple,0.6286764705882353,0.9375,2.8117274916365897e-06,0.9054293592436975
SVM,Multiple,0.6286764705882353,0.9479166666666666,2.8099903102711086e-06,0.9054293592436975
SVM,Multiple,0.6339285714285714,0.9479166666666666,2.723585181869664e-06,0.9054293592436975
SVM,Multiple,0.6339285714285714,0.9583333333333334,2.7182726728863843e-06,0.9054293592436975
SVM,Multiple,0.7032563025210085,0.9583333333333334,1.6420532128477038e-06,0.9054293592436975
SVM,Multiple,0.7032563025210085,0.96875,1.637100203515154e-06,0.9054293592436975
SVM,Multiple,0.7216386554621849,0.96875,1.4334986303926813e-06,0.9054293592436975
SVM,Multiple,0.7216386554621849,0.9791666666666666,1.43330017094483e-06,0.9054293592436975
SVM,Multiple,0.9133403361344538,0.9791666666666666,1.7981110781020653e-07,0.9054293592436975
SVM,Multiple,0.9133403361344538,0.9895833333333334,1.7923156001395954e-07,0.9054293592436975
SVM,Multiple,0.9233193277310925,0.9895833333333334,1.5629937783979183e-07,0.9054293592436975
SVM,Multiple,0.9233193277310925,1.0,1.5365721037440085e-07,0.9054293592436975
SVM,Multiple,1.0,1.0,2.513179070592952e-08,0.9054293592436975
KNN,ADHD,0.0,0.0,inf,0.5999848720608575
KNN,ADHD,0.1146265560165975,0.19444444444444445,1.0,0.5999848720608575
KNN,ADHD,0.20850622406639005,0.3472222222222222,0.8,0.5999848720608575
KNN,ADHD,0.3283195020746888,0.4305555555555556,0.6,0.5999848720608575
KNN,ADHD,0.42738589211618255,0.5972222222222222,0.4,0.5999848720608575
KNN,ADHD,0.5228215767634855,0.6944444444444444,0.2,0.5999848720608575
KNN,ADHD,1.0,1.0,0.0,0.5999848720608575
KNN,Anxiety_Stress,0.0,0.0,inf,0.7867597891065126
KNN,Anxiety_Stress,0.002600780234070221,0.060926076360682375,1.0,0.7867597891065126
KNN,Anxiety_Stress,0.010403120936280884,0.15840779853777417,0.8,0.7867597891065126
KNN,Anxiety_Stress,0.02860858257477243,0.2843216896831844,0.6,0.7867597891065126
KNN,Anxiety_Stress,0.07152145643693109,0.4809098294069862,0.4,0.7867597891065126
KNN,Anxiety_Stress,0.17685305591677503,0.7075548334687246,0.2,0.7867597891065126
KNN,Anxiety_Stress,1.0,1.0,0.0,0.7867597891065126
KNN,Burnout,0.0,0.0,inf,0.8002307553088803
KNN,Burnout,0.019144144144144143,0.24553571428571427,1.0,0.8002307553088803
KNN,Burnout,0.04954954954954955,0.35267857142857145,0.8,0.8002307553088803
KNN,Burnout,0.0731981981981982,0.47767857142857145,0.6,0.8002307553088803
KNN,Burnout,0.1097972972972973,0.5982142857142857,0.4,0.8002307553088803
KNN,Burnout,0.17792792792792791,0.7366071428571429,0.2,0.8002307553088803
KNN,Burnout,1.0,1.0,0.0,0.8002307553088803
KNN,Mood,0.0,0.0,inf,0.7172394181126414
KNN,Mood,0.033887861983980284,0.1830238726790451,1.0,0.7172394181126414
KNN,Mood,0.07270486752926679,0.33421750663129973,0.8,0.7172394181126414
KNN,Mood,0.1398644485520641,0.44297082228116713,0.6,0.7172394181126414
KNN,Mood,0.22982131854590265,0.5623342175066313,0.4,0.7172394181126414
KNN,Mood,0.3955637707948244,0.7374005305039788,0.2,0.7172394181126414
KNN,Mood,1.0,1.0,0.0,0.7172394181126414
KNN,Multiple,0.0,0.0,inf,0.7891062675070029
KNN,Multiple,0.019432773109243698,0.21875,1.0,0.7891062675070029
KNN,Multiple,0.037815126050420166,0.3854166666666667,0.8,0.7891062675070029
KNN,Multiple,0.059873949579831935,0.5,0.6,0.7891062675070029
KNN,Multiple,0.09086134453781512,0.6041666666666666,0.4,0.7891062675070029
KNN,Multiple,0.13025210084033614,0.6770833333333334,0.2,0.7891062675070029
KNN,Multiple,1.0,1.0,0.0,0.7891062675070029
Logistic Regression,ADHD,0.0,0.0,inf,0.8093735592438912
Logistic Regression,ADHD,0.0005186721991701245,0.0,0.9508747567380899,0.8093735592438912
Logistic Regression,ADHD,0.007780082987551867,0.0,0.8555497021828679,0.8093735592438912
Logistic Regression,ADHD,0.007780082987551867,0.027777777777777776,0.8444201431760449,0.8093735592438912
Logistic Regression,ADHD,0.010892116182572614,0.027777777777777776,0.8312278459751411,0.8093735592438912
Logistic Regression,ADHD,0.010892116182572614,0.041666666666666664,0.8278741383273168,0.8093735592438912
Logistic Regression,ADHD,0.014522821576763486,0.041666666666666664,0.8126516803258059,0.8093735592438912
Logistic Regression,ADHD,0.014522821576763486,0.05555555555555555,0.8046141701303029,0.8093735592438912
Logistic Regression,ADHD,0.022821576763485476,0.05555555555555555,0.7685073190270665,0.8093735592438912
Logistic Regression,ADHD,0.022821576763485476,0.08333333333333333,0.7566173193603679,0.8093735592438912
Logistic Regression,ADHD,0.023340248962655602,0.08333333333333333,0.7557171316927991,0.8093735592438912
Logistic Regression,ADHD,0.023340248962655602,0.09722222222222222,0.750989573675225,0.8093735592438912
Logistic Regression,ADHD,0.027489626556016597,0.09722222222222222,0.7461978733536521,0.8093735592438912
Logistic Regression,ADHD,0.027489626556016597,0.1111111111111111,0.7460782225891897,0.8093735592438912
Logistic Regression,ADHD,0.029564315352697094,0.1111111111111111,0.7359254360105546,0.8093735592438912
Logistic Regression,ADHD,0.029564315352697094,0.125,0.7349469130608677,0.8093735592438912
Logistic Regression,ADHD,0.03008298755186722,0.125,0.733665061406354,0.8093735592438912
Logistic Regression,ADHD,0.03008298755186722,0.1388888888888889,0.7335402157405746,0.8093735592438912
Logistic Regression,ADHD,0.04771784232365145,0.1388888888888889,0.6872663162700383,0.8093735592438912
Logistic Regression,ADHD,0.04771784232365145,0.1527777777777778,0.6850132059523948,0.8093735592438912
Logistic Regression,ADHD,0.05134854771784232,0.1527777777777778,0.6806112475362106,0.8093735592438912
Logistic Regression,ADHD,0.05134854771784232,0.18055555555555555,0.6804424583631568,0.8093735592438912
Logistic Regression,ADHD,0.07053941908713693,0.18055555555555555,0.6364443869288045,0.8093735592438912
Logistic Regression,ADHD,0.07053941908713693,0.19444444444444445,0.6360079476171342,0.8093735592438912
Logistic Regression,ADHD,0.0720954356846473,0.19444444444444445,0.6349740659385225,0.8093735592438912
Logistic Regression,ADHD,0.0720954356846473,0.20833333333333334,0.6348977467744473,0.8093735592438912
Logistic Regression,ADHD,0.0741701244813278,0.20833333333333334,0.6326471330840796,0.8093735592438912
Logistic Regression,ADHD,0.0741701244813278,0.2222222222222222,0.631461660967319,0.8093735592438912
Logistic Regression,ADHD,0.07520746887966805,0.2222222222222222,0.6282771665609734,0.8093735592438912
Logistic Regression,ADHD,0.07520746887966805,0.2361111111111111,0.6279994779742031,0.8093735592438912
Logistic Regression,ADHD,0.07883817427385892,0.2361111111111111,0.6216784358711107,0.8093735592438912
Logistic Regression,ADHD,0.07883817427385892,0.25,0.6212633228550865,0.8093735592438912
Logistic Regression,ADHD,0.08298755186721991,0.25,0.6153759076756978,0.8093735592438912
Logistic Regression,ADHD,0.08298755186721991,0.2638888888888889,0.615159172280155,0.8093735592438912
Logistic Regression,ADHD,0.0845435684647303,0.2638888888888889,0.6120149088819078,0.8093735592438912
Logistic Regression,ADHD,0.0845435684647303,0.2777777777777778,0.6115525281728997,0.8093735592438912
Logistic Regression,ADHD,0.08817427385892117,0.2777777777777778,0.6067832017569849,0.8093735592438912
Logistic Regression,ADHD,0.08817427385892117,0.2916666666666667,0.6060118928211631,0.8093735592438912
Logistic Regression,ADHD,0.09180497925311204,0.2916666666666667,0.5980528101140752,0.8093735592438912
Logistic Regression,ADHD,0.09180497925311204,0.3194444444444444,0.5959492891420856,0.8093735592438912
Logistic Regression,ADHD,0.10062240663900415,0.3194444444444444,0.5746894327991445,0.8093735592438912
Logistic Regression,ADHD,0.10062240663900415,0.3333333333333333,0.5746634663677477,0.8093735592438912
Logistic Regression,ADHD,0.10736514522821576,0.3333333333333333,0.5646834891463084,0.8093735592438912
Logistic Regression,ADHD,0.10736514522821576,0.3472222222222222,0.5633647963756394,0.8093735592438912
Logistic Regression,ADHD,0.1078838174273859,0.3472222222222222,0.5632702088572971,0.8093735592438912
Logistic Regression,ADHD,0.1078838174273859,0.3611111111111111,0.5620740194414813,0.8093735592438912
Logistic Regression,ADHD,0.11773858921161826,0.3611111111111111,0.5454219204212958,0.8093735592438912
Logistic Regression,ADHD,0.11773858921161826,0.375,0.5448010931563888,0.8093735592438912
Logistic Regression,ADHD,0.125,0.375,0.5338052474548077,0.8093735592438912
Logistic Regression,ADHD,0.125,0.3888888888888889,0.5314003920399357,0.8093735592438912
Logistic Regression,ADHD,0.1270746887966805,0.3888888888888889,0.5304665263766961,0.8093735592438912
Logistic Regression,ADHD,0.1270746887966805,0.4027777777777778,0.5303325033297042,0.8093735592438912
Logistic Regression,ADHD,0.13018672199170125,0.4027777777777778,0.5263963187394982,0.8093735592438912
Logistic Regression,ADHD,0.13018672199170125,0.4166666666666667,0.5263760041598455,0.8093735592438912
Logistic Regression,ADHD,0.137448132780083,0.4166666666666667,0.5179945229340019,0.8093735592438912
Logistic Regression,ADHD,0.137448132780083,0.4305555555555556,0.5166377398467477,0.8093735592438912
Logistic Regression,ADHD,0.1400414937759336,0.4305555555555556,0.5115384833253444,0.8093735592438912
Logistic Regression,ADHD,0.1400414937759336,0.4444444444444444,0.5115158582354525,0.8093735592438912
Logistic Regression,ADHD,0.14367219917012447,0.4444444444444444,0.5034925294370357,0.8093735592438912
Logistic Regression,ADHD,0.14367219917012447,0.4583333333333333,0.5030978620396732,0.8093735592438912
Logistic Regression,ADHD,0.1462655601659751,0.4583333333333333,0.49906872115449696,0.8093735592438912
Logistic Regression,ADHD,0.1462655601659751,0.4722222222222222,0.4986469674296686,0.8093735592438912
Logistic Regression,ADHD,0.1524896265560166,0.4722222222222222,0.48184159124424975,0.8093735592438912
Logistic Regression,ADHD,0.1524896265560166,0.5,0.48020688038748444,0.8093735592438912
Logistic Regression,ADHD,0.15508298755186722,0.5,0.4756278371495047,0.8093735592438912
Logistic Regression,ADHD,0.15508298755186722,0.5138888888888888,0.47503362838103297,0.8093735592438912
Logistic Regression,ADHD,0.15767634854771784,0.5138888888888888,0.4720550772752916,0.8093735592438912
Logistic Regression,ADHD,0.15767634854771784,0.5277777777777778,0.4716008895204535,0.8093735592438912
Logistic Regression,ADHD,0.16338174273858921,0.5277777777777778,0.46514424874330407,0.8093735592438912
Logistic Regression,ADHD,0.16338174273858921,0.5416666666666666,0.4641524862860132,0.8093735592438912
Logistic Regression,ADHD,0.16856846473029047,0.5416666666666666,0.45295230488218297,0.8093735592438912
Logistic Regression,ADHD,0.16856846473029047,0.5555555555555556,0.4528986968688752,0.8093735592438912
Logistic Regression,ADHD,0.1690871369294606,0.5555555555555556,0.4526987594868976,0.8093735592438912
Logistic Regression,ADHD,0.1690871369294606,0.5694444444444444,0.4525006991714629,0.8093735592438912
Logistic Regression,ADHD,0.17271784232365145,0.5694444444444444,0.4487728447601193,0.8093735592438912
Logistic Regression,ADHD,0.17271784232365145,0.5833333333333334,0.44863315243633356,0.8093735592438912
Logistic Regression,ADHD,0.18568464730290457,0.5833333333333334,0.4344161066772105,0.8093735592438912
Logistic Regression,ADHD,0.18568464730290457,0.5972222222222222,0.43321987729112243,0.8093735592438912
Logistic Regression,ADHD,0.19035269709543567,0.5972222222222222,0.4257631106642513,0.8093735592438912
Logistic Regression,ADHD,0.19035269709543567,0.625,0.4250202136208995,0.8093735592438912
Logistic Regression,ADHD,0.19190871369294607,0.625,0.42374641065147595,0.8093735592438912
Logistic Regression,ADHD,0.19190871369294607,0.6388888888888888,0.4234605827350419,0.8093735592438912
Logistic Regression,ADHD,0.20695020746887965,0.6388888888888888,0.40238606374625163,0.8093735592438912
Logistic Regression,ADHD,0.20695020746887965,0.6527777777777778,0.4021056506451189,0.8093735592438912
Logistic Regression,ADHD,0.21991701244813278,0.6527777777777778,0.3842924906458648,0.8093735592438912
Logistic Regression,ADHD,0.21991701244813278,0.6666666666666666,0.3832953205147749,0.8093735592438912
Logistic Regression,ADHD,0.2225103734439834,0.6666666666666666,0.37823061580894984,0.8093735592438912
Logistic Regression,ADHD,0.2225103734439834,0.6805555555555556,0.3763012379480956,0.8093735592438912
Logistic Regression,ADHD,0.22354771784232366,0.6805555555555556,0.3751116647271828,0.8093735592438912
Logistic Regression,ADHD,0.22354771784232366,0.6944444444444444,0.37429455145382173,0.8093735592438912
Logistic Regression,ADHD,0.229253112033195,0.6944444444444444,0.37091129838047193,0.8093735592438912
Logistic Regression,ADHD,0.229253112033195,0.7083333333333334,0.37043700418413644,0.8093735592438912
Logistic Regression,ADHD,0.23703319502074688,0.7083333333333334,0.35847797159080763,0.8093735592438912
Logistic Regression,ADHD,0.23703319502074688,0.7222222222222222,0.35770007903461487,0.8093735592438912
Logistic Regression,ADHD,0.24014522821576764,0.7222222222222222,0.3518519222259227,0.8093735592438912
Logistic Regression,ADHD,0.24014522821576764,0.7361111111111112,0.3512356519570392,0.8093735592438912
Logistic Regression,ADHD,0.25155601659751037,0.7361111111111112,0.3390550067244898,0.8093735592438912
Logistic Regression,ADHD,0.25155601659751037,0.75,0.3386394202720833,0.8093735592438912
Logistic Regression,ADHD,0.25881742738589214,0.75,0.33097448042071437,0.8093735592438912
Logistic Regression,ADHD,0.25881742738589214,0.7638888888888888,0.33043479190111413,0.8093735592438912
Logistic Regression,ADHD,0.2598547717842324,0.7638888888888888,0.32945328095350374,0.8093735592438912
Logistic Regression,ADHD,0.2598547717842324,0.7777777777777778,0.32867161072762907,0.8093735592438912
Logistic Regression,ADHD,0.2676348547717842,0.7777777777777778,0.31413413794994277,0.8093735592438912
Logistic Regression,ADHD,0.2676348547717842,0.7916666666666666,0.31308278166997394,0.8093735592438912
Logistic Regression,ADHD,0.2883817427385892,0.7916666666666666,0.2812835130768912,0.8093735592438912
Logistic Regression,ADHD,0.2883817427385892,0.8055555555555556,0.2799773391999561,0.8093735592438912
Logistic Regression,ADHD,0.3065352697095436,0.8055555555555556,0.26203825655281626,0.8093735592438912
Logistic Regression,ADHD,0.3065352697095436,0.8194444444444444,0.2614017026314841,0.8093735592438912
Logistic Regression,ADHD,0.35114107883817425,0.8194444444444444,0.2195114320127998,0.8093735592438912
Logistic Regression,ADHD,0.35114107883817425,0.8333333333333334,0.2189984161713305,0.8093735592438912
Logistic Regression,ADHD,0.35269709543568467,0.8333333333333334,0.2180046587100519,0.8093735592438912
Logistic Regression,ADHD,0.35269709543568467,0.8472222222222222,0.216323857212062,0.8093735592438912
Logistic Regression,ADHD,0.3578838174273859,0.8472222222222222,0.21082771286455473,0.8093735592438912
Logistic Regression,ADHD,0.3578838174273859,0.8611111111111112,0.2108271666400868,0.8093735592438912
Logistic Regression,ADHD,0.38589211618257263,0.8611111111111112,0.19353828375022372,0.8093735592438912
Logistic Regression,ADHD,0.38589211618257263,0.875,0.1915206257871913,0.8093735592438912
Logistic Regression,ADHD,0.4221991701244813,0.875,0.1665171726773253,0.8093735592438912
Logistic Regression,ADHD,0.4221991701244813,0.8888888888888888,0.16528698911878364,0.8093735592438912
Logistic Regression,ADHD,0.43101659751037347,0.8888888888888888,0.1575458937107012,0.8093735592438912
Logistic Regression,ADHD,0.43101659751037347,0.9027777777777778,0.15722950044439096,0.8093735592438912
Logistic Regression,ADHD,0.44242738589211617,0.9027777777777778,0.1496329026427045,0.8093735592438912
Logistic Regression,ADHD,0.44242738589211617,0.9166666666666666,0.14944030012584206,0.8093735592438912
Logistic Regression,ADHD,0.4507261410788382,0.9166666666666666,0.1453953990643838,0.8093735592438912
Logistic Regression,ADHD,0.4507261410788382,0.9305555555555556,0.14538983178012171,0.8093735592438912
Logistic Regression,ADHD,0.4880705394190871,0.9305555555555556,0.1244526736266793,0.8093735592438912
Logistic Regression,ADHD,0.4880705394190871,0.9444444444444444,0.12438783007750409,0.8093735592438912
Logistic Regression,ADHD,0.5020746887966805,0.9444444444444444,0.11955653692923755,0.8093735592438912
Logistic Regression,ADHD,0.5020746887966805,0.9583333333333334,0.11904842435068576,0.8093735592438912
Logistic Regression,ADHD,0.5228215767634855,0.9583333333333334,0.10783527398722395,0.8093735592438912
Logistic Regression,ADHD,0.5228215767634855,0.9722222222222222,0.10780257892018148,0.8093735592438912
Logistic Regression,ADHD,0.5300829875518672,0.9722222222222222,0.10250127567796061,0.8093735592438912
Logistic Regression,ADHD,0.5300829875518672,0.9861111111111112,0.10242869834431062,0.8093735592438912
Logistic Regression,ADHD,0.6851659751037344,0.9861111111111112,0.04237751534938578,0.8093735592438912
Logistic Regression,ADHD,0.6851659751037344,1.0,0.04215180125892727,0.8093735592438912
Logistic Regression,ADHD,1.0,1.0,7.289830639904375e-10,0.8093735592438912
Logistic Regression,Anxiety_Stress,0.0,0.0,inf,0.9490576661219324
Logistic Regression,Anxiety_Stress,0.0,0.0008123476848090983,0.9935877002090732,0.9490576661219324
Logistic Regression,Anxiety_Stress,0.0,0.12103980503655565,0.9428781531179488,0.9490576661219324
Logistic Regression,Anxiety_Stress,0.0013003901170351106,0.12103980503655565,0.9427175509683853,0.9490576661219324
Logistic Regression,Anxiety_Stress,0.0013003901170351106,0.25832656376929325,0.8970336995390495,0.9490576661219324
Logistic Regression,Anxiety_Stress,0.002600780234070221,0.25832656376929325,0.8969917691116538,0.9490576661219324
Logistic Regression,Anxiety_Stress,0.002600780234070221,0.25913891145410234,0.8968156341776456,0.9490576661219324
Logistic Regression,Anxiety_Stress,0.0039011703511053317,0.25913891145410234,0.8966435885328423,0.9490576661219324
Logistic Regression,Anxiety_Stress,0.0039011703511053317,0.37692932575142163,0.8442165523833794,0.9490576661219324
Logistic Regression,Anxiety_Stress,0.005201560468140442,0.37692932575142163,0.8441747836512682,0.9490576661219324
Logistic Regression,Anxiety_Stress,0.005201560468140442,0.3834281072298944,0.8391267027702142,0.9490576661219324
Logistic Regression,Anxiety_Stress,0.006501950585175552,0.3834281072298944,0.8369694983583396,0.9490576661219324
Logistic Regression,Anxiety_Stress,0.006501950585175552,0.3874898456539399,0.8341232100002749,0.9490576661219324
Logistic Regression,Anxiety_Stress,0.007802340702210663,0.3874898456539399,0.8329126310332865,0.9490576661219324
Logistic Regression,Anxiety_Stress,0.007802340702210663,0.40942323314378554,0.8216487683069507,0.9490576661219324
Logistic Regression,Anxiety_Stress,0.009102730819245773,0.40942323314378554,0.8204242216729207,0.9490576661219324
Logistic Regression,Anxiety_Stress,0.009102730819245773,0.421608448415922,0.8085390093332511,0.9490576661219324
Logistic Regression,Anxiety_Stress,0.010403120936280884,0.421608448415922,0.8082525449689176,0.9490576661219324
Logistic Regression,Anxiety_Stress,0.010403120936280884,0.4524776604386678,0.7880788782186178,0.9490576661219324
Logistic Regression,Anxiety_Stress,0.011703511053315995,0.4524776604386678,0.7873659827451692,0.9490576661219324
Logistic Regression,Anxiety_Stress,0.011703511053315995,0.4719740048740861,0.7722720586946025,0.9490576661219324
Logistic Regression,Anxiety_Stress,0.013003901170351105,0.4719740048740861,0.7722483273357197,0.9490576661219324
Logistic Regression,Anxiety_Stress,0.013003901170351105,0.4760357432981316,0.7697218472850909,0.9490576661219324
Logistic Regression,Anxiety_Stress,0.014304291287386216,0.4760357432981316,0.769582376282697,0.9490576661219324
Logistic Regression,Anxiety_Stress,0.014304291287386216,0.49065800162469536,0.7604668918166131,0.9490576661219324
Logistic Regression,Anxiety_Stress,0.015604681404421327,0.49065800162469536,0.7603275613709676,0.9490576661219324
Logistic Regression,Anxiety_Stress,0.015604681404421327,0.5004061738424046,0.7537485114240602,0.9490576661219324
Logistic Regression,Anxiety_Stress,0.016905071521456438,0.5004061738424046,0.7529004384477719,0.9490576661219324
Logistic Regression,Anxiety_Stress,0.016905071521456438,0.5142160844841592,0.7411234595699995,0.9490576661219324
Logistic Regression,Anxiety_Stress,0.018205461638491547,0.5142160844841592,0.7406236004206856,0.9490576661219324
Logistic Regression,Anxiety_Stress,0.018205461638491547,0.5329000812347685,0.7185820513165088,0.9490576661219324
Logistic Regression,Anxiety_Stress,0.01950585175552666,0.5329000812347685,0.717945373510803,0.9490576661219324
Logistic Regression,Anxiety_Stress,0.01950585175552666,0.5434606011372868,0.7030099773228037,0.9490576661219324
Logistic Regression,Anxiety_Stress,0.02080624187256177,0.5434606011372868,0.6989972072487258,0.9490576661219324
Logistic Regression,Anxiety_Stress,0.02080624187256177,0.5467099918765231,0.6928243622527729,0.9490576661219324
Logistic Regression,Anxiety_Stress,0.022106631989596878,0.5467099918765231,0.6918898888912874,0.9490576661219324
Logistic Regression,Anxiety_Stress,0.022106631989596878,0.5483346872461413,0.6916671491619356,0.9490576661219324
Logistic Regression,Anxiety_Stress,0.02340702210663199,0.5483346872461413,0.6901465640040766,0.9490576661219324
Logistic Regression,Anxiety_Stress,0.02340702210663199,0.5588952071486596,0.6814176728422663,0.9490576661219324
Logistic Regression,Anxiety_Stress,0.0247074122236671,0.5588952071486596,0.68016317951061,0.9490576661219324
Logistic Regression,Anxiety_Stress,0.0247074122236671,0.5637692932575142,0.6724652220473826,0.9490576661219324
Logistic Regression,Anxiety_Stress,0.027308192457737322,0.5637692932575142,0.6713897105779745,0.9490576661219324
Logistic Regression,Anxiety_Stress,0.027308192457737322,0.570268074735987,0.6641195619213845,0.9490576661219324
Logistic Regression,Anxiety_Stress,0.02860858257477243,0.570268074735987,0.663687124199247,0.9490576661219324
Logistic Regression,Anxiety_Stress,0.02860858257477243,0.578391551584078,0.652195476792186,0.9490576661219324
Logistic Regression,Anxiety_Stress,0.02990897269180754,0.578391551584078,0.6515807470441292,0.9490576661219324
Logistic Regression,Anxiety_Stress,0.02990897269180754,0.5816409423233144,0.6472322230484406,0.9490576661219324
Logistic Regression,Anxiety_Stress,0.032509752925877766,0.5816409423233144,0.644981265100043,0.9490576661219324
Logistic Regression,Anxiety_Stress,0.032509752925877766,0.5881397238017871,0.6336697598030412,0.9490576661219324
Logistic Regression,Anxiety_Stress,0.033810143042912875,0.5881397238017871,0.6314820581437627,0.9490576661219324
Logistic Regression,Anxiety_Stress,0.033810143042912875,0.595450852965069,0.6149419552289918,0.9490576661219324
Logistic Regression,Anxiety_Stress,0.035110533159947985,0.595450852965069,0.612764664649613,0.9490576661219324
Logistic Regression,Anxiety_Stress,0.035110533159947985,0.5970755483346872,0.6096490986685101,0.9490576661219324
Logistic Regression,Anxiety_Stress,0.036410923276983094,0.5970755483346872,0.6081674912081607,0.9490576661219324
Logistic Regression,Anxiety_Stress,0.036410923276983094,0.6003249390739236,0.6066388908945611,0.9490576661219324
Logistic Regression,Anxiety_Stress,0.0377113133940182,0.6003249390739236,0.6064067323565067,0.9490576661219324
Logistic Regression,Anxiety_Stress,0.0377113133940182,0.6051990251827782,0.5944357504193889,0.9490576661219324
Logistic Regression,Anxiety_Stress,0.03901170351105332,0.6051990251827782,0.5930199323982,0.9490576661219324
Logistic Regression,Anxiety_Stress,0.03901170351105332,0.6084484159220146,0.5894587957949828,0.9490576661219324
Logistic Regression,Anxiety_Stress,0.04031209362808843,0.6084484159220146,0.5873096233727205,0.9490576661219324
Logistic Regression,Anxiety_Stress,0.04031209362808843,0.6092607636068237,0.5869292038213796,0.9490576661219324
Logistic Regression,Anxiety_Stress,0.04161248374512354,0.6092607636068237,0.5866961209560655,0.9490576661219324
Logistic Regression,Anxiety_Stress,0.04161248374512354,0.6190089358245329,0.5745161362228104,0.9490576661219324
Logistic Regression,Anxiety_Stress,0.044213263979193757,0.6190089358245329,0.5732821091787146,0.9490576661219324
Logistic Regression,Anxiety_Stress,0.044213263979193757,0.6246953696181966,0.5661374061230294,0.9490576661219324
Logistic Regression,Anxiety_Stress,0.045513654096228866,0.6246953696181966,0.5651932570951652,0.9490576661219324
Logistic Regression,Anxiety_Stress,0.045513654096228866,0.6263200649878148,0.5632726068650545,0.9490576661219324
Logistic Regression,Anxiety_Stress,0.04681404421326398,0.6263200649878148,0.5629851780621161,0.9490576661219324
Logistic Regression,Anxiety_Stress,0.04681404421326398,0.6271324126726239,0.5624195207088564,0.9490576661219324
Logistic Regression,Anxiety_Stress,0.04811443433029909,0.6271324126726239,0.5623450061703672,0.9490576661219324
Logistic Regression,Anxiety_Stress,0.04811443433029909,0.6303818034118602,0.5609461158876652,0.9490576661219324
Logistic Regression,Anxiety_Stress,0.05071521456436931,0.6303818034118602,0.559837462500694,0.9490576661219324
Logistic Regression,Anxiety_Stress,0.05071521456436931,0.6344435418359058,0.55522167305594,0.9490576661219324
Logistic Regression,Anxiety_Stress,0.05201560468140442,0.6344435418359058,0.5551093173596205,0.9490576661219324
Logistic Regression,Anxiety_Stress,0.05201560468140442,0.6498781478472786,0.5383730325614303,0.9490576661219324
Logistic Regression,Anxiety_Stress,0.053315994798439535,0.6498781478472786,0.5368717152167087,0.9490576661219324
Logistic Regression,Anxiety_Stress,0.053315994798439535,0.6515028432168968,0.5359312312292891,0.9490576661219324
Logistic Regression,Anxiety_Stress,0.054616384915474644,0.6515028432168968,0.5356966172600968,0.9490576661219324
Logistic Regression,Anxiety_Stress,0.054616384915474644,0.6531275385865151,0.5349436196273067,0.9490576661219324
Logistic Regression,Anxiety_Stress,0.055916775032509754,0.6531275385865151,0.5347563694104848,0.9490576661219324
Logistic Regression,Anxiety_Stress,0.055916775032509754,0.6750609260763607,0.5102791253858164,0.9490576661219324
Logistic Regression,Anxiety_Stress,0.05721716514954486,0.6750609260763607,0.509507082922402,0.9490576661219324
Logistic Regression,Anxiety_Stress,0.05721716514954486,0.6791226645004061,0.5032101408228534,0.9490576661219324
Logistic Regression,Anxiety_Stress,0.05851755526657997,0.6791226645004061,0.4988081901521559,0.9490576661219324
Logistic Regression,Anxiety_Stress,0.05851755526657997,0.685621445978879,0.4844494579147154,0.9490576661219324
Logistic Regression,Anxiety_Stress,0.05981794538361508,0.685621445978879,0.48380564297371825,0.9490576661219324
Logistic Regression,Anxiety_Stress,0.05981794538361508,0.6929325751421609,0.4711514920799453,0.9490576661219324
Logistic Regression,Anxiety_Stress,0.0611183355006502,0.6929325751421609,0.4707415943600984,0.9490576661219324
Logistic Regression,Anxiety_Stress,0.0611183355006502,0.69374492282697,0.47069318217316447,0.9490576661219324
Logistic Regression,Anxiety_Stress,0.06241872561768531,0.69374492282697,0.4703055549832154,0.9490576661219324
Logistic Regression,Anxiety_Stress,0.06241872561768531,0.6961819658813972,0.46830531330695124,0.9490576661219324
Logistic Regression,Anxiety_Stress,0.06371911573472042,0.6961819658813972,0.4675590659750894,0.9490576661219324
Logistic Regression,Anxiety_Stress,0.06371911573472042,0.6969943135662063,0.4663885098506946,0.9490576661219324
Logistic Regression,Anxiety_Stress,0.06501950585175553,0.6969943135662063,0.4662362582170754,0.9490576661219324
Logistic Regression,Anxiety_Stress,0.06501950585175553,0.6994313566206336,0.4602602626601605,0.9490576661219324
Logistic Regression,Anxiety_Stress,0.06762028608582575,0.6994313566206336,0.4580392662320816,0.9490576661219324
Logistic Regression,Anxiety_Stress,0.06762028608582575,0.7043054427294883,0.44978543122772396,0.9490576661219324
Logistic Regression,Anxiety_Stress,0.06892067620286085,0.7043054427294883,0.4494989314272815,0.9490576661219324
Logistic Regression,Anxiety_Stress,0.06892067620286085,0.7124289195775793,0.4416385564057019,0.9490576661219324
Logistic Regression,Anxiety_Stress,0.07022106631989597,0.7124289195775793,0.44014495760176986,0.9490576661219324
Logistic Regression,Anxiety_Stress,0.07022106631989597,0.7140536149471974,0.4386298886221525,0.9490576661219324
Logistic Regression,Anxiety_Stress,0.07152145643693109,0.7140536149471974,0.43636237793249383,0.9490576661219324
Logistic Regression,Anxiety_Stress,0.07152145643693109,0.7213647441104792,0.42660488695996085,0.9490576661219324
Logistic Regression,Anxiety_Stress,0.07282184655396619,0.7213647441104792,0.4247168741746621,0.9490576661219324
Logistic Regression,Anxiety_Stress,0.07282184655396619,0.7246141348497157,0.42310156798376736,0.9490576661219324
Logistic Regression,Anxiety_Stress,0.07672301690507152,0.7246141348497157,0.4172397447909089,0.9490576661219324
Logistic Regression,Anxiety_Stress,0.07672301690507152,0.727051177904143,0.41349617265428146,0.9490576661219324
Logistic Regression,Anxiety_Stress,0.07802340702210664,0.727051177904143,0.4134472094431913,0.9490576661219324
Logistic Regression,Anxiety_Stress,0.07802340702210664,0.7294882209585702,0.40898410106169236,0.9490576661219324
Logistic Regression,Anxiety_Stress,0.07932379713914174,0.7294882209585702,0.408532391769559,0.9490576661219324
Logistic Regression,Anxiety_Stress,0.07932379713914174,0.7327376116978067,0.3989804663840299,0.9490576661219324
Logistic Regression,Anxiety_Stress,0.08062418725617686,0.7327376116978067,0.3975200385285066,0.9490576661219324
Logistic Regression,Anxiety_Stress,0.08062418725617686,0.7376116978066612,0.3914671471106995,0.9490576661219324
Logistic Regression,Anxiety_Stress,0.08322496749024708,0.7376116978066612,0.39138698046279247,0.9490576661219324
Logistic Regression,Anxiety_Stress,0.08322496749024708,0.7408610885458976,0.3862430898000215,0.9490576661219324
Logistic Regression,Anxiety_Stress,0.08452535760728218,0.7408610885458976,0.38605856687737994,0.9490576661219324
Logistic Regression,Anxiety_Stress,0.08452535760728218,0.7424857839155159,0.3846347437969422,0.9490576661219324
Logistic Regression,Anxiety_Stress,0.0858257477243173,0.7424857839155159,0.38439483453718437,0.9490576661219324
Logistic Regression,Anxiety_Stress,0.0858257477243173,0.7489845653939886,0.3754305854888087,0.9490576661219324
Logistic Regression,Anxiety_Stress,0.08712613784135241,0.7489845653939886,0.3752933290891116,0.9490576661219324
Logistic Regression,Anxiety_Stress,0.08712613784135241,0.7497969130787977,0.3733700837083891,0.9490576661219324
Logistic Regression,Anxiety_Stress,0.08842652795838751,0.7497969130787977,0.3724292944909199,0.9490576661219324
Logistic Regression,Anxiety_Stress,0.08842652795838751,0.7546709991876523,0.36948525358362877,0.9490576661219324
Logistic Regression,Anxiety_Stress,0.08972691807542263,0.7546709991876523,0.3673539613991201,0.9490576661219324
Logistic Regression,Anxiety_Stress,0.08972691807542263,0.7644191714053615,0.35702716459871764,0.9490576661219324
Logistic Regression,Anxiety_Stress,0.09102730819245773,0.7644191714053615,0.3569133663423446,0.9490576661219324
Logistic Regression,Anxiety_Stress,0.09102730819245773,0.7660438667749797,0.35358363298927703,0.9490576661219324
Logistic Regression,Anxiety_Stress,0.09232769830949285,0.7660438667749797,0.35295978226492786,0.9490576661219324
Logistic Regression,Anxiety_Stress,0.09232769830949285,0.7701056051990252,0.34734914984445864,0.9490576661219324
Logistic Regression,Anxiety_Stress,0.09362808842652796,0.7701056051990252,0.3464041307496501,0.9490576661219324
Logistic Regression,Anxiety_Stress,0.09362808842652796,0.7831031681559708,0.3281065610160446,0.9490576661219324
Logistic Regression,Anxiety_Stress,0.09492847854356307,0.7831031681559708,0.3278862533647489,0.9490576661219324
Logistic Regression,Anxiety_Stress,0.09492847854356307,0.7839155158407799,0.3270090828129446,0.9490576661219324
Logistic Regression,Anxiety_Stress,0.09622886866059818,0.7839155158407799,0.32588053837520026,0.9490576661219324
Logistic Regression,Anxiety_Stress,0.09622886866059818,0.7887896019496344,0.32350606153024336,0.9490576661219324
Logistic Regression,Anxiety_Stress,0.09752925877763328,0.7887896019496344,0.3218718175821869,0.9490576661219324
Logistic Regression,Anxiety_Stress,0.09752925877763328,0.7985377741673436,0.30397678441080267,0.9490576661219324
Logistic Regression,Anxiety_Stress,0.10013003901170352,0.7985377741673436,0.3016642037795726,0.9490576661219324
Logistic Regression,Anxiety_Stress,0.10013003901170352,0.7993501218521527,0.3015810412254851,0.9490576661219324
Logistic Regression,Anxiety_Stress,0.10143042912873862,0.7993501218521527,0.3011108421235356,0.9490576661219324
Logistic Regression,Anxiety_Stress,0.10143042912873862,0.8001624695369618,0.30024712712300144,0.9490576661219324
Logistic Regression,Anxiety_Stress,0.10273081924577374,0.8001624695369618,0.29825384871666544,0.9490576661219324
Logistic Regression,Anxiety_Stress,0.10273081924577374,0.80178716490658,0.2972189499299904,0.9490576661219324
Logistic Regression,Anxiety_Stress,0.10403120936280884,0.80178716490658,0.29678641733282096,0.9490576661219324
Logistic Regression,Anxiety_Stress,0.10403120936280884,0.8042242079610074,0.29314209358964455,0.9490576661219324
Logistic Regression,Anxiety_Stress,0.10533159947984395,0.8042242079610074,0.2931319133349638,0.9490576661219324
Logistic Regression,Anxiety_Stress,0.10533159947984395,0.8082859463850528,0.2872953269368711,0.9490576661219324
Logistic Regression,Anxiety_Stress,0.10663198959687907,0.8082859463850528,0.28646929454244024,0.9490576661219324
Logistic Regression,Anxiety_Stress,0.10663198959687907,0.8107229894394801,0.2775163184668781,0.9490576661219324
Logistic Regression,Anxiety_Stress,0.10793237971391417,0.8107229894394801,0.2770920713189584,0.9490576661219324
Logistic Regression,Anxiety_Stress,0.10793237971391417,0.8131600324939074,0.2724216716865669,0.9490576661219324
Logistic Regression,Anxiety_Stress,0.10923276983094929,0.8131600324939074,0.271347545290461,0.9490576661219324
Logistic Regression,Anxiety_Stress,0.10923276983094929,0.818034118602762,0.2659218188545978,0.9490576661219324
Logistic Regression,Anxiety_Stress,0.11053315994798439,0.818034118602762,0.26580787231554137,0.9490576661219324
Logistic Regression,Anxiety_Stress,0.11053315994798439,0.8188464662875711,0.2657849096202401,0.9490576661219324
Logistic Regression,Anxiety_Stress,0.11183355006501951,0.8188464662875711,0.2656339791839634,0.9490576661219324
Logistic Regression,Anxiety_Stress,0.11183355006501951,0.8220958570268074,0.26445096541738594,0.9490576661219324
Logistic Regression,Anxiety_Stress,0.11443433029908973,0.8220958570268074,0.263161991048414,0.9490576661219324
Logistic Regression,Anxiety_Stress,0.11443433029908973,0.8229082047116165,0.2630273774323876,0.9490576661219324
Logistic Regression,Anxiety_Stress,0.11573472041612484,0.8229082047116165,0.26077522109767015,0.9490576661219324
Logistic Regression,Anxiety_Stress,0.11573472041612484,0.8302193338748984,0.2546560682115667,0.9490576661219324
Logistic Regression,Anxiety_Stress,0.11703511053315994,0.8302193338748984,0.2536948866823625,0.9490576661219324
Logistic Regression,Anxiety_Stress,0.11703511053315994,0.8326563769293257,0.25057137474019514,0.9490576661219324
Logistic Regression,Anxiety_Stress,0.11833550065019506,0.8326563769293257,0.24990347111461658,0.9490576661219324
Logistic Regression,Anxiety_Stress,0.11833550065019506,0.8350934199837531,0.24732772700406264,0.9490576661219324
Logistic Regression,Anxiety_Stress,0.11963589076723016,0.8350934199837531,0.24458757341134224,0.9490576661219324
Logistic Regression,Anxiety_Stress,0.11963589076723016,0.8383428107229894,0.2391974265966916,0.9490576661219324
Logistic Regression,Anxiety_Stress,0.12093628088426528,0.8383428107229894,0.2385595416766757,0.9490576661219324
Logistic Regression,Anxiety_Stress,0.12093628088426528,0.8399675060926076,0.23675658301008062,0.9490576661219324
Logistic Regression,Anxiety_Stress,0.1222366710013004,0.8399675060926076,0.23642670079073436,0.9490576661219324
Logistic Regression,Anxiety_Stress,0.1222366710013004,0.8505280259951259,0.22650296589465882,0.9490576661219324
Logistic Regression,Anxiety_Stress,0.1235370611183355,0.8505280259951259,0.2261380613259498,0.9490576661219324
Logistic Regression,Anxiety_Stress,0.1235370611183355,0.8521527213647441,0.22472849646089998,0.9490576661219324
Logistic Regression,Anxiety_Stress,0.12613784135240572,0.8521527213647441,0.2230262569543362,0.9490576661219324
Logistic Regression,Anxiety_Stress,0.12613784135240572,0.8537774167343624,0.2214735734454891,0.9490576661219324
Logistic Regression,Anxiety_Stress,0.12743823146944083,0.8537774167343624,0.22030713140814043,0.9490576661219324
Logistic Regression,Anxiety_Stress,0.12743823146944083,0.8554021121039805,0.2190008920319135,0.9490576661219324
Logistic Regression,Anxiety_Stress,0.12873862158647595,0.8554021121039805,0.2182793385111039,0.9490576661219324
Logistic Regression,Anxiety_Stress,0.12873862158647595,0.8562144597887896,0.21823859988456273,0.9490576661219324
Logistic Regression,Anxiety_Stress,0.13003901170351106,0.8562144597887896,0.21822662914326313,0.9490576661219324
Logistic Regression,Anxiety_Stress,0.13003901170351106,0.8570268074735987,0.2180324704044489,0.9490576661219324
Logistic Regression,Anxiety_Stress,0.13133940182054615,0.8570268074735987,0.2176542748578898,0.9490576661219324
Logistic Regression,Anxiety_Stress,0.13133940182054615,0.8602761982128351,0.2129781825172298,0.9490576661219324
Logistic Regression,Anxiety_Stress,0.13263979193758127,0.8602761982128351,0.21290226109492053,0.9490576661219324
Logistic Regression,Anxiety_Stress,0.13263979193758127,0.8610885458976442,0.21033175855938283,0.9490576661219324
Logistic Regression,Anxiety_Stress,0.13394018205461639,0.8610885458976442,0.20856959911100728,0.9490576661219324
Logistic Regression,Anxiety_Stress,0.13394018205461639,0.8651502843216897,0.20454862786920466,0.9490576661219324
Logistic Regression,Anxiety_Stress,0.1352405721716515,0.8651502843216897,0.20423753552620072,0.9490576661219324
Logistic Regression,Anxiety_Stress,0.1352405721716515,0.8708367181153533,0.20062962910209242,0.9490576661219324
Logistic Regression,Anxiety_Stress,0.13654096228868662,0.8708367181153533,0.20046767264227683,0.9490576661219324
Logistic Regression,Anxiety_Stress,0.13654096228868662,0.8724614134849715,0.19936586292061553,0.9490576661219324
Logistic Regression,Anxiety_Stress,0.1378413524057217,0.8724614134849715,0.19784991819030429,0.9490576661219324
Logistic Regression,Anxiety_Stress,0.1378413524057217,0.8740861088545898,0.19567435665060412,0.9490576661219324
Logistic Regression,Anxiety_Stress,0.13914174252275682,0.8740861088545898,0.1946577900579115,0.9490576661219324
Logistic Regression,Anxiety_Stress,0.13914174252275682,0.8773354995938262,0.18789670423354815,0.9490576661219324
Logistic Regression,Anxiety_Stress,0.14044213263979194,0.8773354995938262,0.18734154416886653,0.9490576661219324
Logistic Regression,Anxiety_Stress,0.14044213263979194,0.8813972380178716,0.18400432320963314,0.9490576661219324
Logistic Regression,Anxiety_Stress,0.14174252275682706,0.8813972380178716,0.18391311320401074,0.9490576661219324
Logistic Regression,Anxiety_Stress,0.14174252275682706,0.8838342810722989,0.1827710633911901,0.9490576661219324
Logistic Regression,Anxiety_Stress,0.14434330299089726,0.8838342810722989,0.18141591769081764,0.9490576661219324
Logistic Regression,Anxiety_Stress,0.14434330299089726,0.8878960194963444,0.17762978688669478,0.9490576661219324
Logistic Regression,Anxiety_Stress,0.14564369310793238,0.8878960194963444,0.17623946361278323,0.9490576661219324
Logistic Regression,Anxiety_Stress,0.14564369310793238,0.8887083671811535,0.17520366761254735,0.9490576661219324
Logistic Regression,Anxiety_Stress,0.1469440832249675,0.8887083671811535,0.17513552399239796,0.9490576661219324
Logistic Regression,Anxiety_Stress,0.1469440832249675,0.8935824532900081,0.17322412657196892,0.9490576661219324
Logistic Regression,Anxiety_Stress,0.1482444733420026,0.8935824532900081,0.17318415034461357,0.9490576661219324
Logistic Regression,Anxiety_Stress,0.1482444733420026,0.8943948009748173,0.17139929273673146,0.9490576661219324
Logistic Regression,Anxiety_Stress,0.1508452535760728,0.8943948009748173,0.16950823914817276,0.9490576661219324
Logistic Regression,Anxiety_Stress,0.1508452535760728,0.9017059301380991,0.16183048521887106,0.9490576661219324
Logistic Regression,Anxiety_Stress,0.15214564369310793,0.9017059301380991,0.1615893622310227,0.9490576661219324
Logistic Regression,Anxiety_Stress,0.15214564369310793,0.9049553208773355,0.15865016385732594,0.9490576661219324
Logistic Regression,Anxiety_Stress,0.15344603381014305,0.9049553208773355,0.15470658298808043,0.9490576661219324
Logistic Regression,Anxiety_Stress,0.15344603381014305,0.909017059301381,0.150223945931318,0.9490576661219324
Logistic Regression,Anxiety_Stress,0.15474642392717816,0.909017059301381,0.1486409429869202,0.9490576661219324
Logistic Regression,Anxiety_Stress,0.15474642392717816,0.9114541023558083,0.14756828339916128,0.9490576661219324
Logistic Regression,Anxiety_Stress,0.15604681404421328,0.9114541023558083,0.14749328997705236,0.9490576661219324
Logistic Regression,Anxiety_Stress,0.15604681404421328,0.9122664500406173,0.1463400451429582,0.9490576661219324
Logistic Regression,Anxiety_Stress,0.15734720416124837,0.9122664500406173,0.14613060881871184,0.9490576661219324
Logistic Regression,Anxiety_Stress,0.15734720416124837,0.9130787977254264,0.14537879253621144,0.9490576661219324
Logistic Regression,Anxiety_Stress,0.15864759427828348,0.9130787977254264,0.14503707027912002,0.9490576661219324
Logistic Regression,Anxiety_Stress,0.15864759427828348,0.9155158407798538,0.14226520447468846,0.9490576661219324
Logistic Regression,Anxiety_Stress,0.1599479843953186,0.9155158407798538,0.13892968708922068,0.9490576661219324
Logistic Regression,Anxiety_Stress,0.1599479843953186,0.917140536149472,0.13747564239869994,0.9490576661219324
Logistic Regression,Anxiety_Stress,0.16384915474642392,0.917140536149472,0.13566161673558352,0.9490576661219324
Logistic Regression,Anxiety_Stress,0.16384915474642392,0.9220146222583265,0.12969788420248426,0.9490576661219324
Logistic Regression,Anxiety_Stress,0.16644993498049415,0.9220146222583265,0.12831197829632518,0.9490576661219324
Logistic Regression,Anxiety_Stress,0.16644993498049415,0.9268887083671812,0.12429980933973755,0.9490576661219324
Logistic Regression,Anxiety_Stress,0.16775032509752927,0.9268887083671812,0.12192457521172588,0.9490576661219324
Logistic Regression,Anxiety_Stress,0.16775032509752927,0.9309504467912266,0.11940202850180147,0.9490576661219324
Logistic Regression,Anxiety_Stress,0.16905071521456436,0.9309504467912266,0.11896848132832469,0.9490576661219324
Logistic Regression,Anxiety_Stress,0.16905071521456436,0.9317627944760357,0.11867151161227993,0.9490576661219324
Logistic Regression,Anxiety_Stress,0.17035110533159947,0.9317627944760357,0.11759627069837916,0.9490576661219324
Logistic Regression,Anxiety_Stress,0.17035110533159947,0.9333874898456539,0.11549689580283659,0.9490576661219324
Logistic Regression,Anxiety_Stress,0.1716514954486346,0.9333874898456539,0.11375791299994581,0.9490576661219324
Logistic Regression,Anxiety_Stress,0.1716514954486346,0.9350121852152722,0.11154008171510947,0.9490576661219324
Logistic Regression,Anxiety_Stress,0.1755526657997399,0.9350121852152722,0.10748705408911359,0.9490576661219324
Logistic Regression,Anxiety_Stress,0.1755526657997399,0.9358245329000813,0.1067732101871367,0.9490576661219324
Logistic Regression,Anxiety_Stress,0.17685305591677503,0.9358245329000813,0.10672510926212758,0.9490576661219324
Logistic Regression,Anxiety_Stress,0.17685305591677503,0.9374492282696995,0.10549780392658792,0.9490576661219324
Logistic Regression,Anxiety_Stress,0.17815344603381014,0.9374492282696995,0.1039581280141939,0.9490576661219324
Logistic Regression,Anxiety_Stress,0.17815344603381014,0.9398862713241267,0.10139845107631326,0.9490576661219324
Logistic Regression,Anxiety_Stress,0.18075422626788037,0.9398862713241267,0.10108512858701156,0.9490576661219324
Logistic Regression,Anxiety_Stress,0.18075422626788037,0.9406986190089358,0.09952669796013633,0.9490576661219324
Logistic Regression,Anxiety_Stress,0.18205461638491546,0.9406986190089358,0.09714251592442764,0.9490576661219324
Logistic Regression,Anxiety_Stress,0.18205461638491546,0.9415109666937449,0.09693156786970976,0.9490576661219324
Logistic Regression,Anxiety_Stress,0.1846553966189857,0.9415109666937449,0.09523277120244303,0.9490576661219324
Logistic Regression,Anxiety_Stress,0.1846553966189857,0.9471974004874086,0.0865279704374004,0.9490576661219324
Logistic Regression,Anxiety_Stress,0.1859557867360208,0.9471974004874086,0.08495348021233205,0.9490576661219324
Logistic Regression,Anxiety_Stress,0.1859557867360208,0.9488220958570268,0.08229535709804313,0.9490576661219324
Logistic Regression,Anxiety_Stress,0.18725617685305593,0.9488220958570268,0.08136446642602559,0.9490576661219324
Logistic Regression,Anxiety_Stress,0.18725617685305593,0.9496344435418359,0.08003094458633934,0.9490576661219324
Logistic Regression,Anxiety_Stress,0.18855656697009102,0.9496344435418359,0.07980204436252093,0.9490576661219324
Logistic Regression,Anxiety_Stress,0.18855656697009102,0.950446791226645,0.0788295491522048,0.9490576661219324
Logistic Regression,Anxiety_Stress,0.19115734720416125,0.950446791226645,0.07787509115764944,0.9490576661219324
Logistic Regression,Anxiety_Stress,0.19115734720416125,0.9561332250203087,0.07487057425342897,0.9490576661219324
Logistic Regression,Anxiety_Stress,0.19245773732119636,0.9561332250203087,0.07442997813229424,0.9490576661219324
Logistic Regression,Anxiety_Stress,0.19245773732119636,0.9569455727051178,0.07378494722947643,0.9490576661219324
Logistic Regression,Anxiety_Stress,0.19375812743823148,0.9569455727051178,0.07346694055019999,0.9490576661219324
Logistic Regression,Anxiety_Stress,0.19375812743823148,0.9577579203899269,0.07132917001246719,0.9490576661219324
Logistic Regression,Anxiety_Stress,0.19505851755526657,0.9577579203899269,0.07081325313634503,0.9490576661219324
Logistic Regression,Anxiety_Stress,0.19505851755526657,0.958570268074736,0.06993890049964199,0.9490576661219324
Logistic Regression,Anxiety_Stress,0.1976592977893368,0.958570268074736,0.06861682522131513,0.9490576661219324
Logistic Regression,Anxiety_Stress,0.1976592977893368,0.9601949634443542,0.06727401171081186,0.9490576661219324
Logistic Regression,Anxiety_Stress,0.19895968790637192,0.9601949634443542,0.0662006367181838,0.9490576661219324
Logistic Regression,Anxiety_Stress,0.19895968790637192,0.9610073111291633,0.06619496777048886,0.9490576661219324
Logistic Regression,Anxiety_Stress,0.20026007802340703,0.9610073111291633,0.06606910046107242,0.9490576661219324
Logistic Regression,Anxiety_Stress,0.20026007802340703,0.9658813972380179,0.06379104105037173,0.9490576661219324
Logistic Regression,Anxiety_Stress,0.20546163849154747,0.9658813972380179,0.06274671779484742,0.9490576661219324
Logistic Regression,Anxiety_Stress,0.20546163849154747,0.9675060926076361,0.06184155956971969,0.9490576661219324
Logistic Regression,Anxiety_Stress,0.2067620286085826,0.9675060926076361,0.061108094184048126,0.9490576661219324
Logistic Regression,Anxiety_Stress,0.2067620286085826,0.9699431356620634,0.059011208425776895,0.9490576661219324
Logistic Regression,Anxiety_Stress,0.20806241872561768,0.9699431356620634,0.05780756165138483,0.9490576661219324
Logistic Regression,Anxiety_Stress,0.20806241872561768,0.9707554833468724,0.05767703302017254,0.9490576661219324
Logistic Regression,Anxiety_Stress,0.21196358907672302,0.9707554833468724,0.05652322830345272,0.9490576661219324
Logistic Regression,Anxiety_Stress,0.21196358907672302,0.9731925264012997,0.05542603226126349,0.9490576661219324
Logistic Regression,Anxiety_Stress,0.21326397919375814,0.9731925264012997,0.05535233139726061,0.9490576661219324
Logistic Regression,Anxiety_Stress,0.21326397919375814,0.9756295694557271,0.052235845107610916,0.9490576661219324
Logistic Regression,Anxiety_Stress,0.22366710013003901,0.9756295694557271,0.049142342537884076,0.9490576661219324
Logistic Regression,Anxiety_Stress,0.22366710013003901,0.9772542648253453,0.04869817182833483,0.9490576661219324
Logistic Regression,Anxiety_Stress,0.22886866059817945,0.9772542648253453,0.04656517549314289,0.9490576661219324
Logistic Regression,Anxiety_Stress,0.22886866059817945,0.9780666125101544,0.04651630101828431,0.9490576661219324
Logistic Regression,Anxiety_Stress,0.235370611183355,0.9780666125101544,0.042699858427895324,0.9490576661219324
Logistic Regression,Anxiety_Stress,0.235370611183355,0.9813160032493907,0.03948098072802162,0.9490576661219324
Logistic Regression,Anxiety_Stress,0.24057217165149544,0.9813160032493907,0.03821446056020753,0.9490576661219324
Logistic Regression,Anxiety_Stress,0.24057217165149544,0.9821283509341998,0.03741492224772895,0.9490576661219324
Logistic Regression,Anxiety_Stress,0.2444733420026008,0.9821283509341998,0.03598659827513224,0.9490576661219324
Logistic Regression,Anxiety_Stress,0.2444733420026008,0.9829406986190089,0.03509331900821637,0.9490576661219324
Logistic Regression,Anxiety_Stress,0.2483745123537061,0.9829406986190089,0.0326421349139699,0.9490576661219324
Logistic Regression,Anxiety_Stress,0.2483745123537061,0.983753046303818,0.03257372550119459,0.9490576661219324
Logistic Regression,Anxiety_Stress,0.25487646293888166,0.983753046303818,0.028764923897833104,0.9490576661219324
Logistic Regression,Anxiety_Stress,0.25487646293888166,0.9845653939886271,0.028645039201764567,0.9490576661219324
Logistic Regression,Anxiety_Stress,0.2574772431729519,0.9845653939886271,0.02753130408199175,0.9490576661219324
Logistic Regression,Anxiety_Stress,0.2574772431729519,0.9861900893582454,0.026252337042023247,0.9490576661219324
Logistic Regression,Anxiety_Stress,0.26788036410923277,0.9861900893582454,0.02345393597459022,0.9490576661219324
Logistic Regression,Anxiety_Stress,0.26788036410923277,0.9878147847278635,0.021695947887128187,0.9490576661219324
Logistic Regression,Anxiety_Stress,0.27698309492847856,0.9878147847278635,0.018187529080158006,0.9490576661219324
Logistic Regression,Anxiety_Stress,0.27698309492847856,0.9886271324126726,0.017810551218975457,0.9490576661219324
Logistic Regression,Anxiety_Stress,0.28218465539661897,0.9886271324126726,0.016413072371314792,0.9490576661219324
Logistic Regression,Anxiety_Stress,0.28218465539661897,0.9894394800974817,0.015857616229969083,0.9490576661219324
Logistic Regression,Anxiety_Stress,0.2847854356306892,0.9894394800974817,0.01580852388647707,0.9490576661219324
Logistic Regression,Anxiety_Stress,0.2847854356306892,0.9910641754670999,0.015545882159068963,0.9490576661219324
Logistic Regression,Anxiety_Stress,0.2886866059817945,0.9910641754670999,0.015463957387317607,0.9490576661219324
Logistic Regression,Anxiety_Stress,0.2886866059817945,0.9943135662063363,0.014776086259380488,0.9490576661219324
Logistic Regression,Anxiety_Stress,0.29128738621586475,0.9943135662063363,0.014220269825560334,0.9490576661219324
Logistic Regression,Anxiety_Stress,0.29128738621586475,0.9951259138911455,0.013892635373402277,0.9490576661219324
Logistic Regression,Anxiety_Stress,0.30039011703511054,0.9951259138911455,0.012164491258374915,0.9490576661219324
Logistic Regression,Anxiety_Stress,0.30039011703511054,0.9959382615759546,0.011936099384891905,0.9490576661219324
Logistic Regression,Anxiety_Stress,0.31469440832249673,0.9959382615759546,0.009951093358000975,0.9490576661219324
Logistic Regression,Anxiety_Stress,0.31469440832249673,0.9967506092607636,0.009910056091609899,0.9490576661219324
Logistic Regression,Anxiety_Stress,0.31859557867360205,0.9967506092607636,0.009167142481469194,0.9490576661219324
Logistic Regression,Anxiety_Stress,0.31859557867360205,0.9975629569455727,0.008783427996262503,0.9490576661219324
Logistic Regression,Anxiety_Stress,0.33550065019505854,0.9975629569455727,0.007388643173537574,0.9490576661219324
Logistic Regression,Anxiety_Stress,0.33550065019505854,0.9983753046303818,0.0073600205764257935,0.9490576661219324
Logistic Regression,Anxiety_Stress,0.3550065019505852,0.9983753046303818,0.0053071036221660345,0.9490576661219324
Logistic Regression,Anxiety_Stress,0.3550065019505852,0.9991876523151909,0.005233949052945648,0.9490576661219324
Logistic Regression,Anxiety_Stress,0.5136540962288687,0.9991876523151909,0.0003014770419185317,0.9490576661219324
Logistic Regression,Anxiety_Stress,0.5136540962288687,1.0,0.00028124215954993654,0.9490576661219324
Logistic Regression,Anxiety_Stress,1.0,1.0,2.4944286704610516e-13,0.9490576661219324
Logistic Regression,Burnout,0.0,0.0,inf,0.9898774332368082
Logistic Regression,Burnout,0.0,0.004464285714285714,0.9997835443803954,0.9898774332368082
Logistic Regression,Burnout,0.0,0.09375,0.9932996009222739,0.9898774332368082
Logistic Regression,Burnout,0.0005630630630630631,0.09375,0.9932949172253634,0.9898774332368082
Logistic Regression,Burnout,0.0005630630630630631,0.12946428571428573,0.9909119710225179,0.9898774332368082
Logistic Regression,Burnout,0.0011261261261261261,0.12946428571428573,0.9894029093575756,0.9898774332368082
Logistic Regression,Burnout,0.0011261261261261261,0.3080357142857143,0.9605193267327381,0.9898774332368082
Logistic Regression,Burnout,0.0016891891891891893,0.3080357142857143,0.9595548055907708,0.9898774332368082
Logistic Regression,Burnout,0.0016891891891891893,0.44642857142857145,0.910095486788553,0.9898774332368082
Logistic Regression,Burnout,0.0022522522522522522,0.44642857142857145,0.9096634516134976,0.9898774332368082
Logistic Regression,Burnout,0.0022522522522522522,0.45089285714285715,0.9083698884323441,0.9898774332368082
Logistic Regression,Burnout,0.002815315315315315,0.45089285714285715,0.9048790350661851,0.9898774332368082
Logistic Regression,Burnout,0.002815315315315315,0.4732142857142857,0.8962936296680406,0.9898774332368082
Logistic Regression,Burnout,0.0033783783783783786,0.4732142857142857,0.8913812326987864,0.9898774332368082
Logistic Regression,Burnout,0.0033783783783783786,0.48660714285714285,0.890098626823989,0.9898774332368082
Logistic Regression,Burnout,0.003941441441441441,0.48660714285714285,0.8877484622427668,0.9898774332368082
Logistic Regression,Burnout,0.003941441441441441,0.5044642857142857,0.8793545370160137,0.9898774332368082
Logistic Regression,Burnout,0.0045045045045045045,0.5044642857142857,0.875263832415402,0.9898774332368082
Logistic Regression,Burnout,0.0045045045045045045,0.5178571428571429,0.8719556488843196,0.9898774332368082
Logistic Regression,Burnout,0.005067567567567568,0.5178571428571429,0.8678346367599044,0.9898774332368082
Logistic Regression,Burnout,0.005067567567567568,0.5446428571428571,0.8589853174457398,0.9898774332368082
Logistic Regression,Burnout,0.00563063063063063,0.5446428571428571,0.85518105800281,0.9898774332368082
Logistic Regression,Burnout,0.00563063063063063,0.5625,0.8372034425224151,0.9898774332368082
Logistic Regression,Burnout,0.006193693693693694,0.5625,0.8359020397062468,0.9898774332368082
Logistic Regression,Burnout,0.006193693693693694,0.5803571428571429,0.8228793866535975,0.9898774332368082
Logistic Regression,Burnout,0.006756756756756757,0.5803571428571429,0.8216112994809287,0.9898774332368082
Logistic Regression,Burnout,0.006756756756756757,0.6116071428571429,0.7969305635584467,0.9898774332368082
Logistic Regression,Burnout,0.00731981981981982,0.6116071428571429,0.7911524926643339,0.9898774332368082
Logistic Regression,Burnout,0.00731981981981982,0.6294642857142857,0.768063129235411,0.9898774332368082
Logistic Regression,Burnout,0.007882882882882882,0.6294642857142857,0.7653020680349254,0.9898774332368082
Logistic Regression,Burnout,0.007882882882882882,0.6339285714285714,0.7548804815208117,0.9898774332368082
Logistic Regression,Burnout,0.008445945945945946,0.6339285714285714,0.7527482692803924,0.9898774332368082
Logistic Regression,Burnout,0.008445945945945946,0.65625,0.7125448834156078,0.9898774332368082
Logistic Regression,Burnout,0.009009009009009009,0.65625,0.7051186408367875,0.9898774332368082
Logistic Regression,Burnout,0.009009009009009009,0.6651785714285714,0.6950966193298195,0.9898774332368082
Logistic Regression,Burnout,0.009572072072072071,0.6651785714285714,0.6939501997481013,0.9898774332368082
Logistic Regression,Burnout,0.009572072072072071,0.6964285714285714,0.6567318997835492,0.9898774332368082
Logistic Regression,Burnout,0.010135135135135136,0.6964285714285714,0.6547841942046244,0.9898774332368082
Logistic Regression,Burnout,0.010135135135135136,0.7008928571428571,0.6373416281953908,0.9898774332368082
Logistic Regression,Burnout,0.010698198198198198,0.7008928571428571,0.6352246596231449,0.9898774332368082
Logistic Regression,Burnout,0.010698198198198198,0.7098214285714286,0.6305855752080939,0.9898774332368082
Logistic Regression,Burnout,0.01126126126126126,0.7098214285714286,0.6280926651972472,0.9898774332368082
Logistic Regression,Burnout,0.01126126126126126,0.7142857142857143,0.6119624696816619,0.9898774332368082
Logistic Regression,Burnout,0.012387387387387387,0.7142857142857143,0.6085583980217163,0.9898774332368082
Logistic Regression,Burnout,0.012387387387387387,0.71875,0.5988385781447695,0.9898774332368082
Logistic Regression,Burnout,0.01295045045045045,0.71875,0.597934450986572,0.9898774332368082
Logistic Regression,Burnout,0.01295045045045045,0.7366071428571429,0.5443625207118465,0.9898774332368082
Logistic Regression,Burnout,0.014076576576576577,0.7366071428571429,0.5314528736976485,0.9898774332368082
Logistic Regression,Burnout,0.014076576576576577,0.7410714285714286,0.5163209270549858,0.9898774332368082
Logistic Regression,Burnout,0.01463963963963964,0.7410714285714286,0.5126958743420557,0.9898774332368082
Logistic Regression,Burnout,0.01463963963963964,0.7455357142857143,0.5049143499761062,0.9898774332368082
Logistic Regression,Burnout,0.015765765765765764,0.7455357142857143,0.49560250091150965,0.9898774332368082
Logistic Regression,Burnout,0.015765765765765764,0.75,0.4834595621146456,0.9898774332368082
Logistic Regression,Burnout,0.017454954954954954,0.75,0.44901267795222943,0.9898774332368082
Logistic Regression,Burnout,0.017454954954954954,0.7678571428571429,0.4207579877319586,0.9898774332368082
Logistic Regression,Burnout,0.018018018018018018,0.7678571428571429,0.416689409343777,0.9898774332368082
Logistic Regression,Burnout,0.018018018018018018,0.7767857142857143,0.41199644258461765,0.9898774332368082
Logistic Regression,Burnout,0.018581081081081082,0.7767857142857143,0.3874630085264291,0.9898774332368082
Logistic Regression,Burnout,0.018581081081081082,0.7857142857142857,0.3792525546908899,0.9898774332368082
Logistic Regression,Burnout,0.019144144144144143,0.7857142857142857,0.3781903499820383,0.9898774332368082
Logistic Regression,Burnout,0.019144144144144143,0.7901785714285714,0.37567875987843913,0.9898774332368082
Logistic Regression,Burnout,0.019707207207207207,0.7901785714285714,0.3750578381977644,0.9898774332368082
Logistic Regression,Burnout,0.019707207207207207,0.7991071428571429,0.36460936948013223,0.9898774332368082
Logistic Regression,Burnout,0.02027027027027027,0.7991071428571429,0.3620516103717979,0.9898774332368082
Logistic Regression,Burnout,0.02027027027027027,0.8125,0.35259091435397855,0.9898774332368082
Logistic Regression,Burnout,0.020833333333333332,0.8125,0.3421187801553997,0.9898774332368082
Logistic Regression,Burnout,0.020833333333333332,0.8169642857142857,0.34107318643354334,0.9898774332368082
Logistic Regression,Burnout,0.021396396396396396,0.8169642857142857,0.3408745104213753,0.9898774332368082
Logistic Regression,Burnout,0.021396396396396396,0.8258928571428571,0.33092120079931575,0.9898774332368082
Logistic Regression,Burnout,0.02195945945945946,0.8258928571428571,0.32546203751571134,0.9898774332368082
Logistic Regression,Burnout,0.02195945945945946,0.8303571428571429,0.31362388855113793,0.9898774332368082
Logistic Regression,Burnout,0.02252252252252252,0.8303571428571429,0.30532943255244566,0.9898774332368082
Logistic Regression,Burnout,0.02252252252252252,0.8616071428571429,0.25455530802312115,0.9898774332368082
Logistic Regression,Burnout,0.023085585585585586,0.8616071428571429,0.24824192655488456,0.9898774332368082
Logistic Regression,Burnout,0.023085585585585586,0.8660714285714286,0.24219383473793085,0.9898774332368082
Logistic Regression,Burnout,0.02533783783783784,0.8660714285714286,0.2210601312694055,0.9898774332368082
Logistic Regression,Burnout,0.02533783783783784,0.8705357142857143,0.21656582602697835,0.9898774332368082
Logistic Regression,Burnout,0.0259009009009009,0.8705357142857143,0.21650609653224842,0.9898774332368082
Logistic Regression,Burnout,0.0259009009009009,0.9017857142857143,0.18527011285109066,0.9898774332368082
Logistic Regression,Burnout,0.026463963963963964,0.9017857142857143,0.18405910166326245,0.9898774332368082
Logistic Regression,Burnout,0.026463963963963964,0.9107142857142857,0.17578641873089548,0.9898774332368082
Logistic Regression,Burnout,0.028153153153153154,0.9107142857142857,0.15779037715572403,0.9898774332368082
Logistic Regression,Burnout,0.028153153153153154,0.9151785714285714,0.1501153373568807,0.9898774332368082
Logistic Regression,Burnout,0.02927927927927928,0.9151785714285714,0.1486951117072588,0.9898774332368082
Logistic Regression,Burnout,0.02927927927927928,0.9196428571428571,0.14817191001487098,0.9898774332368082
Logistic Regression,Burnout,0.030405405405405407,0.9196428571428571,0.1470073803067469,0.9898774332368082
Logistic Regression,Burnout,0.030405405405405407,0.9241071428571429,0.14356954979912306,0.9898774332368082
Logistic Regression,Burnout,0.030968468468468468,0.9241071428571429,0.13771577755906683,0.9898774332368082
Logistic Regression,Burnout,0.030968468468468468,0.9285714285714286,0.13700161014217932,0.9898774332368082
Logistic Regression,Burnout,0.03209459459459459,0.9285714285714286,0.1351540725698637,0.9898774332368082
Logistic Regression,Burnout,0.03209459459459459,0.9330357142857143,0.1318337996296686,0.9898774332368082
Logistic Regression,Burnout,0.033783783783783786,0.9330357142857143,0.12396832077558141,0.9898774332368082
Logistic Regression,Burnout,0.033783783783783786,0.9375,0.12076991660867938,0.9898774332368082
Logistic Regression,Burnout,0.0365990990990991,0.9375,0.1103337437971712,0.9898774332368082
Logistic Regression,Burnout,0.0365990990990991,0.9553571428571429,0.10083222740046754,0.9898774332368082
Logistic Regression,Burnout,0.03885135135135135,0.9553571428571429,0.08792643625002448,0.9898774332368082
Logistic Regression,Burnout,0.03885135135135135,0.9598214285714286,0.08714081218070534,0.9898774332368082
Logistic Regression,Burnout,0.04054054054054054,0.9598214285714286,0.08103088291780385,0.9898774332368082
Logistic Regression,Burnout,0.04054054054054054,0.9642857142857143,0.07929541579089068,0.9898774332368082
Logistic Regression,Burnout,0.04110360360360361,0.9642857142857143,0.07870462300157037,0.9898774332368082
Logistic Regression,Burnout,0.04110360360360361,0.96875,0.0753847518335195,0.9898774332368082
Logistic Regression,Burnout,0.04842342342342342,0.96875,0.05438908687424398,0.9898774332368082
Logistic Regression,Burnout,0.04842342342342342,0.9732142857142857,0.05277955705273858,0.9898774332368082
Logistic Regression,Burnout,0.05067567567567568,0.9732142857142857,0.0493012497125277,0.9898774332368082
Logistic Regression,Burnout,0.05067567567567568,0.9776785714285714,0.0439249121971775,0.9898774332368082
Logistic Regression,Burnout,0.05912162162162162,0.9776785714285714,0.02686298648223333,0.9898774332368082
Logistic Regression,Burnout,0.05912162162162162,0.9866071428571429,0.025411640227973768,0.9898774332368082
Logistic Regression,Burnout,0.060810810810810814,0.9866071428571429,0.024240390995895415,0.9898774332368082
Logistic Regression,Burnout,0.060810810810810814,0.9910714285714286,0.023507615437435018,0.9898774332368082
Logistic Regression,Burnout,0.06981981981981981,0.9910714285714286,0.017887911050321708,0.9898774332368082
Logistic Regression,Burnout,0.06981981981981981,0.9955357142857143,0.01725373219304353,0.9898774332368082
Logistic Regression,Burnout,0.08108108108108109,0.9955357142857143,0.012005071521228216,0.9898774332368082
Logistic Regression,Burnout,0.08108108108108109,1.0,0.011340106550461125,0.9898774332368082
Logistic Regression,Burnout,1.0,1.0,1.850944284155647e-15,0.9898774332368082
Logistic Regression,Mood,0.0,0.0,inf,0.9491183599157339
Logistic Regression,Mood,0.0,0.002652519893899204,0.9998254564094504,0.9491183599157339
Logistic Regression,Mood,0.0,0.4403183023872679,0.9417999211782475,0.9491183599157339
Logistic Regression,Mood,0.0006161429451632779,0.4403183023872679,0.9402907142098372,0.9491183599157339
Logistic Regression,Mood,0.0006161429451632779,0.4986737400530504,0.9125851406881633,0.9491183599157339
Logistic Regression,Mood,0.0012322858903265558,0.4986737400530504,0.9125407316628542,0.9491183599157339
Logistic Regression,Mood,0.0012322858903265558,0.5145888594164456,0.9054713810532046,0.9491183599157339
Logistic Regression,Mood,0.0018484288354898336,0.5145888594164456,0.904725645900241,0.9491183599157339
Logistic Regression,Mood,0.0018484288354898336,0.5358090185676393,0.8954452389035471,0.9491183599157339
Logistic Regression,Mood,0.0024645717806531116,0.5358090185676393,0.8952293306463656,0.9491183599157339
Logistic Regression,Mood,0.0024645717806531116,0.5437665782493368,0.8916317740720496,0.9491183599157339
Logistic Regression,Mood,0.0030807147258163892,0.5437665782493368,0.8907875708463482,0.9491183599157339
Logistic Regression,Mood,0.0030807147258163892,0.5755968169761273,0.8769752878800013,0.9491183599157339
Logistic Regression,Mood,0.0036968576709796672,0.5755968169761273,0.8767301938286839,0.9491183599157339
Logistic Regression,Mood,0.0036968576709796672,0.5862068965517241,0.8723303970631539,0.9491183599157339
Logistic Regression,Mood,0.004313000616142945,0.5862068965517241,0.8717215448503469,0.9491183599157339
Logistic Regression,Mood,0.004313000616142945,0.6127320954907162,0.8592490222464227,0.9491183599157339
Logistic Regression,Mood,0.004929143561306223,0.6127320954907162,0.8555167742929038,0.9491183599157339
Logistic Regression,Mood,0.004929143561306223,0.6259946949602122,0.8436041661787735,0.9491183599157339
Logistic Regression,Mood,0.006777572396796057,0.6259946949602122,0.842544992378944,0.9491183599157339
Logistic Regression,Mood,0.006777572396796057,0.6392572944297082,0.8352379065760872,0.9491183599157339
Logistic Regression,Mood,0.0073937153419593345,0.6392572944297082,0.8280541892934683,0.9491183599157339
Logistic Regression,Mood,0.0073937153419593345,0.6445623342175066,0.8195478132161181,0.9491183599157339
Logistic Regression,Mood,0.008009858287122612,0.6445623342175066,0.8181175586321111,0.9491183599157339
Logistic Regression,Mood,0.008009858287122612,0.6551724137931034,0.8132091062774238,0.9491183599157339
Logistic Regression,Mood,0.00862600123228589,0.6551724137931034,0.8118225069182925,0.9491183599157339
Logistic Regression,Mood,0.00862600123228589,0.6657824933687002,0.8018151612608004,0.9491183599157339
Logistic Regression,Mood,0.009242144177449169,0.6657824933687002,0.7961994514284516,0.9491183599157339
Logistic Regression,Mood,0.009242144177449169,0.6684350132625995,0.7944476256492665,0.9491183599157339
Logistic Regression,Mood,0.009858287122612447,0.6684350132625995,0.7936412793189529,0.9491183599157339
Logistic Regression,Mood,0.009858287122612447,0.6737400530503979,0.7904768468007274,0.9491183599157339
Logistic Regression,Mood,0.011090573012939002,0.6737400530503979,0.78780227365802,0.9491183599157339
Logistic Regression,Mood,0.011090573012939002,0.6763925729442971,0.7811716446773393,0.9491183599157339
Logistic Regression,Mood,0.01170671595810228,0.6763925729442971,0.7782639278527738,0.9491183599157339
Logistic Regression,Mood,0.01170671595810228,0.6949602122015915,0.7619633608794679,0.9491183599157339
Logistic Regression,Mood,0.012322858903265557,0.6949602122015915,0.7598585951957557,0.9491183599157339
Logistic Regression,Mood,0.012322858903265557,0.7002652519893899,0.7542558611982879,0.9491183599157339
Logistic Regression,Mood,0.013555144793592114,0.7002652519893899,0.7528534935898866,0.9491183599157339
Logistic Regression,Mood,0.013555144793592114,0.7055702917771883,0.750817523360984,0.9491183599157339
Logistic Regression,Mood,0.014171287738755391,0.7055702917771883,0.7456007032965037,0.9491183599157339
Logistic Regression,Mood,0.014171287738755391,0.7082228116710876,0.7455518751223736,0.9491183599157339
Logistic Regression,Mood,0.014787430683918669,0.7082228116710876,0.7452426594444469,0.9491183599157339
Logistic Regression,Mood,0.014787430683918669,0.7108753315649867,0.7450001223456247,0.9491183599157339
Logistic Regression,Mood,0.016019716574245224,0.7108753315649867,0.7294917269740356,0.9491183599157339
Logistic Regression,Mood,0.016019716574245224,0.7161803713527851,0.7232353807848885,0.9491183599157339
Logistic Regression,Mood,0.019716574245224893,0.7161803713527851,0.7132203662255299,0.9491183599157339
Logistic Regression,Mood,0.019716574245224893,0.7214854111405835,0.7093768216131182,0.9491183599157339
Logistic Regression,Mood,0.02033271719038817,0.7214854111405835,0.7047352607624211,0.9491183599157339
Logistic Regression,Mood,0.02033271719038817,0.7241379310344828,0.7041653960409192,0.9491183599157339
Logistic Regression,Mood,0.020948860135551448,0.7241379310344828,0.7028383265355623,0.9491183599157339
Logistic Regression,Mood,0.020948860135551448,0.726790450928382,0.6999285174592715,0.9491183599157339
Logistic Regression,Mood,0.02279728897104128,0.726790450928382,0.6925324327624757,0.9491183599157339
Logistic Regression,Mood,0.02279728897104128,0.7294429708222812,0.6850893373671878,0.9491183599157339
Logistic Regression,Mood,0.024645717806531114,0.7294429708222812,0.6618295920209324,0.9491183599157339
Logistic Regression,Mood,0.024645717806531114,0.7320954907161804,0.6617377790689253,0.9491183599157339
Logistic Regression,Mood,0.025261860751694395,0.7320954907161804,0.66090455449185,0.9491183599157339
Logistic Regression,Mood,0.025261860751694395,0.7347480106100795,0.6562842174384282,0.9491183599157339
Logistic Regression,Mood,0.025878003696857672,0.7347480106100795,0.6547778527592142,0.9491183599157339
Logistic Regression,Mood,0.025878003696857672,0.7374005305039788,0.6543807786526225,0.9491183599157339
Logistic Regression,Mood,0.027726432532347505,0.7374005305039788,0.6376240316403686,0.9491183599157339
Logistic Regression,Mood,0.027726432532347505,0.7400530503978779,0.6359997672846175,0.9491183599157339
Logistic Regression,Mood,0.029574861367837338,0.7400530503978779,0.6248448492990937,0.9491183599157339
Logistic Regression,Mood,0.029574861367837338,0.7480106100795756,0.6172122131303476,0.9491183599157339
Logistic Regression,Mood,0.030807147258163893,0.7480106100795756,0.6090106835787443,0.9491183599157339
Logistic Regression,Mood,0.030807147258163893,0.753315649867374,0.6077267525653688,0.9491183599157339
Logistic Regression,Mood,0.03203943314849045,0.753315649867374,0.6059535968411962,0.9491183599157339
Logistic Regression,Mood,0.03203943314849045,0.7559681697612732,0.6055439187448193,0.9491183599157339
Logistic Regression,Mood,0.033887861983980284,0.7559681697612732,0.5968378947662922,0.9491183599157339
Logistic Regression,Mood,0.033887861983980284,0.76657824933687,0.5883633910819075,0.9491183599157339
Logistic Regression,Mood,0.038817005545286505,0.76657824933687,0.5673035356416926,0.9491183599157339
Logistic Regression,Mood,0.038817005545286505,0.7692307692307693,0.5663967082350237,0.9491183599157339
Logistic Regression,Mood,0.04004929143561306,0.7692307692307693,0.5587751509704854,0.9491183599157339
Logistic Regression,Mood,0.04004929143561306,0.7718832891246684,0.5564374376122404,0.9491183599157339
Logistic Regression,Mood,0.04313000616142945,0.7718832891246684,0.5461415879353706,0.9491183599157339
Logistic Regression,Mood,0.04313000616142945,0.7745358090185677,0.5320915860974014,0.9491183599157339
Logistic Regression,Mood,0.04436229205175601,0.7745358090185677,0.5220708165974546,0.9491183599157339
Logistic Regression,Mood,0.04436229205175601,0.7824933687002652,0.5132920922109884,0.9491183599157339
Logistic Regression,Mood,0.04621072088724584,0.7824933687002652,0.5086254339951458,0.9491183599157339
Logistic Regression,Mood,0.04621072088724584,0.7931034482758621,0.499089953170188,0.9491183599157339
Logistic Regression,Mood,0.051756007393715345,0.7931034482758621,0.47630124399105844,0.9491183599157339
Logistic Regression,Mood,0.051756007393715345,0.7957559681697612,0.47006530798076873,0.9491183599157339
Logistic Regression,Mood,0.0529882932840419,0.7957559681697612,0.4596933091487952,0.9491183599157339
Logistic Regression,Mood,0.0529882932840419,0.7984084880636605,0.4541573956851471,0.9491183599157339
Logistic Regression,Mood,0.05545286506469501,0.7984084880636605,0.4429116474477155,0.9491183599157339
Logistic Regression,Mood,0.05545286506469501,0.8010610079575596,0.43604426096802773,0.9491183599157339
Logistic Regression,Mood,0.05730129390018484,0.8010610079575596,0.4331936688274763,0.9491183599157339
Logistic Regression,Mood,0.05730129390018484,0.8037135278514589,0.43106564282840926,0.9491183599157339
Logistic Regression,Mood,0.06038200862600123,0.8037135278514589,0.3975945278064468,0.9491183599157339
Logistic Regression,Mood,0.06038200862600123,0.8090185676392573,0.3964135914809838,0.9491183599157339
Logistic Regression,Mood,0.06099815157116451,0.8090185676392573,0.394046956195866,0.9491183599157339
Logistic Regression,Mood,0.06099815157116451,0.8116710875331565,0.39010236860617176,0.9491183599157339
Logistic Regression,Mood,0.06223043746149107,0.8116710875331565,0.38930405789889677,0.9491183599157339
Logistic Regression,Mood,0.06223043746149107,0.8143236074270557,0.3867389286485924,0.9491183599157339
Logistic Regression,Mood,0.0640788662969809,0.8143236074270557,0.37453147596718084,0.9491183599157339
Logistic Regression,Mood,0.0640788662969809,0.8196286472148541,0.3610932668225674,0.9491183599157339
Logistic Regression,Mood,0.06715958102279729,0.8196286472148541,0.3343539440756006,0.9491183599157339
Logistic Regression,Mood,0.06715958102279729,0.8222811671087533,0.33075922251896334,0.9491183599157339
Logistic Regression,Mood,0.0696241528034504,0.8222811671087533,0.32699276439449393,0.9491183599157339
Logistic Regression,Mood,0.0696241528034504,0.8249336870026526,0.32429306497084015,0.9491183599157339
Logistic Regression,Mood,0.07147258163894023,0.8249336870026526,0.3179687062255809,0.9491183599157339
Logistic Regression,Mood,0.07147258163894023,0.8275862068965517,0.3177559034154262,0.9491183599157339
Logistic Regression,Mood,0.07455329636475662,0.8275862068965517,0.3083134868940878,0.9491183599157339
Logistic Regression,Mood,0.07455329636475662,0.830238726790451,0.30767264815645845,0.9491183599157339
Logistic Regression,Mood,0.0751694393099199,0.830238726790451,0.3064555372259663,0.9491183599157339
Logistic Regression,Mood,0.0751694393099199,0.8328912466843501,0.30452994462205585,0.9491183599157339
Logistic Regression,Mood,0.07640172520024646,0.8328912466843501,0.29439913570457527,0.9491183599157339
Logistic Regression,Mood,0.07640172520024646,0.8355437665782494,0.2918817117793491,0.9491183599157339
Logistic Regression,Mood,0.08009858287122612,0.8355437665782494,0.2847330889899591,0.9491183599157339
Logistic Regression,Mood,0.08009858287122612,0.8381962864721485,0.2843426714741704,0.9491183599157339
Logistic Regression,Mood,0.08995686999383858,0.8381962864721485,0.25084171688110124,0.9491183599157339
Logistic Regression,Mood,0.08995686999383858,0.8408488063660478,0.2498613608876761,0.9491183599157339
Logistic Regression,Mood,0.09611829944547134,0.8408488063660478,0.23585128218226267,0.9491183599157339
Logistic Regression,Mood,0.09611829944547134,0.843501326259947,0.2341726224991794,0.9491183599157339
Logistic Regression,Mood,0.0973505853357979,0.843501326259947,0.2320719493044534,0.9491183599157339
Logistic Regression,Mood,0.0973505853357979,0.8461538461538461,0.23168392218615938,0.9491183599157339
Logistic Regression,Mood,0.10720887245841035,0.8461538461538461,0.21461785959722707,0.9491183599157339
Logistic Regression,Mood,0.10720887245841035,0.8488063660477454,0.21364684840572748,0.9491183599157339
Logistic Regression,Mood,0.10782501540357363,0.8488063660477454,0.21231991412018364,0.9491183599157339
Logistic Regression,Mood,0.10782501540357363,0.8541114058355438,0.2110284174957851,0.9491183599157339
Logistic Regression,Mood,0.10967344423906346,0.8541114058355438,0.2089258098996623,0.9491183599157339
Logistic Regression,Mood,0.10967344423906346,0.8567639257294429,0.2045955121901988,0.9491183599157339
Logistic Regression,Mood,0.11891558841651263,0.8567639257294429,0.1888320509986322,0.9491183599157339
Logistic Regression,Mood,0.11891558841651263,0.8594164456233422,0.18701663191802761,0.9491183599157339
Logistic Regression,Mood,0.1287738755391251,0.8594164456233422,0.1724118220415514,0.9491183599157339
Logistic Regression,Mood,0.1287738755391251,0.8620689655172413,0.17200690821819603,0.9491183599157339
Logistic Regression,Mood,0.12939001848428835,0.8620689655172413,0.16922958390226714,0.9491183599157339
Logistic Regression,Mood,0.12939001848428835,0.870026525198939,0.16565257586826293,0.9491183599157339
Logistic Regression,Mood,0.13431916204559458,0.870026525198939,0.15355162929369268,0.9491183599157339
Logistic Regression,Mood,0.13431916204559458,0.8753315649867374,0.1519867531019876,0.9491183599157339
Logistic Regression,Mood,0.13739987677141097,0.8753315649867374,0.14947946079393873,0.9491183599157339
Logistic Regression,Mood,0.13739987677141097,0.8779840848806366,0.14849525554040086,0.9491183599157339
Logistic Regression,Mood,0.13801601971657423,0.8779840848806366,0.14792387693433345,0.9491183599157339
Logistic Regression,Mood,0.13801601971657423,0.883289124668435,0.14608551943289416,0.9491183599157339
Logistic Regression,Mood,0.1392483056069008,0.883289124668435,0.14499162492291595,0.9491183599157339
Logistic Regression,Mood,0.1392483056069008,0.8859416445623343,0.14352788228569183,0.9491183599157339
Logistic Regression,Mood,0.1472581638940234,0.8859416445623343,0.13148454739418397,0.9491183599157339
Logistic Regression,Mood,0.1472581638940234,0.8885941644562334,0.13133016669829217,0.9491183599157339
Logistic Regression,Mood,0.16574245224892176,0.8885941644562334,0.10527037439036195,0.9491183599157339
Logistic Regression,Mood,0.16574245224892176,0.8912466843501327,0.1034152767223946,0.9491183599157339
Logistic Regression,Mood,0.1725200246457178,0.8912466843501327,0.09812042261716239,0.9491183599157339
Logistic Regression,Mood,0.1725200246457178,0.896551724137931,0.09687276372966244,0.9491183599157339
Logistic Regression,Mood,0.18237831176833025,0.896551724137931,0.08585165549099835,0.9491183599157339
Logistic Regression,Mood,0.18237831176833025,0.8992042440318302,0.08496763959005439,0.9491183599157339
Logistic Regression,Mood,0.1891558841651263,0.8992042440318302,0.08063079711298489,0.9491183599157339
Logistic Regression,Mood,0.1891558841651263,0.9018567639257294,0.08046155437345885,0.9491183599157339
Logistic Regression,Mood,0.2033271719038817,0.9018567639257294,0.07363953538411587,0.9491183599157339
Logistic Regression,Mood,0.2033271719038817,0.9045092838196287,0.07363509580318411,0.9491183599157339
Logistic Regression,Mood,0.203943314849045,0.9045092838196287,0.07303201362782506,0.9491183599157339
Logistic Regression,Mood,0.203943314849045,0.9098143236074271,0.07281399171096248,0.9491183599157339
Logistic Regression,Mood,0.20455945779420825,0.9098143236074271,0.07228812281602615,0.9491183599157339
Logistic Regression,Mood,0.20455945779420825,0.9124668435013262,0.07182074403421104,0.9491183599157339
Logistic Regression,Mood,0.2119531731361676,0.9124668435013262,0.06757023163474978,0.9491183599157339
Logistic Regression,Mood,0.2119531731361676,0.9151193633952255,0.06708861540431282,0.9491183599157339
Logistic Regression,Mood,0.21256931608133087,0.9151193633952255,0.06622154415839004,0.9491183599157339
Logistic Regression,Mood,0.21256931608133087,0.9177718832891246,0.06555224535228583,0.9491183599157339
Logistic Regression,Mood,0.21318545902649413,0.9177718832891246,0.06550694804405463,0.9491183599157339
Logistic Regression,Mood,0.21318545902649413,0.9204244031830239,0.0642926533832841,0.9491183599157339
Logistic Regression,Mood,0.22674060382008626,0.9204244031830239,0.05708309122354253,0.9491183599157339
Logistic Regression,Mood,0.22674060382008626,0.9230769230769231,0.056915562690253774,0.9491183599157339
Logistic Regression,Mood,0.2365988909426987,0.9230769230769231,0.05413727135285392,0.9491183599157339
Logistic Regression,Mood,0.2365988909426987,0.9257294429708223,0.05396302261432361,0.9491183599157339
Logistic Regression,Mood,0.23721503388786197,0.9257294429708223,0.05383913621147381,0.9491183599157339
Logistic Regression,Mood,0.23721503388786197,0.9283819628647215,0.053715848110660144,0.9491183599157339
Logistic Regression,Mood,0.2501540357362908,0.9283819628647215,0.048662757668319595,0.9491183599157339
Logistic Regression,Mood,0.2501540357362908,0.9310344827586207,0.04806225247954706,0.9491183599157339
Logistic Regression,Mood,0.2544670363524338,0.9310344827586207,0.04639071824208001,0.9491183599157339
Logistic Regression,Mood,0.2544670363524338,0.9336870026525199,0.04602720197596213,0.9491183599157339
Logistic Regression,Mood,0.25508317929759705,0.9336870026525199,0.04593296527252123,0.9491183599157339
Logistic Regression,Mood,0.25508317929759705,0.9363395225464191,0.045840507444983296,0.9491183599157339
Logistic Regression,Mood,0.2778804682686383,0.9363395225464191,0.037872126983519556,0.9491183599157339
Logistic Regression,Mood,0.2778804682686383,0.9389920424403183,0.03767747789279539,0.9491183599157339
Logistic Regression,Mood,0.2945163277880468,0.9389920424403183,0.03233028223016077,0.9491183599157339
Logistic Regression,Mood,0.2945163277880468,0.9416445623342176,0.03229437112890771,0.9491183599157339
Logistic Regression,Mood,0.2951324707332101,0.9416445623342176,0.032227691349191644,0.9491183599157339
Logistic Regression,Mood,0.2951324707332101,0.9442970822281167,0.03203569813638689,0.9491183599157339
Logistic Regression,Mood,0.30191004313000613,0.9442970822281167,0.030611882990007416,0.9491183599157339
Logistic Regression,Mood,0.30191004313000613,0.946949602122016,0.030537113707010677,0.9491183599157339
Logistic Regression,Mood,0.33086876155268025,0.946949602122016,0.022504849567465905,0.9491183599157339
Logistic Regression,Mood,0.33086876155268025,0.9496021220159151,0.02247763951069464,0.9491183599157339
Logistic Regression,Mood,0.33394947627849664,0.9496021220159151,0.021534358491547497,0.9491183599157339
Logistic Regression,Mood,0.33394947627849664,0.9522546419098143,0.0212339646634999,0.9491183599157339
Logistic Regression,Mood,0.34873690696241527,0.9522546419098143,0.018410956697752834,0.9491183599157339
Logistic Regression,Mood,0.34873690696241527,0.9549071618037135,0.018368722287774496,0.9491183599157339
Logistic Regression,Mood,0.34996919285274186,0.9549071618037135,0.017734235550020672,0.9491183599157339
Logistic Regression,Mood,0.34996919285274186,0.9575596816976127,0.017679374610110953,0.9491183599157339
Logistic Regression,Mood,0.35304990757855825,0.9575596816976127,0.017342984406582915,0.9491183599157339
Logistic Regression,Mood,0.35304990757855825,0.9602122015915119,0.01722933980398143,0.9491183599157339
Logistic Regression,Mood,0.37707948243992606,0.9602122015915119,0.01439393341580477,0.9491183599157339
Logistic Regression,Mood,0.37707948243992606,0.9655172413793104,0.014269480432424559,0.9491183599157339
Logistic Regression,Mood,0.38570548367221197,0.9655172413793104,0.013487106848631391,0.9491183599157339
Logistic Regression,Mood,0.38570548367221197,0.9681697612732095,0.013158897560931663,0.9491183599157339
Logistic Regression,Mood,0.4017252002464572,0.9681697612732095,0.011681495015560189,0.9491183599157339
Logistic Regression,Mood,0.4017252002464572,0.9708222811671088,0.011681238555926668,0.9491183599157339
Logistic Regression,Mood,0.42513863216266173,0.9708222811671088,0.010084431021806808,0.9491183599157339
Logistic Regression,Mood,0.42513863216266173,0.9734748010610079,0.010062694316765678,0.9491183599157339
Logistic Regression,Mood,0.452248921749846,0.9734748010610079,0.008138138918954237,0.9491183599157339
Logistic Regression,Mood,0.452248921749846,0.9787798408488063,0.008072332134460666,0.9491183599157339
Logistic Regression,Mood,0.4787430683918669,0.9787798408488063,0.006538239723701043,0.9491183599157339
Logistic Regression,Mood,0.4787430683918669,0.9814323607427056,0.006469375380259414,0.9491183599157339
Logistic Regression,Mood,0.5113986444855206,0.9814323607427056,0.004796806845298908,0.9491183599157339
Logistic Regression,Mood,0.5113986444855206,0.9840848806366048,0.004784959651226183,0.9491183599157339
Logistic Regression,Mood,0.5150955021565004,0.9840848806366048,0.004613720052027129,0.9491183599157339
Logistic Regression,Mood,0.5150955021565004,0.986737400530504,0.004596726861126442,0.9491183599157339
Logistic Regression,Mood,0.558841651263093,0.986737400530504,0.003071386322321471,0.9491183599157339
Logistic Regression,Mood,0.558841651263093,0.9893899204244032,0.0030607685220592085,0.9491183599157339
Logistic Regression,Mood,0.6179913739987677,0.9893899204244032,0.0018275920801093725,0.9491183599157339
Logistic Regression,Mood,0.6179913739987677,0.9920424403183024,0.0018200845290807202,0.9491183599157339
Logistic Regression,Mood,0.6395563770794824,0.9920424403183024,0.0015056164314391064,0.9491183599157339
Logistic Regression,Mood,0.6395563770794824,0.9946949602122016,0.0015049166992428095,0.9491183599157339
Logistic Regression,Mood,0.6826863832409119,0.9946949602122016,0.001003254484095465,0.9491183599157339
Logistic Regression,Mood,0.6826863832409119,0.9973474801061007,0.000992080224327846,0.9491183599157339
Logistic Regression,Mood,0.722735674676525,0.9973474801061007,0.0006643451210718106,0.9491183599157339
Logistic Regression,Mood,0.722735674676525,1.0,0.0006626197857485524,0.9491183599157339
Logistic Regression,Mood,1.0,1.0,1.5792663966560466e-08,0.9491183599157339
Logistic Regression,Multiple,0.0,0.0,inf,0.9792268469887956
Logistic Regression,Multiple,0.0,0.010416666666666666,0.9990145391339912,0.9792268469887956
Logistic Regression,Multiple,0.0,0.17708333333333334,0.9891424125301685,0.9792268469887956
Logistic Regression,Multiple,0.0005252100840336134,0.17708333333333334,0.9886534032295942,0.9792268469887956
Logistic Regression,Multiple,0.0005252100840336134,0.22916666666666666,0.9828656289284919,0.9792268469887956
Logistic Regression,Multiple,0.0010504201680672268,0.22916666666666666,0.9825872658541249,0.9792268469887956
Logistic Regression,Multiple,0.0010504201680672268,0.2708333333333333,0.9798230530582159,0.9792268469887956
Logistic Regression,Multiple,0.0026260504201680674,0.2708333333333333,0.9733772821074709,0.9792268469887956
Logistic Regression,Multiple,0.0026260504201680674,0.3541666666666667,0.9577036184978176,0.9792268469887956
Logistic Regression,Multiple,0.0031512605042016808,0.3541666666666667,0.9560741713301748,0.9792268469887956
Logistic Regression,Multiple,0.0031512605042016808,0.3645833333333333,0.9472305117201745,0.9792268469887956
Logistic Regression,Multiple,0.003676470588235294,0.3645833333333333,0.9472203787155046,0.9792268469887956
Logistic Regression,Multiple,0.003676470588235294,0.3854166666666667,0.9441893554037357,0.9792268469887956
Logistic Regression,Multiple,0.004201680672268907,0.3854166666666667,0.9429666003092873,0.9792268469887956
Logistic Regression,Multiple,0.004201680672268907,0.4375,0.9309496925167903,0.9792268469887956
Logistic Regression,Multiple,0.005252100840336135,0.4375,0.9206561961951822,0.9792268469887956
Logistic Regression,Multiple,0.005252100840336135,0.4583333333333333,0.9152655060129491,0.9792268469887956
Logistic Regression,Multiple,0.0063025210084033615,0.4583333333333333,0.899166608354592,0.9792268469887956
Logistic Regression,Multiple,0.0063025210084033615,0.46875,0.8977080191942024,0.9792268469887956
Logistic Regression,Multiple,0.007352941176470588,0.46875,0.8929696890635738,0.9792268469887956
Logistic Regression,Multiple,0.007352941176470588,0.4895833333333333,0.8816417303238128,0.9792268469887956
Logistic Regression,Multiple,0.007878151260504201,0.4895833333333333,0.8732007870852916,0.9792268469887956
Logistic Regression,Multiple,0.007878151260504201,0.5,0.8687716173300886,0.9792268469887956
Logistic Regression,Multiple,0.008403361344537815,0.5,0.8681649647143624,0.9792268469887956
Logistic Regression,Multiple,0.008403361344537815,0.5104166666666666,0.864661181408459,0.9792268469887956
Logistic Regression,Multiple,0.008928571428571428,0.5104166666666666,0.8616294498458458,0.9792268469887956
Logistic Regression,Multiple,0.008928571428571428,0.5208333333333334,0.852877962464209,0.9792268469887956
Logistic Regression,Multiple,0.009453781512605041,0.5208333333333334,0.8518241301423192,0.9792268469887956
Logistic Regression,Multiple,0.009453781512605041,0.5416666666666666,0.8501343440417015,0.9792268469887956
Logistic Regression,Multiple,0.01050420168067227,0.5416666666666666,0.8487496483869441,0.9792268469887956
Logistic Regression,Multiple,0.01050420168067227,0.5833333333333334,0.8359064313787001,0.9792268469887956
Logistic Regression,Multiple,0.011029411764705883,0.5833333333333334,0.8241593785948431,0.9792268469887956
Logistic Regression,Multiple,0.011029411764705883,0.59375,0.8159396064977937,0.9792268469887956
Logistic Regression,Multiple,0.015756302521008403,0.59375,0.7834093537664107,0.9792268469887956
Logistic Regression,Multiple,0.015756302521008403,0.625,0.7758024383766573,0.9792268469887956
Logistic Regression,Multiple,0.016281512605042018,0.625,0.7577551781811175,0.9792268469887956
Logistic Regression,Multiple,0.016281512605042018,0.6354166666666666,0.7508886235197222,0.9792268469887956
Logistic Regression,Multiple,0.018907563025210083,0.6354166666666666,0.6971814740269825,0.9792268469887956
Logistic Regression,Multiple,0.018907563025210083,0.65625,0.6745274165710412,0.9792268469887956
Logistic Regression,Multiple,0.023634453781512604,0.65625,0.6303662689821723,0.9792268469887956
Logistic Regression,Multiple,0.023634453781512604,0.6666666666666666,0.6249079414808765,0.9792268469887956
Logistic Regression,Multiple,0.025735294117647058,0.6666666666666666,0.6100702135083438,0.9792268469887956
Logistic Regression,Multiple,0.025735294117647058,0.6770833333333334,0.609797356678018,0.9792268469887956
Logistic Regression,Multiple,0.0273109243697479,0.6770833333333334,0.5852007238549968,0.9792268469887956
Logistic Regression,Multiple,0.0273109243697479,0.6875,0.5816663080853984,0.9792268469887956
Logistic Regression,Multiple,0.02888655462184874,0.6875,0.5532585109073145,0.9792268469887956
Logistic Regression,Multiple,0.02888655462184874,0.6979166666666666,0.5509487868002774,0.9792268469887956
Logistic Regression,Multiple,0.029411764705882353,0.6979166666666666,0.542661748441639,0.9792268469887956
Logistic Regression,Multiple,0.029411764705882353,0.71875,0.5197985261896233,0.9792268469887956
Logistic Regression,Multiple,0.029936974789915968,0.71875,0.5154823045691532,0.9792268469887956
Logistic Regression,Multiple,0.029936974789915968,0.75,0.48706946680848334,0.9792268469887956
Logistic Regression,Multiple,0.03046218487394958,0.75,0.478527542929914,0.9792268469887956
Logistic Regression,Multiple,0.03046218487394958,0.7708333333333334,0.4675264435163327,0.9792268469887956
Logistic Regression,Multiple,0.030987394957983194,0.7708333333333334,0.4556276616557691,0.9792268469887956
Logistic Regression,Multiple,0.030987394957983194,0.78125,0.44076235857540946,0.9792268469887956
Logistic Regression,Multiple,0.032563025210084036,0.78125,0.404814130944051,0.9792268469887956
Logistic Regression,Multiple,0.032563025210084036,0.7916666666666666,0.4020548919303792,0.9792268469887956
Logistic Regression,Multiple,0.03361344537815126,0.7916666666666666,0.3863849917822889,0.9792268469887956
Logistic Regression,Multiple,0.03361344537815126,0.8020833333333334,0.3719072287589276,0.9792268469887956
Logistic Regression,Multiple,0.03413865546218487,0.8020833333333334,0.36659667693550196,0.9792268469887956
Logistic Regression,Multiple,0.03413865546218487,0.8125,0.3637073168093199,0.9792268469887956
Logistic Regression,Multiple,0.038340336134453784,0.8125,0.31344168795479654,0.9792268469887956
Logistic Regression,Multiple,0.038340336134453784,0.8333333333333334,0.2995707248915285,0.9792268469887956
Logistic Regression,Multiple,0.04254201680672269,0.8333333333333334,0.25204279280859526,0.9792268469887956
Logistic Regression,Multiple,0.04254201680672269,0.84375,0.24721212426293884,0.9792268469887956
Logistic Regression,Multiple,0.043592436974789914,0.84375,0.23785986232775336,0.9792268469887956
Logistic Regression,Multiple,0.043592436974789914,0.8541666666666666,0.23676721102828638,0.9792268469887956
Logistic Regression,Multiple,0.04411764705882353,0.8541666666666666,0.23459513178050898,0.9792268469887956
Logistic Regression,Multiple,0.04411764705882353,0.8645833333333334,0.23423857929961153,0.9792268469887956
Logistic Regression,Multiple,0.050945378151260504,0.8645833333333334,0.18209398801327317,0.9792268469887956
Logistic Regression,Multiple,0.050945378151260504,0.875,0.1807640425573274,0.9792268469887956
Logistic Regression,Multiple,0.05672268907563025,0.875,0.14785956190836042,0.9792268469887956
Logistic Regression,Multiple,0.05672268907563025,0.8854166666666666,0.14447217603929993,0.9792268469887956
Logistic Regression,Multiple,0.05934873949579832,0.8854166666666666,0.13286836581214034,0.9792268469887956
Logistic Regression,Multiple,0.05934873949579832,0.8958333333333334,0.1275468582487455,0.9792268469887956
Logistic Regression,Multiple,0.06302521008403361,0.8958333333333334,0.11277084077905405,0.9792268469887956
Logistic Regression,Multiple,0.06302521008403361,0.90625,0.11178255158750477,0.9792268469887956
Logistic Regression,Multiple,0.06460084033613446,0.90625,0.10987478414735691,0.9792268469887956
Logistic Regression,Multiple,0.06460084033613446,0.9166666666666666,0.1085987552026163,0.9792268469887956
Logistic Regression,Multiple,0.06827731092436974,0.9166666666666666,0.09956783617671977,0.9792268469887956
Logistic Regression,Multiple,0.06827731092436974,0.9270833333333334,0.09471515609466673,0.9792268469887956
Logistic Regression,Multiple,0.06932773109243698,0.9270833333333334,0.0909365959106292,0.9792268469887956
Logistic Regression,Multiple,0.06932773109243698,0.9375,0.09015929324082451,0.9792268469887956
Logistic Regression,Multiple,0.06985294117647059,0.9375,0.08979932732647208,0.9792268469887956
Logistic Regression,Multiple,0.06985294117647059,0.9479166666666666,0.08970205439940028,0.9792268469887956
Logistic Regression,Multiple,0.08560924369747899,0.9479166666666666,0.047676547423261245,0.9792268469887956
Logistic Regression,Multiple,0.08560924369747899,0.9583333333333334,0.04752533695118778,0.9792268469887956
Logistic Regression,Multiple,0.09033613445378151,0.9583333333333334,0.04138758660007633,0.9792268469887956
Logistic Regression,Multiple,0.09033613445378151,0.96875,0.040431004941999485,0.9792268469887956
Logistic Regression,Multiple,0.10504201680672269,0.96875,0.026834015763250632,0.9792268469887956
Logistic Regression,Multiple,0.10504201680672269,0.9791666666666666,0.026535775376511035,0.9792268469887956
Logistic Regression,Multiple,0.12762605042016806,0.9791666666666666,0.010600231405934293,0.9792268469887956
Logistic Regression,Multiple,0.12762605042016806,0.9895833333333334,0.010596337795129269,0.9792268469887956
Logistic Regression,Multiple,0.1407563025210084,0.9895833333333334,0.006656340705758068,0.9792268469887956
Logistic Regression,Multiple,0.1407563025210084,1.0,0.006644861526311427,0.9792268469887956
Logistic Regression,Multiple,1.0,1.0,6.407073229830403e-16,0.9792268469887956
Decision Tree,ADHD,0.0,0.0,inf,0.787845061088059
Decision Tree,ADHD,0.004149377593360996,0.013888888888888888,0.7428571428571429,0.787845061088059
Decision Tree,ADHD,0.19553941908713693,0.5,0.6528041415012942,0.787845061088059
Decision Tree,ADHD,0.19865145228215766,0.5138888888888888,0.37373737373737376,0.787845061088059
Decision Tree,ADHD,0.2676348547717842,0.75,0.3580613254203759,0.787845061088059
Decision Tree,ADHD,0.2894190871369295,0.7916666666666666,0.3509933774834437,0.787845061088059
Decision Tree,ADHD,0.29979253112033194,0.8194444444444444,0.23076923076923078,0.787845061088059
Decision Tree,ADHD,0.3112033195020747,0.8194444444444444,0.12121212121212122,0.787845061088059
Decision Tree,ADHD,0.3682572614107884,0.875,0.07991803278688525,0.787845061088059
Decision Tree,ADHD,0.37655601659751037,0.875,0.055900621118012424,0.787845061088059
Decision Tree,ADHD,0.40352697095435686,0.8888888888888888,0.05430847212165098,0.787845061088059
Decision Tree,ADHD,0.4336099585062241,0.9027777777777778,0.05244755244755245,0.787845061088059
Decision Tree,ADHD,0.5140041493775933,0.9305555555555556,0.03313840155945419,0.787845061088059
Decision Tree,ADHD,0.5389004149377593,0.9444444444444444,0.022843822843822845,0.787845061088059
Decision Tree,ADHD,0.5523858921161826,0.9444444444444444,0.016666666666666666,0.787845061088059
Decision Tree,ADHD,0.5612033195020747,0.9444444444444444,0.012903225806451613,0.787845061088059
Decision Tree,ADHD,0.5658713692946058,0.9722222222222222,0.00980392156862745,0.787845061088059
Decision Tree,ADHD,0.6026970954356846,0.9861111111111112,0.009708737864077669,0.787845061088059
Decision Tree,ADHD,0.6504149377593361,0.9861111111111112,0.006137658921525646,0.787845061088059
Decision Tree,ADHD,0.6841286307053942,0.9861111111111112,0.0030138637733574444,0.787845061088059
Decision Tree,ADHD,0.6976141078838174,0.9861111111111112,0.002105263157894737,0.787845061088059
Decision Tree,ADHD,0.9828838174273858,1.0,0.001876172607879925,0.787845061088059
Decision Tree,ADHD,1.0,1.0,0.0,0.787845061088059
Decision Tree,Anxiety_Stress,0.0,0.0,inf,0.9344121676795484
Decision Tree,Anxiety_Stress,0.007802340702210663,0.4427294882209586,0.9915572232645403,0.9344121676795484
Decision Tree,Anxiety_Stress,0.007802340702210663,0.45329000812347686,0.9833333333333333,0.9344121676795484
Decision Tree,Anxiety_Stress,0.01950585175552666,0.5385865150284321,0.8831967213114754,0.9344121676795484
Decision Tree,Anxiety_Stress,0.01950585175552666,0.5564581640942323,0.8787878787878788,0.9344121676795484
Decision Tree,Anxiety_Stress,0.0247074122236671,0.5897644191714053,0.5993377483443708,0.9344121676795484
Decision Tree,Anxiety_Stress,0.027308192457737322,0.5970755483346872,0.4835164835164835,0.9344121676795484
Decision Tree,Anxiety_Stress,0.07672301690507152,0.6880584890333062,0.47576656775469833,0.9344121676795484
Decision Tree,Anxiety_Stress,0.08062418725617686,0.6913078797725426,0.31313131313131315,0.9344121676795484
Decision Tree,Anxiety_Stress,0.19245773732119636,0.9496344435418359,0.217946505608283,0.9344121676795484
Decision Tree,Anxiety_Stress,0.20156046814044212,0.9528838342810723,0.208955223880597,0.9344121676795484
Decision Tree,Anxiety_Stress,0.20546163849154747,0.9577579203899269,0.1523809523809524,0.9344121676795484
Decision Tree,Anxiety_Stress,0.22366710013003901,0.9593826157595451,0.062111801242236024,0.9344121676795484
Decision Tree,Anxiety_Stress,0.23276983094928477,0.9626320064987814,0.058823529411764705,0.9344121676795484
Decision Tree,Anxiety_Stress,0.247074122236671,0.9642567018683996,0.0423728813559322,0.9344121676795484
Decision Tree,Anxiety_Stress,0.3159947984395319,0.9691307879772543,0.030303030303030304,0.9344121676795484
Decision Tree,Anxiety_Stress,0.5032509752925878,0.9796913078797725,0.022417153996101363,0.9344121676795484
Decision Tree,Anxiety_Stress,0.5604681404421327,0.9870024370430545,0.0166545981173063,0.9344121676795484
Decision Tree,Anxiety_Stress,0.6137841352405722,0.9935012185215272,0.016317016317016316,0.9344121676795484
Decision Tree,Anxiety_Stress,0.6293888166449935,0.9935012185215272,0.014388489208633094,0.9344121676795484
Decision Tree,Anxiety_Stress,0.6488946684005201,0.9951259138911455,0.014193548387096775,0.9344121676795484
Decision Tree,Anxiety_Stress,0.6553966189856957,0.9967506092607636,0.013986013986013986,0.9344121676795484
Decision Tree,Anxiety_Stress,0.7464239271781534,0.9983753046303818,0.009708737864077669,0.9344121676795484
Decision Tree,Anxiety_Stress,0.8296488946684005,0.9991876523151909,0.007836045810729355,0.9344121676795484
Decision Tree,Anxiety_Stress,0.8621586475942783,1.0,0.00631578947368421,0.9344121676795484
Decision Tree,Anxiety_Stress,0.9817945383615084,1.0,0.0021920210434020165,0.9344121676795484
Decision Tree,Anxiety_Stress,1.0,1.0,0.0,0.9344121676795484
Decision Tree,Burnout,0.0,0.0,inf,0.9445495998230373
Decision Tree,Burnout,0.008445945945945946,0.34375,0.8719859710653223,0.9445495998230373
Decision Tree,Burnout,0.009009009009009009,0.3794642857142857,0.8648648648648649,0.9445495998230373
Decision Tree,Burnout,0.011824324324324325,0.4107142857142857,0.5719424460431655,0.9445495998230373
Decision Tree,Burnout,0.018581081081081082,0.4732142857142857,0.5505263157894736,0.9445495998230373
Decision Tree,Burnout,0.04448198198198198,0.5892857142857143,0.5504854368932038,0.9445495998230373
Decision Tree,Burnout,0.05574324324324324,0.7901785714285714,0.4936708860759494,0.9445495998230373
Decision Tree,Burnout,0.061936936936936936,0.7991071428571429,0.4067796610169492,0.9445495998230373
Decision Tree,Burnout,0.08502252252252253,0.8526785714285714,0.2519913106444605,0.9445495998230373
Decision Tree,Burnout,0.08727477477477477,0.8571428571428571,0.23008849557522124,0.9445495998230373
Decision Tree,Burnout,0.09346846846846847,0.8839285714285714,0.20258064516129032,0.9445495998230373
Decision Tree,Burnout,0.09628378378378379,0.8928571428571429,0.14685314685314685,0.9445495998230373
Decision Tree,Burnout,0.12781531531531531,0.90625,0.04428904428904429,0.9445495998230373
Decision Tree,Burnout,0.13344594594594594,0.9107142857142857,0.029411764705882353,0.9445495998230373
Decision Tree,Burnout,0.13963963963963963,0.9107142857142857,0.02197802197802198,0.9445495998230373
Decision Tree,Burnout,0.22240990990990991,0.9241071428571429,0.021760633036597428,0.9445495998230373
Decision Tree,Burnout,0.3079954954954955,0.9464285714285714,0.020955165692007796,0.9445495998230373
Decision Tree,Burnout,0.3153153153153153,0.9598214285714286,0.018633540372670808,0.9445495998230373
Decision Tree,Burnout,0.34065315315315314,0.9776785714285714,0.01351981351981352,0.9445495998230373
Decision Tree,Burnout,0.5653153153153153,1.0,0.010181190681622088,0.9445495998230373
Decision Tree,Burnout,0.571509009009009,1.0,0.009950248756218905,0.9445495998230373
Decision Tree,Burnout,1.0,1.0,0.0,0.9445495998230373
Decision Tree,Mood,0.0,0.0,inf,0.9028831240571951
Decision Tree,Mood,0.014171287738755391,0.35543766578249336,0.9005847953216374,0.9028831240571951
Decision Tree,Mood,0.02033271719038817,0.4854111405835544,0.8671328671328671,0.9028831240571951
Decision Tree,Mood,0.02341343191620456,0.5145888594164456,0.8571428571428571,0.9028831240571951
Decision Tree,Mood,0.024029574861367836,0.5251989389920424,0.7699115044247787,0.9028831240571951
Decision Tree,Mood,0.028342575477510783,0.5411140583554377,0.4491525423728814,0.9028831240571951
Decision Tree,Mood,0.03203943314849045,0.5543766578249337,0.417910447761194,0.9028831240571951
Decision Tree,Mood,0.04990757855822551,0.6684350132625995,0.3883495145631068,0.9028831240571951
Decision Tree,Mood,0.0529882932840419,0.6737400530503979,0.31313131313131315,0.9028831240571951
Decision Tree,Mood,0.07024029574861368,0.7400530503978779,0.2389572773352643,0.9028831240571951
Decision Tree,Mood,0.07578558225508318,0.7453580901856764,0.18627450980392157,0.9028831240571951
Decision Tree,Mood,0.08133086876155268,0.753315649867374,0.17625899280575538,0.9028831240571951
Decision Tree,Mood,0.0862600123228589,0.7559681697612732,0.13513513513513514,0.9028831240571951
Decision Tree,Mood,0.09858287122612445,0.7718832891246684,0.1168421052631579,0.9028831240571951
Decision Tree,Mood,0.18114602587800369,0.8143236074270557,0.11671612265084075,0.9028831240571951
Decision Tree,Mood,0.1860751694393099,0.8169761273209549,0.10476190476190476,0.9028831240571951
Decision Tree,Mood,0.1947011706715958,0.8249336870026526,0.09935483870967741,0.9028831240571951
Decision Tree,Mood,0.20147874306839186,0.8249336870026526,0.0989010989010989,0.9028831240571951
Decision Tree,Mood,0.42452248921749847,0.9363395225464191,0.08524590163934426,0.9028831240571951
Decision Tree,Mood,0.47504621072088726,0.9628647214854111,0.06400701446733889,0.9028831240571951
Decision Tree,Mood,0.5021565003080715,0.9655172413793104,0.04966887417218543,0.9028831240571951
Decision Tree,Mood,0.5064695009242144,0.9655172413793104,0.04195804195804196,0.9028831240571951
Decision Tree,Mood,0.5452865064695009,0.9708222811671088,0.04159132007233273,0.9028831240571951
Decision Tree,Mood,0.6124460874922982,0.9840848806366048,0.03483606557377049,0.9028831240571951
Decision Tree,Mood,0.6420209488601355,0.986737400530504,0.01351981351981352,0.9028831240571951
Decision Tree,Mood,0.9784349969192853,1.0,0.006566604127579738,0.9028831240571951
Decision Tree,Mood,1.0,1.0,0.0,0.9028831240571951
Decision Tree,Multiple,0.0,0.0,inf,0.9242548581932775
Decision Tree,Multiple,0.007352941176470588,0.3645833333333333,0.9337995337995338,0.9242548581932775
Decision Tree,Multiple,0.009453781512605041,0.3958333333333333,0.7972027972027972,0.9242548581932775
Decision Tree,Multiple,0.014180672268907563,0.4166666666666667,0.7156862745098039,0.9242548581932775
Decision Tree,Multiple,0.01995798319327731,0.4791666666666667,0.6709677419354839,0.9242548581932775
Decision Tree,Multiple,0.045168067226890755,0.65625,0.4538878842676311,0.9242548581932775
Decision Tree,Multiple,0.06985294117647059,0.71875,0.4380883417813179,0.9242548581932775
Decision Tree,Multiple,0.08088235294117647,0.7708333333333334,0.32421052631578945,0.9242548581932775
Decision Tree,Multiple,0.0861344537815126,0.7916666666666666,0.23741007194244604,0.9242548581932775
Decision Tree,Multiple,0.09138655462184873,0.8020833333333334,0.16483516483516483,0.9242548581932775
Decision Tree,Multiple,0.09663865546218488,0.8333333333333334,0.0847457627118644,0.9242548581932775
Decision Tree,Multiple,0.14233193277310924,0.8854166666666666,0.055677334502411226,0.9242548581932775
Decision Tree,Multiple,0.1801470588235294,0.8854166666666666,0.04174757281553398,0.9242548581932775
Decision Tree,Multiple,0.18539915966386555,0.8958333333333334,0.03482587064676617,0.9242548581932775
Decision Tree,Multiple,0.3954831932773109,0.9375,0.033822260569456426,0.9242548581932775
Decision Tree,Multiple,0.4732142857142857,0.9583333333333334,0.027695351137487636,0.9242548581932775
Decision Tree,Multiple,0.5540966386554622,0.9895833333333334,0.02290448343079922,0.9242548581932775
Decision Tree,Multiple,0.5625,0.9895833333333334,0.006211180124223602,0.9242548581932775
Decision Tree,Multiple,0.5934873949579832,0.9895833333333334,0.005827505827505828,0.9242548581932775
Decision Tree,Multiple,0.6533613445378151,0.9895833333333334,0.0020491803278688526,0.9242548581932775
Decision Tree,Multiple,1.0,1.0,0.0,0.9242548581932775
Random Forest,ADHD,0.0,0.0,inf,0.7508500461041955
Random Forest,ADHD,0.0005186721991701245,0.0,0.32,0.7508500461041955
Random Forest,ADHD,0.0015560165975103733,0.0,0.27,0.7508500461041955
Random Forest,ADHD,0.0036307053941908715,0.0,0.25,0.7508500461041955
Random Forest,ADHD,0.005705394190871369,0.0,0.24,0.7508500461041955
Random Forest,ADHD,0.008298755186721992,0.0,0.23,0.7508500461041955
Random Forest,ADHD,0.00933609958506224,0.0,0.22,0.7508500461041955
Random Forest,ADHD,0.015560165975103735,0.0,0.21,0.7508500461041955
Random Forest,ADHD,0.021784232365145227,0.027777777777777776,0.2,0.7508500461041955
Random Forest,ADHD,0.028526970954356846,0.05555555555555555,0.19,0.7508500461041955
Random Forest,ADHD,0.040975103734439834,0.1388888888888889,0.18,0.7508500461041955
Random Forest,ADHD,0.04979253112033195,0.1527777777777778,0.17,0.7508500461041955
Random Forest,ADHD,0.061203319502074686,0.19444444444444445,0.16,0.7508500461041955
Random Forest,ADHD,0.1016597510373444,0.2777777777777778,0.14,0.7508500461041955
Random Forest,ADHD,0.13018672199170125,0.3333333333333333,0.13,0.7508500461041955
Random Forest,ADHD,0.15767634854771784,0.4166666666666667,0.12,0.7508500461041955
Random Forest,ADHD,0.19865145228215766,0.5555555555555556,0.11,0.7508500461041955
Random Forest,ADHD,0.23340248962655602,0.5833333333333334,0.1,0.7508500461041955
Random Forest,ADHD,0.28267634854771784,0.6666666666666666,0.09,0.7508500461041955
Random Forest,ADHD,0.32987551867219916,0.75,0.08,0.7508500461041955
Random Forest,ADHD,0.3967842323651452,0.7916666666666666,0.07,0.7508500461041955
Random Forest,ADHD,0.46680497925311204,0.8472222222222222,0.06,0.7508500461041955
Random Forest,ADHD,0.5456431535269709,0.9027777777777778,0.05,0.7508500461041955
Random Forest,ADHD,0.6504149377593361,0.9444444444444444,0.04,0.7508500461041955
Random Forest,ADHD,0.754149377593361,0.9444444444444444,0.03,0.7508500461041955
Random Forest,ADHD,0.8449170124481328,0.9722222222222222,0.02,0.7508500461041955
Random Forest,ADHD,0.9351659751037344,1.0,0.01,0.7508500461041955
Random Forest,ADHD,1.0,1.0,0.0,0.7508500461041955
Random Forest,Anxiety_Stress,0.0,0.0,inf,0.9449383555927866
Random Forest,Anxiety_Stress,0.0,0.0008123476848090983,1.0,0.9449383555927866
Random Forest,Anxiety_Stress,0.0,0.0016246953696181965,0.99,0.9449383555927866
Random Forest,Anxiety_Stress,0.0,0.003249390739236393,0.98,0.9449383555927866
Random Forest,Anxiety_Stress,0.0,0.011372867587327376,0.97,0.9449383555927866
Random Forest,Anxiety_Stress,0.0,0.023558082859463852,0.96,0.9449383555927866
Random Forest,Anxiety_Stress,0.0039011703511053317,0.034930950446791224,0.95,0.9449383555927866
Random Forest,Anxiety_Stress,0.0039011703511053317,0.05848903330625508,0.94,0.9449383555927866
Random Forest,Anxiety_Stress,0.006501950585175552,0.0950446791226645,0.93,0.9449383555927866
Random Forest,Anxiety_Stress,0.007802340702210663,0.12672623883021933,0.92,0.9449383555927866
Random Forest,Anxiety_Stress,0.007802340702210663,0.17221770917952883,0.91,0.9449383555927866
Random Forest,Anxiety_Stress,0.007802340702210663,0.20633631194151097,0.9,0.9449383555927866
Random Forest,Anxiety_Stress,0.009102730819245773,0.24289195775792038,0.89,0.9449383555927866
Random Forest,Anxiety_Stress,0.009102730819245773,0.2843216896831844,0.88,0.9449383555927866
Random Forest,Anxiety_Stress,0.010403120936280884,0.3241267262388302,0.87,0.9449383555927866
Random Forest,Anxiety_Stress,0.014304291287386216,0.3647441104792851,0.86,0.9449383555927866
Random Forest,Anxiety_Stress,0.016905071521456438,0.39642567018683994,0.85,0.9449383555927866
Random Forest,Anxiety_Stress,0.02080624187256177,0.4272948822095857,0.84,0.9449383555927866
Random Forest,Anxiety_Stress,0.022106631989596878,0.46303818034118605,0.83,0.9449383555927866
Random Forest,Anxiety_Stress,0.0247074122236671,0.49065800162469536,0.82,0.9449383555927866
Random Forest,Anxiety_Stress,0.02600780234070221,0.5231519090170593,0.81,0.9449383555927866
Random Forest,Anxiety_Stress,0.02990897269180754,0.545897644191714,0.8,0.9449383555927866
Random Forest,Anxiety_Stress,0.031209362808842653,0.5686433793663688,0.79,0.9449383555927866
Random Forest,Anxiety_Stress,0.031209362808842653,0.5857026807473599,0.78,0.9449383555927866
Random Forest,Anxiety_Stress,0.035110533159947985,0.6084484159220146,0.77,0.9449383555927866
Random Forest,Anxiety_Stress,0.04031209362808843,0.6328188464662876,0.76,0.9449383555927866
Random Forest,Anxiety_Stress,0.0494148244473342,0.6482534524776604,0.75,0.9449383555927866
Random Forest,Anxiety_Stress,0.0611183355006502,0.6669374492282697,0.74,0.9449383555927866
Random Forest,Anxiety_Stress,0.07152145643693109,0.6888708367181153,0.73,0.9449383555927866
Random Forest,Anxiety_Stress,0.0741222366710013,0.7148659626320065,0.72,0.9449383555927866
Random Forest,Anxiety_Stress,0.07802340702210664,0.7294882209585702,0.71,0.9449383555927866
Random Forest,Anxiety_Stress,0.08062418725617686,0.7424857839155159,0.7,0.9449383555927866
Random Forest,Anxiety_Stress,0.08712613784135241,0.7627944760357434,0.69,0.9449383555927866
Random Forest,Anxiety_Stress,0.09622886866059818,0.776604386677498,0.68,0.9449383555927866
Random Forest,Anxiety_Stress,0.10013003901170352,0.7839155158407799,0.67,0.9449383555927866
Random Forest,Anxiety_Stress,0.10923276983094929,0.8001624695369618,0.66,0.9449383555927866
Random Forest,Anxiety_Stress,0.11573472041612484,0.8107229894394801,0.65,0.9449383555927866
Random Forest,Anxiety_Stress,0.11963589076723016,0.8204711616571893,0.64,0.9449383555927866
Random Forest,Anxiety_Stress,0.12613784135240572,0.8375304630381804,0.63,0.9449383555927866
Random Forest,Anxiety_Stress,0.12743823146944083,0.8497156783103168,0.62,0.9449383555927866
Random Forest,Anxiety_Stress,0.12743823146944083,0.8610885458976442,0.61,0.9449383555927866
Random Forest,Anxiety_Stress,0.12873862158647595,0.8700243704305443,0.6,0.9449383555927866
Random Forest,Anxiety_Stress,0.13133940182054615,0.8748984565393989,0.59,0.9449383555927866
Random Forest,Anxiety_Stress,0.1378413524057217,0.8846466287571081,0.58,0.9449383555927866
Random Forest,Anxiety_Stress,0.14304291287386217,0.8935824532900081,0.57,0.9449383555927866
Random Forest,Anxiety_Stress,0.14434330299089726,0.90089358245329,0.56,0.9449383555927866
Random Forest,Anxiety_Stress,0.1469440832249675,0.9098294069861901,0.55,0.9449383555927866
Random Forest,Anxiety_Stress,0.14954486345903772,0.9155158407798538,0.54,0.9449383555927866
Random Forest,Anxiety_Stress,0.15474642392717816,0.9203899268887084,0.53,0.9449383555927866
Random Forest,Anxiety_Stress,0.15734720416124837,0.9277010560519903,0.52,0.9449383555927866
Random Forest,Anxiety_Stress,0.16124837451235371,0.9317627944760357,0.51,0.9449383555927866
Random Forest,Anxiety_Stress,0.1625487646293888,0.9350121852152722,0.5,0.9449383555927866
Random Forest,Anxiety_Stress,0.16514954486345904,0.9374492282696995,0.49,0.9449383555927866
Random Forest,Anxiety_Stress,0.16905071521456436,0.942323314378554,0.48,0.9449383555927866
Random Forest,Anxiety_Stress,0.17035110533159947,0.9463850528025995,0.47,0.9449383555927866
Random Forest,Anxiety_Stress,0.1716514954486346,0.9480097481722177,0.46,0.9449383555927866
Random Forest,Anxiety_Stress,0.1729518855656697,0.9488220958570268,0.45,0.9449383555927866
Random Forest,Anxiety_Stress,0.1755526657997399,0.950446791226645,0.44,0.9449383555927866
Random Forest,Anxiety_Stress,0.17945383615084526,0.950446791226645,0.43,0.9449383555927866
Random Forest,Anxiety_Stress,0.18075422626788037,0.9536961819658814,0.42,0.9449383555927866
Random Forest,Anxiety_Stress,0.18725617685305593,0.958570268074736,0.41,0.9449383555927866
Random Forest,Anxiety_Stress,0.18985695708712613,0.9593826157595451,0.4,0.9449383555927866
Random Forest,Anxiety_Stress,0.19375812743823148,0.9601949634443542,0.39,0.9449383555927866
Random Forest,Anxiety_Stress,0.20026007802340703,0.9642567018683996,0.38,0.9449383555927866
Random Forest,Anxiety_Stress,0.20806241872561768,0.9675060926076361,0.37,0.9449383555927866
Random Forest,Anxiety_Stress,0.21716514954486346,0.9683184402924452,0.36,0.9449383555927866
Random Forest,Anxiety_Stress,0.2223667100130039,0.9715678310316815,0.35,0.9449383555927866
Random Forest,Anxiety_Stress,0.22626788036410922,0.9740048740861088,0.34,0.9449383555927866
Random Forest,Anxiety_Stress,0.23276983094928477,0.9772542648253453,0.33,0.9449383555927866
Random Forest,Anxiety_Stress,0.24577373211963588,0.9796913078797725,0.32,0.9449383555927866
Random Forest,Anxiety_Stress,0.25097529258777634,0.9805036555645816,0.31,0.9449383555927866
Random Forest,Anxiety_Stress,0.258777633289987,0.9829406986190089,0.3,0.9449383555927866
Random Forest,Anxiety_Stress,0.26397919375812745,0.983753046303818,0.29,0.9449383555927866
Random Forest,Anxiety_Stress,0.27698309492847856,0.9845653939886271,0.28,0.9449383555927866
Random Forest,Anxiety_Stress,0.2834850455136541,0.9861900893582454,0.27,0.9449383555927866
Random Forest,Anxiety_Stress,0.28998699609882966,0.9902518277822908,0.26,0.9449383555927866
Random Forest,Anxiety_Stress,0.30039011703511054,0.9910641754670999,0.25,0.9449383555927866
Random Forest,Anxiety_Stress,0.3094928478543563,0.9926888708367181,0.24,0.9449383555927866
Random Forest,Anxiety_Stress,0.3198959687906372,0.9935012185215272,0.23,0.9449383555927866
Random Forest,Anxiety_Stress,0.33550065019505854,0.9935012185215272,0.22,0.9449383555927866
Random Forest,Anxiety_Stress,0.35240572171651496,0.9959382615759546,0.21,0.9449383555927866
Random Forest,Anxiety_Stress,0.3706111833550065,0.9967506092607636,0.2,0.9449383555927866
Random Forest,Anxiety_Stress,0.37971391417425226,0.9991876523151909,0.19,0.9449383555927866
Random Forest,Anxiety_Stress,0.39271781534460337,0.9991876523151909,0.18,0.9449383555927866
Random Forest,Anxiety_Stress,0.4057217165149545,1.0,0.17,0.9449383555927866
Random Forest,Anxiety_Stress,0.42912873862158646,1.0,0.16,0.9449383555927866
Random Forest,Anxiety_Stress,0.44993498049414826,1.0,0.15,0.9449383555927866
Random Forest,Anxiety_Stress,0.47724317295188556,1.0,0.14,0.9449383555927866
Random Forest,Anxiety_Stress,0.5344603381014305,1.0,0.12,0.9449383555927866
Random Forest,Anxiety_Stress,0.5591677503250976,1.0,0.11,0.9449383555927866
Random Forest,Anxiety_Stress,0.5903771131339401,1.0,0.1,0.9449383555927866
Random Forest,Anxiety_Stress,0.6345903771131339,1.0,0.09,0.9449383555927866
Random Forest,Anxiety_Stress,0.6762028608582574,1.0,0.08,0.9449383555927866
Random Forest,Anxiety_Stress,0.7282184655396619,1.0,0.07,0.9449383555927866
Random Forest,Anxiety_Stress,0.7711313394018205,1.0,0.06,0.9449383555927866
Random Forest,Anxiety_Stress,0.8283485045513654,1.0,0.05,0.9449383555927866
Random Forest,Anxiety_Stress,0.8881664499349805,1.0,0.04,0.9449383555927866
Random Forest,Anxiety_Stress,0.9362808842652796,1.0,0.03,0.9449383555927866
Random Forest,Anxiety_Stress,0.9739921976592978,1.0,0.02,0.9449383555927866
Random Forest,Anxiety_Stress,0.988296488946684,1.0,0.01,0.9449383555927866
Random Forest,Anxiety_Stress,1.0,1.0,0.0,0.9449383555927866
Random Forest,Burnout,0.0,0.0,inf,0.9686318573037324
Random Forest,Burnout,0.0,0.004464285714285714,0.78,0.9686318573037324
Random Forest,Burnout,0.0,0.022321428571428572,0.74,0.9686318573037324
Random Forest,Burnout,0.0,0.049107142857142856,0.73,0.9686318573037324
Random Forest,Burnout,0.0,0.05357142857142857,0.72,0.9686318573037324
Random Forest,Burnout,0.0,0.07142857142857142,0.7,0.9686318573037324
Random Forest,Burnout,0.0,0.09375,0.69,0.9686318573037324
Random Forest,Burnout,0.0,0.10714285714285714,0.68,0.9686318573037324
Random Forest,Burnout,0.0,0.11160714285714286,0.67,0.9686318573037324
Random Forest,Burnout,0.0,0.14732142857142858,0.65,0.9686318573037324
Random Forest,Burnout,0.0,0.16071428571428573,0.64,0.9686318573037324
Random Forest,Burnout,0.0,0.16964285714285715,0.62,0.9686318573037324
Random Forest,Burnout,0.0005630630630630631,0.20089285714285715,0.61,0.9686318573037324
Random Forest,Burnout,0.0005630630630630631,0.21875,0.6,0.9686318573037324
Random Forest,Burnout,0.0011261261261261261,0.23214285714285715,0.59,0.9686318573037324
Random Forest,Burnout,0.0011261261261261261,0.24553571428571427,0.58,0.9686318573037324
Random Forest,Burnout,0.002815315315315315,0.2767857142857143,0.57,0.9686318573037324
Random Forest,Burnout,0.002815315315315315,0.29464285714285715,0.56,0.9686318573037324
Random Forest,Burnout,0.003941441441441441,0.32589285714285715,0.55,0.9686318573037324
Random Forest,Burnout,0.006193693693693694,0.33482142857142855,0.54,0.9686318573037324
Random Forest,Burnout,0.008445945945945946,0.36160714285714285,0.53,0.9686318573037324
Random Forest,Burnout,0.009572072072072071,0.3794642857142857,0.52,0.9686318573037324
Random Forest,Burnout,0.009572072072072071,0.4107142857142857,0.51,0.9686318573037324
Random Forest,Burnout,0.010135135135135136,0.4419642857142857,0.5,0.9686318573037324
Random Forest,Burnout,0.011824324324324325,0.45535714285714285,0.49,0.9686318573037324
Random Forest,Burnout,0.013513513513513514,0.4732142857142857,0.48,0.9686318573037324
Random Forest,Burnout,0.015202702702702704,0.5044642857142857,0.47,0.9686318573037324
Random Forest,Burnout,0.020833333333333332,0.5223214285714286,0.46,0.9686318573037324
Random Forest,Burnout,0.02195945945945946,0.5446428571428571,0.45,0.9686318573037324
Random Forest,Burnout,0.02252252252252252,0.5625,0.44,0.9686318573037324
Random Forest,Burnout,0.02364864864864865,0.5803571428571429,0.43,0.9686318573037324
Random Forest,Burnout,0.02927927927927928,0.6160714285714286,0.42,0.9686318573037324
Random Forest,Burnout,0.03153153153153153,0.6205357142857143,0.41,0.9686318573037324
Random Forest,Burnout,0.03153153153153153,0.6294642857142857,0.4,0.9686318573037324
Random Forest,Burnout,0.033783783783783786,0.6607142857142857,0.39,0.9686318573037324
Random Forest,Burnout,0.0365990990990991,0.6830357142857143,0.38,0.9686318573037324
Random Forest,Burnout,0.03997747747747748,0.7008928571428571,0.37,0.9686318573037324
Random Forest,Burnout,0.04110360360360361,0.71875,0.36,0.9686318573037324
Random Forest,Burnout,0.04222972972972973,0.7321428571428571,0.35,0.9686318573037324
Random Forest,Burnout,0.04617117117117117,0.7589285714285714,0.34,0.9686318573037324
Random Forest,Burnout,0.051238738738738736,0.7723214285714286,0.33,0.9686318573037324
Random Forest,Burnout,0.05518018018018018,0.8035714285714286,0.32,0.9686318573037324
Random Forest,Burnout,0.05799549549549549,0.8080357142857143,0.31,0.9686318573037324
Random Forest,Burnout,0.06362612612612613,0.84375,0.29,0.9686318573037324
Random Forest,Burnout,0.06813063063063063,0.8616071428571429,0.28,0.9686318573037324
Random Forest,Burnout,0.07713963963963964,0.8883928571428571,0.26,0.9686318573037324
Random Forest,Burnout,0.08164414414414414,0.9241071428571429,0.25,0.9686318573037324
Random Forest,Burnout,0.09177927927927929,0.9330357142857143,0.24,0.9686318573037324
Random Forest,Burnout,0.09797297297297297,0.9419642857142857,0.23,0.9686318573037324
Random Forest,Burnout,0.10585585585585586,0.9508928571428571,0.22,0.9686318573037324
Random Forest,Burnout,0.11486486486486487,0.9553571428571429,0.21,0.9686318573037324
Random Forest,Burnout,0.12387387387387387,0.96875,0.2,0.9686318573037324
Random Forest,Burnout,0.134009009009009,0.9776785714285714,0.19,0.9686318573037324
Random Forest,Burnout,0.14414414414414414,0.9821428571428571,0.18,0.9686318573037324
Random Forest,Burnout,0.16103603603603603,0.9821428571428571,0.17,0.9686318573037324
Random Forest,Burnout,0.17342342342342343,0.9821428571428571,0.16,0.9686318573037324
Random Forest,Burnout,0.18468468468468469,0.9866071428571429,0.15,0.9686318573037324
Random Forest,Burnout,0.19932432432432431,0.9910714285714286,0.14,0.9686318573037324
Random Forest,Burnout,0.21340090090090091,0.9910714285714286,0.13,0.9686318573037324
Random Forest,Burnout,0.22691441441441443,0.9910714285714286,0.12,0.9686318573037324
Random Forest,Burnout,0.2393018018018018,0.9910714285714286,0.11,0.9686318573037324
Random Forest,Burnout,0.26295045045045046,0.9910714285714286,0.1,0.9686318573037324
Random Forest,Burnout,0.2759009009009009,0.9955357142857143,0.09,0.9686318573037324
Random Forest,Burnout,0.29617117117117114,0.9955357142857143,0.08,0.9686318573037324
Random Forest,Burnout,0.3293918918918919,1.0,0.07,0.9686318573037324
Random Forest,Burnout,0.3507882882882883,1.0,0.06,0.9686318573037324
Random Forest,Burnout,0.38288288288288286,1.0,0.05,0.9686318573037324
Random Forest,Burnout,0.4391891891891892,1.0,0.04,0.9686318573037324
Random Forest,Burnout,0.5033783783783784,1.0,0.03,0.9686318573037324
Random Forest,Burnout,0.6266891891891891,1.0,0.02,0.9686318573037324
Random Forest,Burnout,0.8186936936936937,1.0,0.01,0.9686318573037324
Random Forest,Burnout,1.0,1.0,0.0,0.9686318573037324
Random Forest,Mood,0.0,0.0,inf,0.9093869459412196
Random Forest,Mood,0.0,0.002652519893899204,0.87,0.9093869459412196
Random Forest,Mood,0.0,0.007957559681697613,0.84,0.9093869459412196
Random Forest,Mood,0.0,0.013262599469496022,0.83,0.9093869459412196
Random Forest,Mood,0.0,0.021220159151193633,0.81,0.9093869459412196
Random Forest,Mood,0.0,0.03183023872679045,0.79,0.9093869459412196
Random Forest,Mood,0.0,0.03978779840848806,0.78,0.9093869459412196
Random Forest,Mood,0.0,0.050397877984084884,0.77,0.9093869459412196
Random Forest,Mood,0.0,0.07692307692307693,0.75,0.9093869459412196
Random Forest,Mood,0.0,0.08222811671087533,0.74,0.9093869459412196
Random Forest,Mood,0.0,0.10610079575596817,0.73,0.9093869459412196
Random Forest,Mood,0.0,0.1273209549071618,0.72,0.9093869459412196
Random Forest,Mood,0.0,0.14058355437665782,0.71,0.9093869459412196
Random Forest,Mood,0.0,0.15649867374005305,0.7,0.9093869459412196
Random Forest,Mood,0.0,0.1830238726790451,0.68,0.9093869459412196
Random Forest,Mood,0.0,0.1989389920424403,0.67,0.9093869459412196
Random Forest,Mood,0.0,0.22015915119363394,0.66,0.9093869459412196
Random Forest,Mood,0.0,0.2493368700265252,0.65,0.9093869459412196
Random Forest,Mood,0.0006161429451632779,0.2625994694960212,0.64,0.9093869459412196
Random Forest,Mood,0.0006161429451632779,0.28116710875331563,0.63,0.9093869459412196
Random Forest,Mood,0.0018484288354898336,0.3076923076923077,0.62,0.9093869459412196
Random Forest,Mood,0.0024645717806531116,0.32891246684350134,0.61,0.9093869459412196
Random Forest,Mood,0.0030807147258163892,0.33687002652519893,0.6,0.9093869459412196
Random Forest,Mood,0.0030807147258163892,0.363395225464191,0.59,0.9093869459412196
Random Forest,Mood,0.0030807147258163892,0.38461538461538464,0.58,0.9093869459412196
Random Forest,Mood,0.0030807147258163892,0.3952254641909814,0.57,0.9093869459412196
Random Forest,Mood,0.004313000616142945,0.4005305039787798,0.56,0.9093869459412196
Random Forest,Mood,0.004313000616142945,0.4217506631299735,0.55,0.9093869459412196
Random Forest,Mood,0.004929143561306223,0.4403183023872679,0.54,0.9093869459412196
Random Forest,Mood,0.004929143561306223,0.46153846153846156,0.53,0.9093869459412196
Random Forest,Mood,0.005545286506469501,0.48010610079575594,0.52,0.9093869459412196
Random Forest,Mood,0.006777572396796057,0.4960212201591512,0.51,0.9093869459412196
Random Forest,Mood,0.00862600123228589,0.506631299734748,0.5,0.9093869459412196
Random Forest,Mood,0.010474430067775724,0.53315649867374,0.49,0.9093869459412196
Random Forest,Mood,0.012939001848428836,0.5411140583554377,0.48,0.9093869459412196
Random Forest,Mood,0.013555144793592114,0.5464190981432361,0.47,0.9093869459412196
Random Forest,Mood,0.016019716574245224,0.5676392572944297,0.46,0.9093869459412196
Random Forest,Mood,0.020948860135551448,0.5888594164456233,0.45,0.9093869459412196
Random Forest,Mood,0.024029574861367836,0.6021220159151194,0.44,0.9093869459412196
Random Forest,Mood,0.025878003696857672,0.6206896551724138,0.43,0.9093869459412196
Random Forest,Mood,0.028342575477510783,0.6286472148541115,0.42,0.9093869459412196
Random Forest,Mood,0.02895871842267406,0.6445623342175066,0.41,0.9093869459412196
Random Forest,Mood,0.030807147258163893,0.6631299734748011,0.4,0.9093869459412196
Random Forest,Mood,0.035736290819470114,0.6763925729442971,0.39,0.9093869459412196
Random Forest,Mood,0.03758471965495995,0.6870026525198939,0.38,0.9093869459412196
Random Forest,Mood,0.041281577325939615,0.6949602122015915,0.37,0.9093869459412196
Random Forest,Mood,0.04374614910659273,0.713527851458886,0.36,0.9093869459412196
Random Forest,Mood,0.04805914972273567,0.726790450928382,0.35,0.9093869459412196
Random Forest,Mood,0.04990757855822551,0.7400530503978779,0.34,0.9093869459412196
Random Forest,Mood,0.053604436229205174,0.753315649867374,0.33,0.9093869459412196
Random Forest,Mood,0.05976586568083796,0.7718832891246684,0.32,0.9093869459412196
Random Forest,Mood,0.06469500924214418,0.7798408488063661,0.31,0.9093869459412196
Random Forest,Mood,0.07085643869377696,0.7904509283819628,0.3,0.9093869459412196
Random Forest,Mood,0.07455329636475662,0.7984084880636605,0.29,0.9093869459412196
Random Forest,Mood,0.08441158348736907,0.8090185676392573,0.28,0.9093869459412196
Random Forest,Mood,0.09303758471965495,0.8090185676392573,0.27,0.9093869459412196
Random Forest,Mood,0.10659272951324707,0.8116710875331565,0.26,0.9093869459412196
Random Forest,Mood,0.11829944547134935,0.8143236074270557,0.25,0.9093869459412196
Random Forest,Mood,0.1287738755391251,0.8222811671087533,0.24,0.9093869459412196
Random Forest,Mood,0.1423290203327172,0.830238726790451,0.23,0.9093869459412196
Random Forest,Mood,0.15773259396179914,0.830238726790451,0.22,0.9093869459412196
Random Forest,Mood,0.16943930991990142,0.8381962864721485,0.21,0.9093869459412196
Random Forest,Mood,0.18422674060382008,0.8408488063660478,0.2,0.9093869459412196
Random Forest,Mood,0.2119531731361676,0.8461538461538461,0.19,0.9093869459412196
Random Forest,Mood,0.24214417744916822,0.8567639257294429,0.18,0.9093869459412196
Random Forest,Mood,0.2729513247073321,0.8620689655172413,0.17,0.9093869459412196
Random Forest,Mood,0.2975970425138632,0.8885941644562334,0.16,0.9093869459412196
Random Forest,Mood,0.33086876155268025,0.8938992042440318,0.15,0.9093869459412196
Random Forest,Mood,0.37399876771410967,0.896551724137931,0.14,0.9093869459412196
Random Forest,Mood,0.4048059149722736,0.9124668435013262,0.13,0.9093869459412196
Random Forest,Mood,0.4540973505853358,0.9310344827586207,0.12,0.9093869459412196
Random Forest,Mood,0.5052372150338879,0.9389920424403183,0.11,0.9093869459412196
Random Forest,Mood,0.5446703635243376,0.946949602122016,0.1,0.9093869459412196
Random Forest,Mood,0.5939617991373999,0.9575596816976127,0.09,0.9093869459412196
Random Forest,Mood,0.6537276648182379,0.9655172413793104,0.08,0.9093869459412196
Random Forest,Mood,0.7110289587184226,0.9840848806366048,0.07,0.9093869459412196
Random Forest,Mood,0.7634011090573013,0.986737400530504,0.06,0.9093869459412196
Random Forest,Mood,0.8305606900800986,0.9920424403183024,0.05,0.9093869459412196
Random Forest,Mood,0.8897104128157732,0.9920424403183024,0.04,0.9093869459412196
Random Forest,Mood,0.940234134319162,0.9920424403183024,0.03,0.9093869459412196
Random Forest,Mood,0.9815157116451017,1.0,0.02,0.9093869459412196
Random Forest,Mood,0.9969192852741836,1.0,0.01,0.9093869459412196
Random Forest,Mood,1.0,1.0,0.0,0.9093869459412196
Random Forest,Multiple,0.0,0.0,inf,0.9629590117296918
Random Forest,Multiple,0.0,0.010416666666666666,0.64,0.9629590117296918
Random Forest,Multiple,0.0,0.041666666666666664,0.55,0.9629590117296918
Random Forest,Multiple,0.0,0.0625,0.54,0.9629590117296918
Random Forest,Multiple,0.0,0.07291666666666667,0.53,0.9629590117296918
Random Forest,Multiple,0.0,0.11458333333333333,0.5,0.9629590117296918
Random Forest,Multiple,0.0005252100840336134,0.14583333333333334,0.49,0.9629590117296918
Random Forest,Multiple,0.0005252100840336134,0.16666666666666666,0.48,0.9629590117296918
Random Forest,Multiple,0.0005252100840336134,0.1875,0.46,0.9629590117296918
Random Forest,Multiple,0.0021008403361344537,0.20833333333333334,0.45,0.9629590117296918
Random Forest,Multiple,0.0031512605042016808,0.23958333333333334,0.44,0.9629590117296918
Random Forest,Multiple,0.003676470588235294,0.2604166666666667,0.43,0.9629590117296918
Random Forest,Multiple,0.003676470588235294,0.2708333333333333,0.42,0.9629590117296918
Random Forest,Multiple,0.004726890756302521,0.2916666666666667,0.4,0.9629590117296918
Random Forest,Multiple,0.006827731092436975,0.3125,0.39,0.9629590117296918
Random Forest,Multiple,0.007878151260504201,0.3333333333333333,0.38,0.9629590117296918
Random Forest,Multiple,0.008928571428571428,0.34375,0.37,0.9629590117296918
Random Forest,Multiple,0.011029411764705883,0.40625,0.35,0.9629590117296918
Random Forest,Multiple,0.013130252100840336,0.4479166666666667,0.33,0.9629590117296918
Random Forest,Multiple,0.01523109243697479,0.5,0.32,0.9629590117296918
Random Forest,Multiple,0.017331932773109245,0.5208333333333334,0.31,0.9629590117296918
Random Forest,Multiple,0.019432773109243698,0.53125,0.3,0.9629590117296918
Random Forest,Multiple,0.022058823529411766,0.5520833333333334,0.29,0.9629590117296918
Random Forest,Multiple,0.025735294117647058,0.59375,0.28,0.9629590117296918
Random Forest,Multiple,0.026785714285714284,0.6354166666666666,0.27,0.9629590117296918
Random Forest,Multiple,0.028361344537815126,0.6666666666666666,0.26,0.9629590117296918
Random Forest,Multiple,0.031512605042016806,0.6770833333333334,0.25,0.9629590117296918
Random Forest,Multiple,0.03466386554621849,0.71875,0.24,0.9629590117296918
Random Forest,Multiple,0.038865546218487396,0.7291666666666666,0.23,0.9629590117296918
Random Forest,Multiple,0.04201680672268908,0.75,0.22,0.9629590117296918
Random Forest,Multiple,0.04411764705882353,0.7604166666666666,0.21,0.9629590117296918
Random Forest,Multiple,0.04726890756302521,0.78125,0.2,0.9629590117296918
Random Forest,Multiple,0.052521008403361345,0.7916666666666666,0.19,0.9629590117296918
Random Forest,Multiple,0.05619747899159664,0.8125,0.18,0.9629590117296918
Random Forest,Multiple,0.0625,0.8229166666666666,0.17,0.9629590117296918
Random Forest,Multiple,0.06932773109243698,0.8645833333333334,0.16,0.9629590117296918
Random Forest,Multiple,0.07352941176470588,0.875,0.15,0.9629590117296918
Random Forest,Multiple,0.08508403361344538,0.875,0.14,0.9629590117296918
Random Forest,Multiple,0.09453781512605042,0.90625,0.13,0.9629590117296918
Random Forest,Multiple,0.10819327731092437,0.90625,0.12,0.9629590117296918
Random Forest,Multiple,0.12394957983193278,0.9479166666666666,0.11,0.9629590117296918
Random Forest,Multiple,0.14758403361344538,0.9583333333333334,0.1,0.9629590117296918
Random Forest,Multiple,0.16964285714285715,0.96875,0.09,0.9629590117296918
Random Forest,Multiple,0.20168067226890757,0.96875,0.08,0.9629590117296918
Random Forest,Multiple,0.23634453781512604,0.9791666666666666,0.07,0.9629590117296918
Random Forest,Multiple,0.27888655462184875,0.9791666666666666,0.06,0.9629590117296918
Random Forest,Multiple,0.3245798319327731,0.9791666666666666,0.05,0.9629590117296918
Random Forest,Multiple,0.3949579831932773,1.0,0.04,0.9629590117296918
Random Forest,Multiple,0.47111344537815125,1.0,0.03,0.9629590117296918
Random Forest,Multiple,0.6160714285714286,1.0,0.02,0.9629590117296918
Random Forest,Multiple,0.789390756302521,1.0,0.01,0.9629590117296918
Random Forest,Multiple,1.0,1.0,0.0,0.9629590117296918
Gaussian NB,ADHD,0.0,0.0,inf,0.6822628515444905
Gaussian NB,ADHD,0.0005186721991701245,0.0,0.9995329658702938,0.6822628515444905
Gaussian NB,ADHD,0.008298755186721992,0.0,0.993388007148689,0.6822628515444905
Gaussian NB,ADHD,0.008298755186721992,0.027777777777777776,0.9924105862416415,0.6822628515444905
Gaussian NB,ADHD,0.008817427385892116,0.027777777777777776,0.9922120842724875,0.6822628515444905
Gaussian NB,ADHD,0.008817427385892116,0.041666666666666664,0.9909855794962923,0.6822628515444905
Gaussian NB,ADHD,0.021784232365145227,0.041666666666666664,0.977272188169185,0.6822628515444905
Gaussian NB,ADHD,0.021784232365145227,0.05555555555555555,0.9770717253444479,0.6822628515444905
Gaussian NB,ADHD,0.022302904564315353,0.05555555555555555,0.9770679722447788,0.6822628515444905
Gaussian NB,ADHD,0.022302904564315353,0.06944444444444445,0.9770212977666379,0.6822628515444905
Gaussian NB,ADHD,0.026970954356846474,0.06944444444444445,0.9681343395182506,0.6822628515444905
Gaussian NB,ADHD,0.026970954356846474,0.08333333333333333,0.9660309048006,0.6822628515444905
Gaussian NB,ADHD,0.04304979253112033,0.08333333333333333,0.9234971767411837,0.6822628515444905
Gaussian NB,ADHD,0.04304979253112033,0.09722222222222222,0.922721742569943,0.6822628515444905
Gaussian NB,ADHD,0.044087136929460584,0.09722222222222222,0.9218340396079308,0.6822628515444905
Gaussian NB,ADHD,0.044087136929460584,0.1111111111111111,0.9183995535232737,0.6822628515444905
Gaussian NB,ADHD,0.056016597510373446,0.1111111111111111,0.8737814402073968,0.6822628515444905
Gaussian NB,ADHD,0.056016597510373446,0.125,0.8723409785600869,0.6822628515444905
Gaussian NB,ADHD,0.06327800829875518,0.125,0.8471463981565142,0.6822628515444905
Gaussian NB,ADHD,0.06327800829875518,0.1388888888888889,0.8467700395869157,0.6822628515444905
Gaussian NB,ADHD,0.07365145228215768,0.1388888888888889,0.8060233780521425,0.6822628515444905
Gaussian NB,ADHD,0.07365145228215768,0.1527777777777778,0.8050090205813638,0.6822628515444905
Gaussian NB,ADHD,0.0845435684647303,0.1527777777777778,0.73851255443124,0.6822628515444905
Gaussian NB,ADHD,0.0845435684647303,0.16666666666666666,0.737447106088334,0.6822628515444905
Gaussian NB,ADHD,0.08973029045643154,0.16666666666666666,0.6748436412273969,0.6822628515444905
Gaussian NB,ADHD,0.08973029045643154,0.18055555555555555,0.669338162950367,0.6822628515444905
Gaussian NB,ADHD,0.11618257261410789,0.18055555555555555,0.5039922071113416,0.6822628515444905
Gaussian NB,ADHD,0.11618257261410789,0.20833333333333334,0.5014189636103054,0.6822628515444905
Gaussian NB,ADHD,0.11773858921161826,0.20833333333333334,0.48712590974826225,0.6822628515444905
Gaussian NB,ADHD,0.11773858921161826,0.2222222222222222,0.48076651926641595,0.6822628515444905
Gaussian NB,ADHD,0.12240663900414937,0.2222222222222222,0.4494338246443489,0.6822628515444905
Gaussian NB,ADHD,0.12240663900414937,0.25,0.44457863460183056,0.6822628515444905
Gaussian NB,ADHD,0.13278008298755187,0.25,0.3997347180239032,0.6822628515444905
Gaussian NB,ADHD,0.13278008298755187,0.2777777777777778,0.39835461304101816,0.6822628515444905
Gaussian NB,ADHD,0.13433609958506224,0.2777777777777778,0.38342552582548095,0.6822628515444905
Gaussian NB,ADHD,0.13433609958506224,0.2916666666666667,0.38296606309304076,0.6822628515444905
Gaussian NB,ADHD,0.1545643153526971,0.2916666666666667,0.29425026136003435,0.6822628515444905
Gaussian NB,ADHD,0.1545643153526971,0.3055555555555556,0.2909637216760315,0.6822628515444905
Gaussian NB,ADHD,0.15715767634854771,0.3055555555555556,0.2691701208425171,0.6822628515444905
Gaussian NB,ADHD,0.15715767634854771,0.3194444444444444,0.2666110566900301,0.6822628515444905
Gaussian NB,ADHD,0.16026970954356848,0.3194444444444444,0.2526935263570528,0.6822628515444905
Gaussian NB,ADHD,0.16026970954356848,0.3333333333333333,0.25215499786122614,0.6822628515444905
Gaussian NB,ADHD,0.1758298755186722,0.3333333333333333,0.2004222403664004,0.6822628515444905
Gaussian NB,ADHD,0.1758298755186722,0.3472222222222222,0.19964226312659739,0.6822628515444905
Gaussian NB,ADHD,0.17842323651452283,0.3472222222222222,0.18207196441220427,0.6822628515444905
Gaussian NB,ADHD,0.17842323651452283,0.3611111111111111,0.18197664458029306,0.6822628515444905
Gaussian NB,ADHD,0.1862033195020747,0.3611111111111111,0.1685148917774635,0.6822628515444905
Gaussian NB,ADHD,0.1862033195020747,0.375,0.16708399161657395,0.6822628515444905
Gaussian NB,ADHD,0.19190871369294607,0.375,0.14806005862152588,0.6822628515444905
Gaussian NB,ADHD,0.19190871369294607,0.3888888888888889,0.1477367423470089,0.6822628515444905
Gaussian NB,ADHD,0.20435684647302904,0.3888888888888889,0.12012957840072576,0.6822628515444905
Gaussian NB,ADHD,0.20435684647302904,0.4166666666666667,0.12004498299214113,0.6822628515444905
Gaussian NB,ADHD,0.20643153526970953,0.4166666666666667,0.11493402610217006,0.6822628515444905
Gaussian NB,ADHD,0.20643153526970953,0.4305555555555556,0.11429450608224091,0.6822628515444905
Gaussian NB,ADHD,0.21732365145228216,0.4305555555555556,0.09218573776378747,0.6822628515444905
Gaussian NB,ADHD,0.21732365145228216,0.4444444444444444,0.09121859187615004,0.6822628515444905
Gaussian NB,ADHD,0.22769709543568464,0.4444444444444444,0.07595415480468203,0.6822628515444905
Gaussian NB,ADHD,0.22769709543568464,0.4583333333333333,0.07559319629245495,0.6822628515444905
Gaussian NB,ADHD,0.2354771784232365,0.4583333333333333,0.06741559381362683,0.6822628515444905
Gaussian NB,ADHD,0.2354771784232365,0.4722222222222222,0.06648031568034757,0.6822628515444905
Gaussian NB,ADHD,0.237551867219917,0.4722222222222222,0.06276295202718692,0.6822628515444905
Gaussian NB,ADHD,0.237551867219917,0.4861111111111111,0.06275417835779157,0.6822628515444905
Gaussian NB,ADHD,0.24273858921161826,0.4861111111111111,0.059677512881934416,0.6822628515444905
Gaussian NB,ADHD,0.24273858921161826,0.5,0.05952228495727108,0.6822628515444905
Gaussian NB,ADHD,0.24481327800829875,0.5,0.05549011078674648,0.6822628515444905
Gaussian NB,ADHD,0.24481327800829875,0.5138888888888888,0.05533405242594195,0.6822628515444905
Gaussian NB,ADHD,0.24896265560165975,0.5138888888888888,0.052795749257917086,0.6822628515444905
Gaussian NB,ADHD,0.24896265560165975,0.5277777777777778,0.05222334778666686,0.6822628515444905
Gaussian NB,ADHD,0.25,0.5277777777777778,0.051721695702785925,0.6822628515444905
Gaussian NB,ADHD,0.25,0.5416666666666666,0.05162275263318634,0.6822628515444905
Gaussian NB,ADHD,0.2520746887966805,0.5416666666666666,0.050453852486625345,0.6822628515444905
Gaussian NB,ADHD,0.2520746887966805,0.5555555555555556,0.050044920829164743,0.6822628515444905
Gaussian NB,ADHD,0.31483402489626555,0.5555555555555556,0.017321519295979654,0.6822628515444905
Gaussian NB,ADHD,0.31483402489626555,0.5694444444444444,0.01707902960473495,0.6822628515444905
Gaussian NB,ADHD,0.32313278008298757,0.5694444444444444,0.015303089856330042,0.6822628515444905
Gaussian NB,ADHD,0.32313278008298757,0.5833333333333334,0.015223099200987631,0.6822628515444905
Gaussian NB,ADHD,0.3350622406639004,0.5833333333333334,0.013224167766432577,0.6822628515444905
Gaussian NB,ADHD,0.3350622406639004,0.5972222222222222,0.013200523680271489,0.6822628515444905
Gaussian NB,ADHD,0.3532157676348548,0.5972222222222222,0.009170112020593825,0.6822628515444905
Gaussian NB,ADHD,0.3532157676348548,0.6111111111111112,0.009113171609823825,0.6822628515444905
Gaussian NB,ADHD,0.35425311203319504,0.6111111111111112,0.009061333654995713,0.6822628515444905
Gaussian NB,ADHD,0.35425311203319504,0.625,0.009026077526863492,0.6822628515444905
Gaussian NB,ADHD,0.40819502074688796,0.625,0.0032057913522637784,0.6822628515444905
Gaussian NB,ADHD,0.40819502074688796,0.6388888888888888,0.0031864881719911803,0.6822628515444905
Gaussian NB,ADHD,0.43724066390041494,0.6388888888888888,0.0020124920036813316,0.6822628515444905
Gaussian NB,ADHD,0.43724066390041494,0.6527777777777778,0.0020090896645176912,0.6822628515444905
Gaussian NB,ADHD,0.4460580912863071,0.6527777777777778,0.0018025797741889388,0.6822628515444905
Gaussian NB,ADHD,0.4460580912863071,0.6666666666666666,0.0017871139799905793,0.6822628515444905
Gaussian NB,ADHD,0.4507261410788382,0.6666666666666666,0.0016902630998307771,0.6822628515444905
Gaussian NB,ADHD,0.4507261410788382,0.6805555555555556,0.0016850024846684867,0.6822628515444905
Gaussian NB,ADHD,0.46680497925311204,0.6805555555555556,0.0013105797003665274,0.6822628515444905
Gaussian NB,ADHD,0.46680497925311204,0.6944444444444444,0.0013021495293348195,0.6822628515444905
Gaussian NB,ADHD,0.47354771784232363,0.6944444444444444,0.0011790119514835894,0.6822628515444905
Gaussian NB,ADHD,0.47354771784232363,0.7083333333333334,0.00117287538082523,0.6822628515444905
Gaussian NB,ADHD,0.48132780082987553,0.7083333333333334,0.0010702389348504974,0.6822628515444905
Gaussian NB,ADHD,0.48132780082987553,0.7222222222222222,0.0010660235104216634,0.6822628515444905
Gaussian NB,ADHD,0.4953319502074689,0.7222222222222222,0.000908830299679354,0.6822628515444905
Gaussian NB,ADHD,0.4953319502074689,0.7361111111111112,0.0009046848070924833,0.6822628515444905
Gaussian NB,ADHD,0.495850622406639,0.7361111111111112,0.0008877511169839913,0.6822628515444905
Gaussian NB,ADHD,0.495850622406639,0.75,0.0008877351506433301,0.6822628515444905
Gaussian NB,ADHD,0.5010373443983402,0.75,0.0008395654171258762,0.6822628515444905
Gaussian NB,ADHD,0.5010373443983402,0.7638888888888888,0.0008294478822549495,0.6822628515444905
Gaussian NB,ADHD,0.5243775933609959,0.7638888888888888,0.0005079094696754143,0.6822628515444905
Gaussian NB,ADHD,0.5243775933609959,0.7777777777777778,0.0005076103744491008,0.6822628515444905
Gaussian NB,ADHD,0.5394190871369294,0.7777777777777778,0.00038487483553420476,0.6822628515444905
Gaussian NB,ADHD,0.5394190871369294,0.7916666666666666,0.00037528577336112795,0.6822628515444905
Gaussian NB,ADHD,0.549792531120332,0.7916666666666666,0.00029964606365454765,0.6822628515444905
Gaussian NB,ADHD,0.549792531120332,0.8055555555555556,0.0002917884464947549,0.6822628515444905
Gaussian NB,ADHD,0.566908713692946,0.8055555555555556,0.0002091904195447444,0.6822628515444905
Gaussian NB,ADHD,0.566908713692946,0.8194444444444444,0.00020917951722192315,0.6822628515444905
Gaussian NB,ADHD,0.5746887966804979,0.8194444444444444,0.0001814182863235005,0.6822628515444905
Gaussian NB,ADHD,0.5746887966804979,0.8333333333333334,0.00017436661621112313,0.6822628515444905
Gaussian NB,ADHD,0.5783195020746889,0.8333333333333334,0.00015873877627864907,0.6822628515444905
Gaussian NB,ADHD,0.5783195020746889,0.8472222222222222,0.00015867860135700308,0.6822628515444905
Gaussian NB,ADHD,0.6104771784232366,0.8472222222222222,7.943227043309104e-05,0.6822628515444905
Gaussian NB,ADHD,0.6104771784232366,0.8611111111111112,7.891229726671482e-05,0.6822628515444905
Gaussian NB,ADHD,0.6218879668049793,0.8611111111111112,6.366841896084159e-05,0.6822628515444905
Gaussian NB,ADHD,0.6218879668049793,0.875,6.302197339051041e-05,0.6822628515444905
Gaussian NB,ADHD,0.6348547717842323,0.875,4.730671763758306e-05,0.6822628515444905
Gaussian NB,ADHD,0.6348547717842323,0.8888888888888888,4.6847873564964005e-05,0.6822628515444905
Gaussian NB,ADHD,0.6592323651452282,0.8888888888888888,2.218496584907521e-05,0.6822628515444905
Gaussian NB,ADHD,0.6592323651452282,0.9027777777777778,2.19499982200409e-05,0.6822628515444905
Gaussian NB,ADHD,0.6758298755186722,0.9027777777777778,1.4814936659394295e-05,0.6822628515444905
Gaussian NB,ADHD,0.6758298755186722,0.9166666666666666,1.4599932982105127e-05,0.6822628515444905
Gaussian NB,ADHD,0.6986514522821576,0.9166666666666666,9.286473556165812e-06,0.6822628515444905
Gaussian NB,ADHD,0.6986514522821576,0.9305555555555556,8.893595482089932e-06,0.6822628515444905
Gaussian NB,ADHD,0.7276970954356846,0.9305555555555556,4.88389091416665e-06,0.6822628515444905
Gaussian NB,ADHD,0.7276970954356846,0.9444444444444444,4.865885045368982e-06,0.6822628515444905
Gaussian NB,ADHD,0.7349585062240664,0.9444444444444444,3.993401756354214e-06,0.6822628515444905
Gaussian NB,ADHD,0.7349585062240664,0.9583333333333334,3.962470117629664e-06,0.6822628515444905
Gaussian NB,ADHD,0.7686721991701245,0.9583333333333334,1.6284104977219986e-06,0.6822628515444905
Gaussian NB,ADHD,0.7686721991701245,0.9722222222222222,1.6165710970129155e-06,0.6822628515444905
Gaussian NB,ADHD,0.7754149377593361,0.9722222222222222,1.2522382996516707e-06,0.6822628515444905
Gaussian NB,ADHD,0.7754149377593361,0.9861111111111112,1.245139837226644e-06,0.6822628515444905
Gaussian NB,ADHD,0.7774896265560166,0.9861111111111112,1.1472651733770254e-06,0.6822628515444905
Gaussian NB,ADHD,0.7774896265560166,1.0,1.1416648781215233e-06,0.6822628515444905
Gaussian NB,ADHD,1.0,1.0,1.4045962146583794e-23,0.6822628515444905
Gaussian NB,Anxiety_Stress,0.0,0.0,inf,0.8602381689324019
Gaussian NB,Anxiety_Stress,0.0,0.0016246953696181965,1.0,0.8602381689324019
Gaussian NB,Anxiety_Stress,0.0,0.008935824532900082,0.999999998778307,0.8602381689324019
Gaussian NB,Anxiety_Stress,0.0013003901170351106,0.008935824532900082,0.9999999985701322,0.8602381689324019
Gaussian NB,Anxiety_Stress,0.0013003901170351106,0.024370430544272948,0.9999999178946444,0.8602381689324019
Gaussian NB,Anxiety_Stress,0.002600780234070221,0.024370430544272948,0.9999999046891946,0.8602381689324019
Gaussian NB,Anxiety_Stress,0.002600780234070221,0.030056864337936636,0.999999705997738,0.8602381689324019
Gaussian NB,Anxiety_Stress,0.0039011703511053317,0.030056864337936636,0.9999996716623627,0.8602381689324019
Gaussian NB,Anxiety_Stress,0.0039011703511053317,0.041429731925264016,0.9999985934275999,0.8602381689324019
Gaussian NB,Anxiety_Stress,0.005201560468140442,0.041429731925264016,0.9999985086992673,0.8602381689324019
Gaussian NB,Anxiety_Stress,0.005201560468140442,0.04224207961007311,0.9999984448663439,0.8602381689324019
Gaussian NB,Anxiety_Stress,0.006501950585175552,0.04224207961007311,0.9999984403588881,0.8602381689324019
Gaussian NB,Anxiety_Stress,0.006501950585175552,0.060926076360682375,0.9999937753758524,0.8602381689324019
Gaussian NB,Anxiety_Stress,0.007802340702210663,0.060926076360682375,0.9999935900195873,0.8602381689324019
Gaussian NB,Anxiety_Stress,0.007802340702210663,0.07311129163281885,0.999987769837543,0.8602381689324019
Gaussian NB,Anxiety_Stress,0.009102730819245773,0.07311129163281885,0.9999870191578238,0.8602381689324019
Gaussian NB,Anxiety_Stress,0.009102730819245773,0.07392363931762795,0.9999866285564333,0.8602381689324019
Gaussian NB,Anxiety_Stress,0.010403120936280884,0.07392363931762795,0.9999860354941501,0.8602381689324019
Gaussian NB,Anxiety_Stress,0.010403120936280884,0.0934199837530463,0.9999630897907336,0.8602381689324019
Gaussian NB,Anxiety_Stress,0.011703511053315995,0.0934199837530463,0.9999626945555942,0.8602381689324019
Gaussian NB,Anxiety_Stress,0.011703511053315995,0.09991876523151909,0.9999411214429785,0.8602381689324019
Gaussian NB,Anxiety_Stress,0.013003901170351105,0.09991876523151909,0.9999393776291942,0.8602381689324019
Gaussian NB,Anxiety_Stress,0.013003901170351105,0.10885458976441917,0.9999094170083183,0.8602381689324019
Gaussian NB,Anxiety_Stress,0.014304291287386216,0.10885458976441917,0.9998885054086555,0.8602381689324019
Gaussian NB,Anxiety_Stress,0.014304291287386216,0.13566206336311942,0.9997671202440432,0.8602381689324019
Gaussian NB,Anxiety_Stress,0.015604681404421327,0.13566206336311942,0.9997662397050976,0.8602381689324019
Gaussian NB,Anxiety_Stress,0.015604681404421327,0.1462225832656377,0.9997066141735951,0.8602381689324019
Gaussian NB,Anxiety_Stress,0.016905071521456438,0.1462225832656377,0.9997014028280768,0.8602381689324019
Gaussian NB,Anxiety_Stress,0.016905071521456438,0.14703493095044678,0.9996854144211322,0.8602381689324019
Gaussian NB,Anxiety_Stress,0.018205461638491547,0.14703493095044678,0.9996843324975224,0.8602381689324019
Gaussian NB,Anxiety_Stress,0.018205461638491547,0.16815597075548336,0.9995209703913922,0.8602381689324019
Gaussian NB,Anxiety_Stress,0.01950585175552666,0.16815597075548336,0.9995202954752053,0.8602381689324019
Gaussian NB,Anxiety_Stress,0.01950585175552666,0.17221770917952883,0.9994934288258825,0.8602381689324019
Gaussian NB,Anxiety_Stress,0.02080624187256177,0.17221770917952883,0.999492388268929,0.8602381689324019
Gaussian NB,Anxiety_Stress,0.02080624187256177,0.17546709991876522,0.9994277919192252,0.8602381689324019
Gaussian NB,Anxiety_Stress,0.02340702210663199,0.17546709991876522,0.9993886469535097,0.8602381689324019
Gaussian NB,Anxiety_Stress,0.02340702210663199,0.1827782290820471,0.9992726687324799,0.8602381689324019
Gaussian NB,Anxiety_Stress,0.0247074122236671,0.1827782290820471,0.9992552811417507,0.8602381689324019
Gaussian NB,Anxiety_Stress,0.0247074122236671,0.18846466287571081,0.9991115036978975,0.8602381689324019
Gaussian NB,Anxiety_Stress,0.02600780234070221,0.18846466287571081,0.9991048577801236,0.8602381689324019
Gaussian NB,Anxiety_Stress,0.02600780234070221,0.1965881397238018,0.9989039765885098,0.8602381689324019
Gaussian NB,Anxiety_Stress,0.027308192457737322,0.1965881397238018,0.9989033005334736,0.8602381689324019
Gaussian NB,Anxiety_Stress,0.027308192457737322,0.20146222583265638,0.9988361229364078,0.8602381689324019
Gaussian NB,Anxiety_Stress,0.02860858257477243,0.20146222583265638,0.9987916809588545,0.8602381689324019
Gaussian NB,Anxiety_Stress,0.02860858257477243,0.20958570268074736,0.9986805917031609,0.8602381689324019
Gaussian NB,Anxiety_Stress,0.02990897269180754,0.20958570268074736,0.9986433311502312,0.8602381689324019
Gaussian NB,Anxiety_Stress,0.02990897269180754,0.21202274573517466,0.9985519476908244,0.8602381689324019
Gaussian NB,Anxiety_Stress,0.031209362808842653,0.21202274573517466,0.9984822344960479,0.8602381689324019
Gaussian NB,Anxiety_Stress,0.031209362808842653,0.21933387489845654,0.9982795081063509,0.8602381689324019
Gaussian NB,Anxiety_Stress,0.032509752925877766,0.21933387489845654,0.9982767830348909,0.8602381689324019
Gaussian NB,Anxiety_Stress,0.032509752925877766,0.2282696994313566,0.9981462956423819,0.8602381689324019
Gaussian NB,Anxiety_Stress,0.033810143042912875,0.2282696994313566,0.998057035754023,0.8602381689324019
Gaussian NB,Anxiety_Stress,0.033810143042912875,0.22908204711616573,0.9980556236569282,0.8602381689324019
Gaussian NB,Anxiety_Stress,0.036410923276983094,0.22908204711616573,0.9980180961223587,0.8602381689324019
Gaussian NB,Anxiety_Stress,0.036410923276983094,0.24614134849715677,0.9977429775095126,0.8602381689324019
Gaussian NB,Anxiety_Stress,0.0377113133940182,0.24614134849715677,0.9976790361568882,0.8602381689324019
Gaussian NB,Anxiety_Stress,0.0377113133940182,0.255889520714866,0.9972158624092913,0.8602381689324019
Gaussian NB,Anxiety_Stress,0.03901170351105332,0.255889520714866,0.9972106094669668,0.8602381689324019
Gaussian NB,Anxiety_Stress,0.03901170351105332,0.25995125913891143,0.9969829596641689,0.8602381689324019
Gaussian NB,Anxiety_Stress,0.04031209362808843,0.25995125913891143,0.9969786654214949,0.8602381689324019
Gaussian NB,Anxiety_Stress,0.04031209362808843,0.26157595450852966,0.9969259076408236,0.8602381689324019
Gaussian NB,Anxiety_Stress,0.04161248374512354,0.26157595450852966,0.9968484526078925,0.8602381689324019
Gaussian NB,Anxiety_Stress,0.04161248374512354,0.272948822095857,0.9960200918989238,0.8602381689324019
Gaussian NB,Anxiety_Stress,0.044213263979193757,0.272948822095857,0.9959884273290347,0.8602381689324019
Gaussian NB,Anxiety_Stress,0.044213263979193757,0.2778229082047116,0.9956128320178834,0.8602381689324019
Gaussian NB,Anxiety_Stress,0.045513654096228866,0.2778229082047116,0.9956093832593395,0.8602381689324019
Gaussian NB,Anxiety_Stress,0.045513654096228866,0.289195775792039,0.9945351469300243,0.8602381689324019
Gaussian NB,Anxiety_Stress,0.04681404421326398,0.289195775792039,0.9945350108626119,0.8602381689324019
Gaussian NB,Anxiety_Stress,0.04681404421326398,0.2965069049553209,0.9939185258005054,0.8602381689324019
Gaussian NB,Anxiety_Stress,0.04811443433029909,0.2965069049553209,0.9938899847450703,0.8602381689324019
Gaussian NB,Anxiety_Stress,0.04811443433029909,0.29975629569455725,0.9933953150728203,0.8602381689324019
Gaussian NB,Anxiety_Stress,0.0494148244473342,0.29975629569455725,0.9933424913064488,0.8602381689324019
Gaussian NB,Anxiety_Stress,0.0494148244473342,0.30300568643379366,0.9931628058424402,0.8602381689324019
Gaussian NB,Anxiety_Stress,0.05201560468140442,0.30300568643379366,0.9931184674833728,0.8602381689324019
Gaussian NB,Anxiety_Stress,0.05201560468140442,0.30869212022745735,0.992627434091074,0.8602381689324019
Gaussian NB,Anxiety_Stress,0.053315994798439535,0.30869212022745735,0.9924828250994814,0.8602381689324019
Gaussian NB,Anxiety_Stress,0.053315994798439535,0.31194151096669376,0.9923327637873155,0.8602381689324019
Gaussian NB,Anxiety_Stress,0.054616384915474644,0.31194151096669376,0.9920181067756642,0.8602381689324019
Gaussian NB,Anxiety_Stress,0.054616384915474644,0.31844029244516653,0.9915096671792556,0.8602381689324019
Gaussian NB,Anxiety_Stress,0.05721716514954486,0.31844029244516653,0.9914270052220783,0.8602381689324019
Gaussian NB,Anxiety_Stress,0.05721716514954486,0.3192526401299756,0.9914197472157307,0.8602381689324019
Gaussian NB,Anxiety_Stress,0.05851755526657997,0.3192526401299756,0.9910968892056367,0.8602381689324019
Gaussian NB,Anxiety_Stress,0.05851755526657997,0.32087733549959385,0.9908770054570711,0.8602381689324019
Gaussian NB,Anxiety_Stress,0.05981794538361508,0.32087733549959385,0.990694203003503,0.8602381689324019
Gaussian NB,Anxiety_Stress,0.05981794538361508,0.3241267262388302,0.9905061403719887,0.8602381689324019
Gaussian NB,Anxiety_Stress,0.0611183355006502,0.3241267262388302,0.9900924367109094,0.8602381689324019
Gaussian NB,Anxiety_Stress,0.0611183355006502,0.3379366368805849,0.9883901983430365,0.8602381689324019
Gaussian NB,Anxiety_Stress,0.06241872561768531,0.3379366368805849,0.9882557379311779,0.8602381689324019
Gaussian NB,Anxiety_Stress,0.06241872561768531,0.3460601137286759,0.9877229794963815,0.8602381689324019
Gaussian NB,Anxiety_Stress,0.06371911573472042,0.3460601137286759,0.9874582275812805,0.8602381689324019
Gaussian NB,Anxiety_Stress,0.06371911573472042,0.346872461413485,0.9873283339606673,0.8602381689324019
Gaussian NB,Anxiety_Stress,0.06501950585175553,0.346872461413485,0.9871663323086856,0.8602381689324019
Gaussian NB,Anxiety_Stress,0.06501950585175553,0.35337124289195776,0.9862917454740037,0.8602381689324019
Gaussian NB,Anxiety_Stress,0.06631989596879063,0.35337124289195776,0.9860714070081957,0.8602381689324019
Gaussian NB,Anxiety_Stress,0.06631989596879063,0.35418359057676685,0.9860046386919634,0.8602381689324019
Gaussian NB,Anxiety_Stress,0.06762028608582575,0.35418359057676685,0.9859576286307293,0.8602381689324019
Gaussian NB,Anxiety_Stress,0.06762028608582575,0.3566206336311942,0.9859449723985437,0.8602381689324019
Gaussian NB,Anxiety_Stress,0.06892067620286085,0.3566206336311942,0.985924495996834,0.8602381689324019
Gaussian NB,Anxiety_Stress,0.06892067620286085,0.3744922826969943,0.9836459229182829,0.8602381689324019
Gaussian NB,Anxiety_Stress,0.07022106631989597,0.3744922826969943,0.9832968037522803,0.8602381689324019
Gaussian NB,Anxiety_Stress,0.07022106631989597,0.380178716490658,0.9816638829736533,0.8602381689324019
Gaussian NB,Anxiety_Stress,0.07152145643693109,0.380178716490658,0.9816183143358519,0.8602381689324019
Gaussian NB,Anxiety_Stress,0.07152145643693109,0.3834281072298944,0.9808751153635531,0.8602381689324019
Gaussian NB,Anxiety_Stress,0.07282184655396619,0.3834281072298944,0.9808687119719642,0.8602381689324019
Gaussian NB,Anxiety_Stress,0.07282184655396619,0.39642567018683994,0.9781093634684489,0.8602381689324019
Gaussian NB,Anxiety_Stress,0.0741222366710013,0.39642567018683994,0.9780181277685557,0.8602381689324019
Gaussian NB,Anxiety_Stress,0.0741222366710013,0.3980503655564582,0.9775243625920873,0.8602381689324019
Gaussian NB,Anxiety_Stress,0.07802340702210664,0.3980503655564582,0.9768317183474373,0.8602381689324019
Gaussian NB,Anxiety_Stress,0.07802340702210664,0.40048740861088544,0.9757278366191627,0.8602381689324019
Gaussian NB,Anxiety_Stress,0.07932379713914174,0.40048740861088544,0.9756892867680258,0.8602381689324019
Gaussian NB,Anxiety_Stress,0.07932379713914174,0.40861088545897645,0.9743249799489215,0.8602381689324019
Gaussian NB,Anxiety_Stress,0.08062418725617686,0.40861088545897645,0.9736251987249745,0.8602381689324019
Gaussian NB,Anxiety_Stress,0.08062418725617686,0.41348497156783104,0.9713838339724233,0.8602381689324019
Gaussian NB,Anxiety_Stress,0.08192457737321196,0.41348497156783104,0.9710697198918447,0.8602381689324019
Gaussian NB,Anxiety_Stress,0.08192457737321196,0.4151096669374492,0.9699868049985654,0.8602381689324019
Gaussian NB,Anxiety_Stress,0.08322496749024708,0.4151096669374492,0.9692151038671737,0.8602381689324019
Gaussian NB,Anxiety_Stress,0.08322496749024708,0.4191714053614947,0.9682316031257594,0.8602381689324019
Gaussian NB,Anxiety_Stress,0.08452535760728218,0.4191714053614947,0.9679478513176294,0.8602381689324019
Gaussian NB,Anxiety_Stress,0.08452535760728218,0.4240454914703493,0.9655065110579426,0.8602381689324019
Gaussian NB,Anxiety_Stress,0.0858257477243173,0.4240454914703493,0.9651438614855674,0.8602381689324019
Gaussian NB,Anxiety_Stress,0.0858257477243173,0.4264825345247766,0.9641761394379523,0.8602381689324019
Gaussian NB,Anxiety_Stress,0.08842652795838751,0.4264825345247766,0.9635121789510925,0.8602381689324019
Gaussian NB,Anxiety_Stress,0.08842652795838751,0.4272948822095857,0.9634700805596774,0.8602381689324019
Gaussian NB,Anxiety_Stress,0.08972691807542263,0.4272948822095857,0.9634576240424386,0.8602381689324019
Gaussian NB,Anxiety_Stress,0.08972691807542263,0.44110479285134035,0.9569128849011886,0.8602381689324019
Gaussian NB,Anxiety_Stress,0.09102730819245773,0.44110479285134035,0.956846111916323,0.8602381689324019
Gaussian NB,Anxiety_Stress,0.09102730819245773,0.44597887896019495,0.9546716925373093,0.8602381689324019
Gaussian NB,Anxiety_Stress,0.09232769830949285,0.44597887896019495,0.9543510119292209,0.8602381689324019
Gaussian NB,Anxiety_Stress,0.09232769830949285,0.44841592201462227,0.9538966034644234,0.8602381689324019
Gaussian NB,Anxiety_Stress,0.09622886866059818,0.44841592201462227,0.9509257426997905,0.8602381689324019
Gaussian NB,Anxiety_Stress,0.09622886866059818,0.45410235580828595,0.9488924777876362,0.8602381689324019
Gaussian NB,Anxiety_Stress,0.09752925877763328,0.45410235580828595,0.9487312474713696,0.8602381689324019
Gaussian NB,Anxiety_Stress,0.09752925877763328,0.45491470349309504,0.9486436178012979,0.8602381689324019
Gaussian NB,Anxiety_Stress,0.0988296488946684,0.45491470349309504,0.9477757061051555,0.8602381689324019
Gaussian NB,Anxiety_Stress,0.0988296488946684,0.46791226645004064,0.939414539672805,0.8602381689324019
Gaussian NB,Anxiety_Stress,0.10013003901170352,0.46791226645004064,0.9392566403290789,0.8602381689324019
Gaussian NB,Anxiety_Stress,0.10013003901170352,0.471161657189277,0.9382673720803292,0.8602381689324019
Gaussian NB,Anxiety_Stress,0.10143042912873862,0.471161657189277,0.9378544937815658,0.8602381689324019
Gaussian NB,Anxiety_Stress,0.10143042912873862,0.4735987002437043,0.9363783711662593,0.8602381689324019
Gaussian NB,Anxiety_Stress,0.10273081924577374,0.4735987002437043,0.9363588450648266,0.8602381689324019
Gaussian NB,Anxiety_Stress,0.10273081924577374,0.4760357432981316,0.9358850723045161,0.8602381689324019
Gaussian NB,Anxiety_Stress,0.10403120936280884,0.4760357432981316,0.9325755724571473,0.8602381689324019
Gaussian NB,Anxiety_Stress,0.10403120936280884,0.4768480909829407,0.9324596742609559,0.8602381689324019
Gaussian NB,Anxiety_Stress,0.10533159947984395,0.4768480909829407,0.9318215063719166,0.8602381689324019
Gaussian NB,Anxiety_Stress,0.10533159947984395,0.48659626320064986,0.9244468116124549,0.8602381689324019
Gaussian NB,Anxiety_Stress,0.10663198959687907,0.48659626320064986,0.92425848478823,0.8602381689324019
Gaussian NB,Anxiety_Stress,0.10663198959687907,0.4979691307879773,0.9191987245974483,0.8602381689324019
Gaussian NB,Anxiety_Stress,0.10793237971391417,0.4979691307879773,0.9191111273255428,0.8602381689324019
Gaussian NB,Anxiety_Stress,0.10793237971391417,0.5142160844841592,0.9088715247088592,0.8602381689324019
Gaussian NB,Anxiety_Stress,0.10923276983094929,0.5142160844841592,0.9085399350617683,0.8602381689324019
Gaussian NB,Anxiety_Stress,0.10923276983094929,0.5190901705930138,0.9046694504166235,0.8602381689324019
Gaussian NB,Anxiety_Stress,0.11183355006501951,0.5190901705930138,0.9043351517992425,0.8602381689324019
Gaussian NB,Anxiety_Stress,0.11183355006501951,0.5207148659626321,0.9013769486410145,0.8602381689324019
Gaussian NB,Anxiety_Stress,0.11443433029908973,0.5207148659626321,0.9005247462194962,0.8602381689324019
Gaussian NB,Anxiety_Stress,0.11443433029908973,0.536961819658814,0.88336169604417,0.8602381689324019
Gaussian NB,Anxiety_Stress,0.11573472041612484,0.536961819658814,0.8800032868987029,0.8602381689324019
Gaussian NB,Anxiety_Stress,0.11573472041612484,0.5402112103980503,0.877021735845234,0.8602381689324019
Gaussian NB,Anxiety_Stress,0.11703511053315994,0.5402112103980503,0.8765968610388952,0.8602381689324019
Gaussian NB,Anxiety_Stress,0.11703511053315994,0.5418359057676686,0.8759081820675645,0.8602381689324019
Gaussian NB,Anxiety_Stress,0.11833550065019506,0.5418359057676686,0.8744444178321529,0.8602381689324019
Gaussian NB,Anxiety_Stress,0.11833550065019506,0.5426482534524777,0.8726412979328124,0.8602381689324019
Gaussian NB,Anxiety_Stress,0.1222366710013004,0.5426482534524777,0.8698308720366194,0.8602381689324019
Gaussian NB,Anxiety_Stress,0.1222366710013004,0.5491470349309504,0.8606203093196624,0.8602381689324019
Gaussian NB,Anxiety_Stress,0.1235370611183355,0.5491470349309504,0.8604893252803694,0.8602381689324019
Gaussian NB,Anxiety_Stress,0.1235370611183355,0.570268074735987,0.8354785310757731,0.8602381689324019
Gaussian NB,Anxiety_Stress,0.12483745123537061,0.570268074735987,0.8353152111382607,0.8602381689324019
Gaussian NB,Anxiety_Stress,0.12483745123537061,0.5735174654752234,0.8324056605103036,0.8602381689324019
Gaussian NB,Anxiety_Stress,0.12613784135240572,0.5735174654752234,0.8296290323236427,0.8602381689324019
Gaussian NB,Anxiety_Stress,0.12613784135240572,0.587327376116978,0.8072927683685596,0.8602381689324019
Gaussian NB,Anxiety_Stress,0.12743823146944083,0.587327376116978,0.8043207631313664,0.8602381689324019
Gaussian NB,Anxiety_Stress,0.12743823146944083,0.5913891145410236,0.7989439684340714,0.8602381689324019
Gaussian NB,Anxiety_Stress,0.12873862158647595,0.5913891145410236,0.7959059198872829,0.8602381689324019
Gaussian NB,Anxiety_Stress,0.12873862158647595,0.5922014622258327,0.795757906321302,0.8602381689324019
Gaussian NB,Anxiety_Stress,0.13003901170351106,0.5922014622258327,0.7934285534246464,0.8602381689324019
Gaussian NB,Anxiety_Stress,0.13003901170351106,0.5987002437043054,0.7872332698846578,0.8602381689324019
Gaussian NB,Anxiety_Stress,0.1352405721716515,0.5987002437043054,0.7737910885728948,0.8602381689324019
Gaussian NB,Anxiety_Stress,0.1352405721716515,0.6011372867587328,0.7720119730541657,0.8602381689324019
Gaussian NB,Anxiety_Stress,0.13654096228868662,0.6011372867587328,0.7697592080051412,0.8602381689324019
Gaussian NB,Anxiety_Stress,0.13654096228868662,0.6019496344435419,0.7695699357638621,0.8602381689324019
Gaussian NB,Anxiety_Stress,0.13914174252275682,0.6019496344435419,0.7658195446512122,0.8602381689324019
Gaussian NB,Anxiety_Stress,0.13914174252275682,0.6173842404549147,0.734870152266835,0.8602381689324019
Gaussian NB,Anxiety_Stress,0.14044213263979194,0.6173842404549147,0.7304687871402483,0.8602381689324019
Gaussian NB,Anxiety_Stress,0.14044213263979194,0.6238830219333875,0.7178839602118596,0.8602381689324019
Gaussian NB,Anxiety_Stress,0.14304291287386217,0.6238830219333875,0.717570530082602,0.8602381689324019
Gaussian NB,Anxiety_Stress,0.14304291287386217,0.6295694557270511,0.7055721097248882,0.8602381689324019
Gaussian NB,Anxiety_Stress,0.14434330299089726,0.6295694557270511,0.7048755128094472,0.8602381689324019
Gaussian NB,Anxiety_Stress,0.14434330299089726,0.6311941510966693,0.6997242380935348,0.8602381689324019
Gaussian NB,Anxiety_Stress,0.14564369310793238,0.6311941510966693,0.696916194370158,0.8602381689324019
Gaussian NB,Anxiety_Stress,0.14564369310793238,0.6385052802599512,0.6758048673825703,0.8602381689324019
Gaussian NB,Anxiety_Stress,0.1469440832249675,0.6385052802599512,0.6742192419487139,0.8602381689324019
Gaussian NB,Anxiety_Stress,0.1469440832249675,0.6417546709991877,0.6649697875890546,0.8602381689324019
Gaussian NB,Anxiety_Stress,0.1482444733420026,0.6417546709991877,0.6648230514463529,0.8602381689324019
Gaussian NB,Anxiety_Stress,0.1482444733420026,0.6425670186839968,0.6624182925842764,0.8602381689324019
Gaussian NB,Anxiety_Stress,0.14954486345903772,0.6425670186839968,0.6564525829766277,0.8602381689324019
Gaussian NB,Anxiety_Stress,0.14954486345903772,0.6433793663688059,0.6557337996496783,0.8602381689324019
Gaussian NB,Anxiety_Stress,0.1508452535760728,0.6433793663688059,0.654767436482913,0.8602381689324019
Gaussian NB,Anxiety_Stress,0.1508452535760728,0.6450040617384241,0.6480113702725557,0.8602381689324019
Gaussian NB,Anxiety_Stress,0.15214564369310793,0.6450040617384241,0.6464647701270451,0.8602381689324019
Gaussian NB,Anxiety_Stress,0.15214564369310793,0.652315190901706,0.6314281478047383,0.8602381689324019
Gaussian NB,Anxiety_Stress,0.15344603381014305,0.652315190901706,0.628274471858017,0.8602381689324019
Gaussian NB,Anxiety_Stress,0.15344603381014305,0.6547522339561332,0.6265485955185637,0.8602381689324019
Gaussian NB,Anxiety_Stress,0.15604681404421328,0.6547522339561332,0.6241810470537468,0.8602381689324019
Gaussian NB,Anxiety_Stress,0.15604681404421328,0.6563769293257514,0.6216831486823041,0.8602381689324019
Gaussian NB,Anxiety_Stress,0.15864759427828348,0.6563769293257514,0.6130752622333369,0.8602381689324019
Gaussian NB,Anxiety_Stress,0.15864759427828348,0.6588139723801787,0.603408489522609,0.8602381689324019
Gaussian NB,Anxiety_Stress,0.1599479843953186,0.6588139723801787,0.6013301292924395,0.8602381689324019
Gaussian NB,Anxiety_Stress,0.1599479843953186,0.6604386677497969,0.591080824301715,0.8602381689324019
Gaussian NB,Anxiety_Stress,0.16124837451235371,0.6604386677497969,0.5909211887351593,0.8602381689324019
Gaussian NB,Anxiety_Stress,0.16124837451235371,0.6628757108042242,0.5898303805022145,0.8602381689324019
Gaussian NB,Anxiety_Stress,0.1625487646293888,0.6628757108042242,0.5867988459069318,0.8602381689324019
Gaussian NB,Anxiety_Stress,0.1625487646293888,0.670186839967506,0.5768919941512057,0.8602381689324019
Gaussian NB,Anxiety_Stress,0.16514954486345904,0.670186839967506,0.5720143421301943,0.8602381689324019
Gaussian NB,Anxiety_Stress,0.16514954486345904,0.6921202274573518,0.508404258822434,0.8602381689324019
Gaussian NB,Anxiety_Stress,0.16644993498049415,0.6921202274573518,0.5052457114309099,0.8602381689324019
Gaussian NB,Anxiety_Stress,0.16644993498049415,0.6929325751421609,0.5016137559145811,0.8602381689324019
Gaussian NB,Anxiety_Stress,0.16775032509752927,0.6929325751421609,0.4998042509983531,0.8602381689324019
Gaussian NB,Anxiety_Stress,0.16775032509752927,0.69374492282697,0.49870137899100836,0.8602381689324019
Gaussian NB,Anxiety_Stress,0.17035110533159947,0.69374492282697,0.49611724700746035,0.8602381689324019
Gaussian NB,Anxiety_Stress,0.17035110533159947,0.6994313566206336,0.4769667693636762,0.8602381689324019
Gaussian NB,Anxiety_Stress,0.1716514954486346,0.6994313566206336,0.4733984676714404,0.8602381689324019
Gaussian NB,Anxiety_Stress,0.1716514954486346,0.7002437043054427,0.46995169876196835,0.8602381689324019
Gaussian NB,Anxiety_Stress,0.17425227568270482,0.7002437043054427,0.46542862667600493,0.8602381689324019
Gaussian NB,Anxiety_Stress,0.17425227568270482,0.7010560519902518,0.4644676240747031,0.8602381689324019
Gaussian NB,Anxiety_Stress,0.1755526657997399,0.7010560519902518,0.4619957834501726,0.8602381689324019
Gaussian NB,Anxiety_Stress,0.1755526657997399,0.7018683996750609,0.4605568655966663,0.8602381689324019
Gaussian NB,Anxiety_Stress,0.17685305591677503,0.7018683996750609,0.46051406725081934,0.8602381689324019
Gaussian NB,Anxiety_Stress,0.17685305591677503,0.7034930950446792,0.456208565384735,0.8602381689324019
Gaussian NB,Anxiety_Stress,0.17945383615084526,0.7034930950446792,0.454002484532408,0.8602381689324019
Gaussian NB,Anxiety_Stress,0.17945383615084526,0.7075548334687246,0.44288097492284256,0.8602381689324019
Gaussian NB,Anxiety_Stress,0.18205461638491546,0.7075548334687246,0.44083500834317363,0.8602381689324019
Gaussian NB,Anxiety_Stress,0.18205461638491546,0.7091795288383428,0.43552869282523804,0.8602381689324019
Gaussian NB,Anxiety_Stress,0.18335500650195058,0.7091795288383428,0.43248496788456486,0.8602381689324019
Gaussian NB,Anxiety_Stress,0.18335500650195058,0.7099918765231519,0.4319758313224224,0.8602381689324019
Gaussian NB,Anxiety_Stress,0.1846553966189857,0.7099918765231519,0.42984337973280584,0.8602381689324019
Gaussian NB,Anxiety_Stress,0.1846553966189857,0.7116165718927701,0.4199130382078407,0.8602381689324019
Gaussian NB,Anxiety_Stress,0.1859557867360208,0.7116165718927701,0.4194945349414133,0.8602381689324019
Gaussian NB,Anxiety_Stress,0.1859557867360208,0.7148659626320065,0.4117083845634339,0.8602381689324019
Gaussian NB,Anxiety_Stress,0.18985695708712613,0.7148659626320065,0.39978721259240463,0.8602381689324019
Gaussian NB,Anxiety_Stress,0.18985695708712613,0.7173030056864338,0.3886410824309289,0.8602381689324019
Gaussian NB,Anxiety_Stress,0.19245773732119636,0.7173030056864338,0.3875071790908186,0.8602381689324019
Gaussian NB,Anxiety_Stress,0.19245773732119636,0.718927701056052,0.37551843712510696,0.8602381689324019
Gaussian NB,Anxiety_Stress,0.19375812743823148,0.718927701056052,0.37542839820807056,0.8602381689324019
Gaussian NB,Anxiety_Stress,0.19375812743823148,0.7254264825345248,0.34724579280159173,0.8602381689324019
Gaussian NB,Anxiety_Stress,0.19505851755526657,0.7254264825345248,0.346854104380692,0.8602381689324019
Gaussian NB,Anxiety_Stress,0.19505851755526657,0.7278635255889521,0.3392230737917119,0.8602381689324019
Gaussian NB,Anxiety_Stress,0.19635890767230169,0.7278635255889521,0.338355693977051,0.8602381689324019
Gaussian NB,Anxiety_Stress,0.19635890767230169,0.7319252640129975,0.33110784408788146,0.8602381689324019
Gaussian NB,Anxiety_Stress,0.1976592977893368,0.7319252640129975,0.3299958622507342,0.8602381689324019
Gaussian NB,Anxiety_Stress,0.1976592977893368,0.7408610885458976,0.31322299819081423,0.8602381689324019
Gaussian NB,Anxiety_Stress,0.19895968790637192,0.7408610885458976,0.3104918535172157,0.8602381689324019
Gaussian NB,Anxiety_Stress,0.19895968790637192,0.7473598700243704,0.27168733974958215,0.8602381689324019
Gaussian NB,Anxiety_Stress,0.20156046814044212,0.7473598700243704,0.26842203496582756,0.8602381689324019
Gaussian NB,Anxiety_Stress,0.20156046814044212,0.7489845653939886,0.26472069994759395,0.8602381689324019
Gaussian NB,Anxiety_Stress,0.20286085825747724,0.7489845653939886,0.2600276745391703,0.8602381689324019
Gaussian NB,Anxiety_Stress,0.20286085825747724,0.7506092607636068,0.25605181173542385,0.8602381689324019
Gaussian NB,Anxiety_Stress,0.20546163849154747,0.7506092607636068,0.2537479503042953,0.8602381689324019
Gaussian NB,Anxiety_Stress,0.20546163849154747,0.7546709991876523,0.24699595823624831,0.8602381689324019
Gaussian NB,Anxiety_Stress,0.20806241872561768,0.7546709991876523,0.24656634288848608,0.8602381689324019
Gaussian NB,Anxiety_Stress,0.20806241872561768,0.7587327376116978,0.23768428907359784,0.8602381689324019
Gaussian NB,Anxiety_Stress,0.2106631989596879,0.7587327376116978,0.2366830153287746,0.8602381689324019
Gaussian NB,Anxiety_Stress,0.2106631989596879,0.7595450852965069,0.23611088761793178,0.8602381689324019
Gaussian NB,Anxiety_Stress,0.21196358907672302,0.7595450852965069,0.2325432602484299,0.8602381689324019
Gaussian NB,Anxiety_Stress,0.21196358907672302,0.7652315190901706,0.22731534941620732,0.8602381689324019
Gaussian NB,Anxiety_Stress,0.21326397919375814,0.7652315190901706,0.226874613999776,0.8602381689324019
Gaussian NB,Anxiety_Stress,0.21326397919375814,0.7676685621445979,0.2235953703859494,0.8602381689324019
Gaussian NB,Anxiety_Stress,0.21586475942782835,0.7676685621445979,0.22116589505318504,0.8602381689324019
Gaussian NB,Anxiety_Stress,0.21586475942782835,0.7692932575142161,0.21669849854913528,0.8602381689324019
Gaussian NB,Anxiety_Stress,0.21716514954486346,0.7692932575142161,0.21632420315526693,0.8602381689324019
Gaussian NB,Anxiety_Stress,0.21716514954486346,0.7709179528838342,0.21542646874115368,0.8602381689324019
Gaussian NB,Anxiety_Stress,0.21846553966189858,0.7709179528838342,0.2128591986226866,0.8602381689324019
Gaussian NB,Anxiety_Stress,0.21846553966189858,0.7741673436230707,0.20723642769948716,0.8602381689324019
Gaussian NB,Anxiety_Stress,0.21976592977893367,0.7741673436230707,0.2071213637644223,0.8602381689324019
Gaussian NB,Anxiety_Stress,0.21976592977893367,0.7749796913078798,0.20467790058763152,0.8602381689324019
Gaussian NB,Anxiety_Stress,0.2223667100130039,0.7749796913078798,0.20199727372900847,0.8602381689324019
Gaussian NB,Anxiety_Stress,0.2223667100130039,0.7790414297319253,0.1937429074764989,0.8602381689324019
Gaussian NB,Anxiety_Stress,0.22366710013003901,0.7790414297319253,0.19367149650835458,0.8602381689324019
Gaussian NB,Anxiety_Stress,0.22366710013003901,0.7822908204711616,0.18667665943600323,0.8602381689324019
Gaussian NB,Anxiety_Stress,0.22496749024707413,0.7822908204711616,0.18572564341946565,0.8602381689324019
Gaussian NB,Anxiety_Stress,0.22496749024707413,0.7863525588952072,0.18061064111767966,0.8602381689324019
Gaussian NB,Anxiety_Stress,0.22626788036410922,0.7863525588952072,0.17948255290340154,0.8602381689324019
Gaussian NB,Anxiety_Stress,0.22626788036410922,0.7887896019496344,0.1760049213181634,0.8602381689324019
Gaussian NB,Anxiety_Stress,0.22756827048114434,0.7887896019496344,0.17563384025873732,0.8602381689324019
Gaussian NB,Anxiety_Stress,0.22756827048114434,0.7904142973192526,0.17199583672751448,0.8602381689324019
Gaussian NB,Anxiety_Stress,0.22886866059817945,0.7904142973192526,0.17108536651760417,0.8602381689324019
Gaussian NB,Anxiety_Stress,0.22886866059817945,0.7936636880584891,0.1655605509634869,0.8602381689324019
Gaussian NB,Anxiety_Stress,0.23016905071521457,0.7936636880584891,0.16509557555865093,0.8602381689324019
Gaussian NB,Anxiety_Stress,0.23016905071521457,0.7952883834281073,0.16328076346900752,0.8602381689324019
Gaussian NB,Anxiety_Stress,0.23146944083224968,0.7952883834281073,0.16319303382826017,0.8602381689324019
Gaussian NB,Anxiety_Stress,0.23146944083224968,0.7961007311129163,0.16043249627753023,0.8602381689324019
Gaussian NB,Anxiety_Stress,0.23276983094928477,0.7961007311129163,0.15966612940936456,0.8602381689324019
Gaussian NB,Anxiety_Stress,0.23276983094928477,0.7969130787977254,0.15813936783069132,0.8602381689324019
Gaussian NB,Anxiety_Stress,0.2340702210663199,0.7969130787977254,0.15807478612723916,0.8602381689324019
Gaussian NB,Anxiety_Stress,0.2340702210663199,0.8034118602761983,0.14905453856769857,0.8602381689324019
Gaussian NB,Anxiety_Stress,0.235370611183355,0.8034118602761983,0.14750459933668922,0.8602381689324019
Gaussian NB,Anxiety_Stress,0.235370611183355,0.8050365556458164,0.14510727467031764,0.8602381689324019
Gaussian NB,Anxiety_Stress,0.23667100130039012,0.8050365556458164,0.14430220814213768,0.8602381689324019
Gaussian NB,Anxiety_Stress,0.23667100130039012,0.8074735987002437,0.14010789678944827,0.8602381689324019
Gaussian NB,Anxiety_Stress,0.23797139141742524,0.8074735987002437,0.1396355845286765,0.8602381689324019
Gaussian NB,Anxiety_Stress,0.23797139141742524,0.8082859463850528,0.13879446630237083,0.8602381689324019
Gaussian NB,Anxiety_Stress,0.23927178153446033,0.8082859463850528,0.1361190649896879,0.8602381689324019
Gaussian NB,Anxiety_Stress,0.23927178153446033,0.8155970755483347,0.13190569818024878,0.8602381689324019
Gaussian NB,Anxiety_Stress,0.24187256176853056,0.8155970755483347,0.12822789845771515,0.8602381689324019
Gaussian NB,Anxiety_Stress,0.24187256176853056,0.8164094232331438,0.1276559258863853,0.8602381689324019
Gaussian NB,Anxiety_Stress,0.24317295188556567,0.8164094232331438,0.12678911191329753,0.8602381689324019
Gaussian NB,Anxiety_Stress,0.24317295188556567,0.8172217709179529,0.12580089643732803,0.8602381689324019
Gaussian NB,Anxiety_Stress,0.2444733420026008,0.8172217709179529,0.12569767180318014,0.8602381689324019
Gaussian NB,Anxiety_Stress,0.2444733420026008,0.8196588139723802,0.12207129181715912,0.8602381689324019
Gaussian NB,Anxiety_Stress,0.24577373211963588,0.8196588139723802,0.12196372631232692,0.8602381689324019
Gaussian NB,Anxiety_Stress,0.24577373211963588,0.8204711616571893,0.12157112106146735,0.8602381689324019
Gaussian NB,Anxiety_Stress,0.247074122236671,0.8204711616571893,0.1202336934759496,0.8602381689324019
Gaussian NB,Anxiety_Stress,0.247074122236671,0.8237205523964257,0.11689641181061483,0.8602381689324019
Gaussian NB,Anxiety_Stress,0.2483745123537061,0.8237205523964257,0.11645999542069156,0.8602381689324019
Gaussian NB,Anxiety_Stress,0.2483745123537061,0.8253452477660439,0.11206180960383595,0.8602381689324019
Gaussian NB,Anxiety_Stress,0.25097529258777634,0.8253452477660439,0.1117850219088277,0.8602381689324019
Gaussian NB,Anxiety_Stress,0.25097529258777634,0.8277822908204712,0.11067993314173057,0.8602381689324019
Gaussian NB,Anxiety_Stress,0.25227568270481143,0.8277822908204712,0.10976146356769909,0.8602381689324019
Gaussian NB,Anxiety_Stress,0.25227568270481143,0.8318440292445166,0.10651051303180346,0.8602381689324019
Gaussian NB,Anxiety_Stress,0.25487646293888166,0.8318440292445166,0.10448257687281233,0.8602381689324019
Gaussian NB,Anxiety_Stress,0.25487646293888166,0.8326563769293257,0.1027711669293313,0.8602381689324019
Gaussian NB,Anxiety_Stress,0.25617685305591675,0.8326563769293257,0.10120089934574412,0.8602381689324019
Gaussian NB,Anxiety_Stress,0.25617685305591675,0.8334687246141349,0.09839678662907962,0.8602381689324019
Gaussian NB,Anxiety_Stress,0.2574772431729519,0.8334687246141349,0.09799684702241744,0.8602381689324019
Gaussian NB,Anxiety_Stress,0.2574772431729519,0.8448415922014623,0.08687230974851931,0.8602381689324019
Gaussian NB,Anxiety_Stress,0.258777633289987,0.8448415922014623,0.08566459992858588,0.8602381689324019
Gaussian NB,Anxiety_Stress,0.258777633289987,0.8464662875710804,0.08441054874780776,0.8602381689324019
Gaussian NB,Anxiety_Stress,0.2613784135240572,0.8464662875710804,0.08368491850274476,0.8602381689324019
Gaussian NB,Anxiety_Stress,0.2613784135240572,0.8480909829406986,0.0830047908784077,0.8602381689324019
Gaussian NB,Anxiety_Stress,0.2626788036410923,0.8480909829406986,0.08298327589364199,0.8602381689324019
Gaussian NB,Anxiety_Stress,0.2626788036410923,0.851340373679935,0.08009756968591493,0.8602381689324019
Gaussian NB,Anxiety_Stress,0.26527958387516254,0.851340373679935,0.07885751920638115,0.8602381689324019
Gaussian NB,Anxiety_Stress,0.26527958387516254,0.8554021121039805,0.07578421986210011,0.8602381689324019
Gaussian NB,Anxiety_Stress,0.26788036410923277,0.8554021121039805,0.07411796329574016,0.8602381689324019
Gaussian NB,Anxiety_Stress,0.26788036410923277,0.8602761982128351,0.06628968243352773,0.8602381689324019
Gaussian NB,Anxiety_Stress,0.26918075422626786,0.8602761982128351,0.0658267648782371,0.8602381689324019
Gaussian NB,Anxiety_Stress,0.26918075422626786,0.8619008935824533,0.06391829824017568,0.8602381689324019
Gaussian NB,Anxiety_Stress,0.270481144343303,0.8619008935824533,0.063752974102542,0.8602381689324019
Gaussian NB,Anxiety_Stress,0.270481144343303,0.8635255889520714,0.062583570106145,0.8602381689324019
Gaussian NB,Anxiety_Stress,0.2717815344603381,0.8635255889520714,0.06224993837426899,0.8602381689324019
Gaussian NB,Anxiety_Stress,0.2717815344603381,0.8651502843216897,0.06112758596609414,0.8602381689324019
Gaussian NB,Anxiety_Stress,0.2756827048114434,0.8651502843216897,0.059555649399119975,0.8602381689324019
Gaussian NB,Anxiety_Stress,0.2756827048114434,0.867587327376117,0.05872956170462751,0.8602381689324019
Gaussian NB,Anxiety_Stress,0.28218465539661897,0.867587327376117,0.055048487147868565,0.8602381689324019
Gaussian NB,Anxiety_Stress,0.28218465539661897,0.8683996750609261,0.05400549995175663,0.8602381689324019
Gaussian NB,Anxiety_Stress,0.2834850455136541,0.8683996750609261,0.05383715447347328,0.8602381689324019
Gaussian NB,Anxiety_Stress,0.2834850455136541,0.8732737611697806,0.05159175454724997,0.8602381689324019
Gaussian NB,Anxiety_Stress,0.2847854356306892,0.8732737611697806,0.05118497648928174,0.8602381689324019
Gaussian NB,Anxiety_Stress,0.2847854356306892,0.8740861088545898,0.051113664455552724,0.8602381689324019
Gaussian NB,Anxiety_Stress,0.29128738621586475,0.8740861088545898,0.04958665411893153,0.8602381689324019
Gaussian NB,Anxiety_Stress,0.29128738621586475,0.875710804224208,0.04885682977156726,0.8602381689324019
Gaussian NB,Anxiety_Stress,0.2925877763328999,0.875710804224208,0.048584731470715584,0.8602381689324019
Gaussian NB,Anxiety_Stress,0.2925877763328999,0.8765231519090171,0.04772276165573579,0.8602381689324019
Gaussian NB,Anxiety_Stress,0.293888166449935,0.8765231519090171,0.04683854161173945,0.8602381689324019
Gaussian NB,Anxiety_Stress,0.293888166449935,0.8773354995938262,0.04672265799812152,0.8602381689324019
Gaussian NB,Anxiety_Stress,0.2951885565669701,0.8773354995938262,0.04536433254490464,0.8602381689324019
Gaussian NB,Anxiety_Stress,0.2951885565669701,0.8781478472786353,0.04518395590082246,0.8602381689324019
Gaussian NB,Anxiety_Stress,0.2964889466840052,0.8781478472786353,0.044664248613509656,0.8602381689324019
Gaussian NB,Anxiety_Stress,0.2964889466840052,0.8789601949634444,0.04263037544535579,0.8602381689324019
Gaussian NB,Anxiety_Stress,0.2977893368010403,0.8789601949634444,0.04218566043440132,0.8602381689324019
Gaussian NB,Anxiety_Stress,0.2977893368010403,0.8797725426482534,0.04180506407882417,0.8602381689324019
Gaussian NB,Anxiety_Stress,0.29908972691807545,0.8797725426482534,0.04033032572742046,0.8602381689324019
Gaussian NB,Anxiety_Stress,0.29908972691807545,0.8813972380178716,0.039064785941776335,0.8602381689324019
Gaussian NB,Anxiety_Stress,0.30039011703511054,0.8813972380178716,0.03810252179297905,0.8602381689324019
Gaussian NB,Anxiety_Stress,0.30039011703511054,0.8830219333874898,0.03544602696962598,0.8602381689324019
Gaussian NB,Anxiety_Stress,0.3016905071521456,0.8830219333874898,0.0352791735361447,0.8602381689324019
Gaussian NB,Anxiety_Stress,0.3016905071521456,0.8854589764419172,0.033546961812670126,0.8602381689324019
Gaussian NB,Anxiety_Stress,0.30299089726918077,0.8854589764419172,0.033484632139953,0.8602381689324019
Gaussian NB,Anxiety_Stress,0.30299089726918077,0.8862713241267263,0.033357307284177386,0.8602381689324019
Gaussian NB,Anxiety_Stress,0.3068920676202861,0.8862713241267263,0.030843616867052212,0.8602381689324019
Gaussian NB,Anxiety_Stress,0.3068920676202861,0.8878960194963444,0.02996883629934518,0.8602381689324019
Gaussian NB,Anxiety_Stress,0.3081924577373212,0.8878960194963444,0.029748756186496424,0.8602381689324019
Gaussian NB,Anxiety_Stress,0.3081924577373212,0.8895207148659626,0.029572064491420358,0.8602381689324019
Gaussian NB,Anxiety_Stress,0.3107932379713914,0.8895207148659626,0.028778428805950305,0.8602381689324019
Gaussian NB,Anxiety_Stress,0.3107932379713914,0.8903330625507717,0.028777677571357067,0.8602381689324019
Gaussian NB,Anxiety_Stress,0.31209362808842656,0.8903330625507717,0.028237746419670768,0.8602381689324019
Gaussian NB,Anxiety_Stress,0.31209362808842656,0.892770105605199,0.02756419048091876,0.8602381689324019
Gaussian NB,Anxiety_Stress,0.31339401820546164,0.892770105605199,0.027556259463278943,0.8602381689324019
Gaussian NB,Anxiety_Stress,0.31339401820546164,0.8952071486596264,0.02678935426960908,0.8602381689324019
Gaussian NB,Anxiety_Stress,0.3159947984395319,0.8952071486596264,0.026714247969638533,0.8602381689324019
Gaussian NB,Anxiety_Stress,0.3159947984395319,0.8960194963444355,0.02669041187103369,0.8602381689324019
Gaussian NB,Anxiety_Stress,0.31729518855656696,0.8960194963444355,0.02630255939780205,0.8602381689324019
Gaussian NB,Anxiety_Stress,0.31729518855656696,0.8976441917140536,0.02534315454974809,0.8602381689324019
Gaussian NB,Anxiety_Stress,0.31859557867360205,0.8976441917140536,0.02526777757221071,0.8602381689324019
Gaussian NB,Anxiety_Stress,0.31859557867360205,0.8992688870836718,0.02475301623997244,0.8602381689324019
Gaussian NB,Anxiety_Stress,0.3198959687906372,0.8992688870836718,0.02462047938981035,0.8602381689324019
Gaussian NB,Anxiety_Stress,0.3198959687906372,0.9017059301380991,0.024007423348451844,0.8602381689324019
Gaussian NB,Anxiety_Stress,0.32249674902470743,0.9017059301380991,0.0236343301302602,0.8602381689324019
Gaussian NB,Anxiety_Stress,0.32249674902470743,0.9025182778229082,0.0236210648224296,0.8602381689324019
Gaussian NB,Anxiety_Stress,0.3237971391417425,0.9025182778229082,0.02309254443732035,0.8602381689324019
Gaussian NB,Anxiety_Stress,0.3237971391417425,0.9057676685621446,0.02239530474459597,0.8602381689324019
Gaussian NB,Anxiety_Stress,0.3250975292587776,0.9057676685621446,0.022301981229052317,0.8602381689324019
Gaussian NB,Anxiety_Stress,0.3250975292587776,0.9073923639317628,0.022091869843470918,0.8602381689324019
Gaussian NB,Anxiety_Stress,0.32769830949284784,0.9073923639317628,0.021593431591825,0.8602381689324019
Gaussian NB,Anxiety_Stress,0.32769830949284784,0.9106417546709992,0.0208389713421958,0.8602381689324019
Gaussian NB,Anxiety_Stress,0.33029908972691807,0.9106417546709992,0.020655493497668844,0.8602381689324019
Gaussian NB,Anxiety_Stress,0.33029908972691807,0.9130787977254264,0.019338079249579386,0.8602381689324019
Gaussian NB,Anxiety_Stress,0.3342002600780234,0.9130787977254264,0.01912193790345418,0.8602381689324019
Gaussian NB,Anxiety_Stress,0.3342002600780234,0.9147034930950447,0.01908638896447088,0.8602381689324019
Gaussian NB,Anxiety_Stress,0.33550065019505854,0.9147034930950447,0.018863509261262637,0.8602381689324019
Gaussian NB,Anxiety_Stress,0.33550065019505854,0.9155158407798538,0.018764184697236938,0.8602381689324019
Gaussian NB,Anxiety_Stress,0.34070221066319895,0.9155158407798538,0.017504296983641993,0.8602381689324019
Gaussian NB,Anxiety_Stress,0.34070221066319895,0.917140536149472,0.017187189163539333,0.8602381689324019
Gaussian NB,Anxiety_Stress,0.3420026007802341,0.917140536149472,0.016764007407881632,0.8602381689324019
Gaussian NB,Anxiety_Stress,0.3420026007802341,0.9203899268887084,0.01635340103955131,0.8602381689324019
Gaussian NB,Anxiety_Stress,0.3433029908972692,0.9203899268887084,0.016304851169187642,0.8602381689324019
Gaussian NB,Anxiety_Stress,0.3433029908972692,0.9220146222583265,0.015793828337245706,0.8602381689324019
Gaussian NB,Anxiety_Stress,0.3472041612483745,0.9220146222583265,0.015263346056043238,0.8602381689324019
Gaussian NB,Anxiety_Stress,0.3472041612483745,0.9260763606823721,0.014260514369526193,0.8602381689324019
Gaussian NB,Anxiety_Stress,0.34850455136540964,0.9260763606823721,0.014081731702094877,0.8602381689324019
Gaussian NB,Anxiety_Stress,0.34850455136540964,0.9268887083671812,0.013797432775178623,0.8602381689324019
Gaussian NB,Anxiety_Stress,0.34980494148244473,0.9268887083671812,0.0136562752337758,0.8602381689324019
Gaussian NB,Anxiety_Stress,0.34980494148244473,0.9277010560519903,0.013468540732911649,0.8602381689324019
Gaussian NB,Anxiety_Stress,0.3511053315994798,0.9277010560519903,0.01318324910298807,0.8602381689324019
Gaussian NB,Anxiety_Stress,0.3511053315994798,0.9309504467912266,0.013013423827025979,0.8602381689324019
Gaussian NB,Anxiety_Stress,0.3550065019505852,0.9309504467912266,0.012643240749571722,0.8602381689324019
Gaussian NB,Anxiety_Stress,0.3550065019505852,0.9325751421608448,0.012036583993314507,0.8602381689324019
Gaussian NB,Anxiety_Stress,0.3563068920676203,0.9325751421608448,0.011822975696723585,0.8602381689324019
Gaussian NB,Anxiety_Stress,0.3563068920676203,0.9358245329000813,0.011464955050720399,0.8602381689324019
Gaussian NB,Anxiety_Stress,0.3589076723016905,0.9358245329000813,0.01104694796210049,0.8602381689324019
Gaussian NB,Anxiety_Stress,0.3589076723016905,0.9374492282696995,0.010804695810015886,0.8602381689324019
Gaussian NB,Anxiety_Stress,0.3641092327698309,0.9374492282696995,0.010594932581155018,0.8602381689324019
Gaussian NB,Anxiety_Stress,0.3641092327698309,0.9382615759545085,0.010564004770644763,0.8602381689324019
Gaussian NB,Anxiety_Stress,0.3680104031209363,0.9382615759545085,0.010275466062397329,0.8602381689324019
Gaussian NB,Anxiety_Stress,0.3680104031209363,0.9390739236393176,0.010263445587707623,0.8602381689324019
Gaussian NB,Anxiety_Stress,0.37451235370611186,0.9390739236393176,0.00954961793483359,0.8602381689324019
Gaussian NB,Anxiety_Stress,0.37451235370611186,0.9406986190089358,0.009312412313299689,0.8602381689324019
Gaussian NB,Anxiety_Stress,0.37971391417425226,0.9406986190089358,0.00900104795029047,0.8602381689324019
Gaussian NB,Anxiety_Stress,0.37971391417425226,0.9415109666937449,0.008692636523093246,0.8602381689324019
Gaussian NB,Anxiety_Stress,0.3810143042912874,0.9415109666937449,0.008561621980684322,0.8602381689324019
Gaussian NB,Anxiety_Stress,0.3810143042912874,0.9431356620633631,0.008180828676714857,0.8602381689324019
Gaussian NB,Anxiety_Stress,0.38881664499349805,0.9431356620633631,0.007921490570993965,0.8602381689324019
Gaussian NB,Anxiety_Stress,0.38881664499349805,0.9455727051177905,0.007186737121622685,0.8602381689324019
Gaussian NB,Anxiety_Stress,0.40182054616384916,0.9455727051177905,0.006617852356192404,0.8602381689324019
Gaussian NB,Anxiety_Stress,0.40182054616384916,0.9471974004874086,0.006349177122981062,0.8602381689324019
Gaussian NB,Anxiety_Stress,0.4070221066319896,0.9471974004874086,0.006096743959673414,0.8602381689324019
Gaussian NB,Anxiety_Stress,0.4070221066319896,0.9496344435418359,0.005877721245169495,0.8602381689324019
Gaussian NB,Anxiety_Stress,0.4096228868660598,0.9496344435418359,0.005661792587938582,0.8602381689324019
Gaussian NB,Anxiety_Stress,0.4096228868660598,0.950446791226645,0.005659204817597114,0.8602381689324019
Gaussian NB,Anxiety_Stress,0.41222366710013003,0.950446791226645,0.005577512691850479,0.8602381689324019
Gaussian NB,Anxiety_Stress,0.41222366710013003,0.9520714865962632,0.005180777615656259,0.8602381689324019
Gaussian NB,Anxiety_Stress,0.4135240572171652,0.9520714865962632,0.005083718442297347,0.8602381689324019
Gaussian NB,Anxiety_Stress,0.4135240572171652,0.9536961819658814,0.004973613833874214,0.8602381689324019
Gaussian NB,Anxiety_Stress,0.41612483745123535,0.9536961819658814,0.004868259930414061,0.8602381689324019
Gaussian NB,Anxiety_Stress,0.41612483745123535,0.9545085296506904,0.004767120815994316,0.8602381689324019
Gaussian NB,Anxiety_Stress,0.42002600780234073,0.9545085296506904,0.004634409817837463,0.8602381689324019
Gaussian NB,Anxiety_Stress,0.42002600780234073,0.9561332250203087,0.004625196732484047,0.8602381689324019
Gaussian NB,Anxiety_Stress,0.4213263979193758,0.9561332250203087,0.004512589365958423,0.8602381689324019
Gaussian NB,Anxiety_Stress,0.4213263979193758,0.9577579203899269,0.004106947003894276,0.8602381689324019
Gaussian NB,Anxiety_Stress,0.4226267880364109,0.9577579203899269,0.004000192196039199,0.8602381689324019
Gaussian NB,Anxiety_Stress,0.4226267880364109,0.958570268074736,0.003908918471045736,0.8602381689324019
Gaussian NB,Anxiety_Stress,0.4304291287386216,0.958570268074736,0.003505077389035157,0.8602381689324019
Gaussian NB,Anxiety_Stress,0.4304291287386216,0.9601949634443542,0.003449031015507998,0.8602381689324019
Gaussian NB,Anxiety_Stress,0.4317295188556567,0.9601949634443542,0.003408910257286995,0.8602381689324019
Gaussian NB,Anxiety_Stress,0.4317295188556567,0.9610073111291633,0.003352262164320692,0.8602381689324019
Gaussian NB,Anxiety_Stress,0.43302990897269183,0.9610073111291633,0.003335025914800443,0.8602381689324019
Gaussian NB,Anxiety_Stress,0.43302990897269183,0.9618196588139724,0.003305285281766981,0.8602381689324019
Gaussian NB,Anxiety_Stress,0.4343302990897269,0.9618196588139724,0.0032683179253662543,0.8602381689324019
Gaussian NB,Anxiety_Stress,0.4343302990897269,0.9650690495532088,0.003223464383024586,0.8602381689324019
Gaussian NB,Anxiety_Stress,0.435630689206762,0.9650690495532088,0.003199446713331577,0.8602381689324019
Gaussian NB,Anxiety_Stress,0.435630689206762,0.9658813972380179,0.003186409719317725,0.8602381689324019
Gaussian NB,Anxiety_Stress,0.4460338101430429,0.9658813972380179,0.0028591881721700347,0.8602381689324019
Gaussian NB,Anxiety_Stress,0.4460338101430429,0.966693744922827,0.0028109884133041274,0.8602381689324019
Gaussian NB,Anxiety_Stress,0.45253576072821844,0.966693744922827,0.0026110540983745956,0.8602381689324019
Gaussian NB,Anxiety_Stress,0.45253576072821844,0.9675060926076361,0.002576520525385441,0.8602381689324019
Gaussian NB,Anxiety_Stress,0.45513654096228867,0.9675060926076361,0.002505040209355128,0.8602381689324019
Gaussian NB,Anxiety_Stress,0.45513654096228867,0.9683184402924452,0.002499454178007286,0.8602381689324019
Gaussian NB,Anxiety_Stress,0.4616384915474642,0.9683184402924452,0.0021529087451308054,0.8602381689324019
Gaussian NB,Anxiety_Stress,0.4616384915474642,0.9691307879772543,0.002119143765640542,0.8602381689324019
Gaussian NB,Anxiety_Stress,0.46293888166449937,0.9691307879772543,0.002104000699057289,0.8602381689324019
Gaussian NB,Anxiety_Stress,0.46293888166449937,0.9699431356620634,0.0021016311374309556,0.8602381689324019
Gaussian NB,Anxiety_Stress,0.4668400520156047,0.9699431356620634,0.0019924256817130024,0.8602381689324019
Gaussian NB,Anxiety_Stress,0.4668400520156047,0.9707554833468724,0.0019826065264754683,0.8602381689324019
Gaussian NB,Anxiety_Stress,0.4694408322496749,0.9707554833468724,0.0019620539913286408,0.8602381689324019
Gaussian NB,Anxiety_Stress,0.4694408322496749,0.9723801787164906,0.0019570165449591765,0.8602381689324019
Gaussian NB,Anxiety_Stress,0.4850455136540962,0.9723801787164906,0.0015550667922120392,0.8602381689324019
Gaussian NB,Anxiety_Stress,0.4850455136540962,0.9731925264012997,0.001536667884980648,0.8602381689324019
Gaussian NB,Anxiety_Stress,0.48634590377113135,0.9731925264012997,0.0015358197520567863,0.8602381689324019
Gaussian NB,Anxiety_Stress,0.48634590377113135,0.9740048740861088,0.001535460139357372,0.8602381689324019
Gaussian NB,Anxiety_Stress,0.49154746423927176,0.9740048740861088,0.0014739847759317113,0.8602381689324019
Gaussian NB,Anxiety_Stress,0.49154746423927176,0.974817221770918,0.0014658014097548005,0.8602381689324019
Gaussian NB,Anxiety_Stress,0.4928478543563069,0.974817221770918,0.0014643788345250664,0.8602381689324019
Gaussian NB,Anxiety_Stress,0.4928478543563069,0.9756295694557271,0.001458560548687668,0.8602381689324019
Gaussian NB,Anxiety_Stress,0.494148244473342,0.9756295694557271,0.0014542294811432665,0.8602381689324019
Gaussian NB,Anxiety_Stress,0.494148244473342,0.9772542648253453,0.0014141053029884827,0.8602381689324019
Gaussian NB,Anxiety_Stress,0.5019505851755527,0.9772542648253453,0.0012623570091826824,0.8602381689324019
Gaussian NB,Anxiety_Stress,0.5019505851755527,0.9780666125101544,0.0012438527102689092,0.8602381689324019
Gaussian NB,Anxiety_Stress,0.505851755526658,0.9780666125101544,0.0011326619172930714,0.8602381689324019
Gaussian NB,Anxiety_Stress,0.505851755526658,0.9796913078797725,0.0010884663950536304,0.8602381689324019
Gaussian NB,Anxiety_Stress,0.5149544863459038,0.9796913078797725,0.0009012538381042342,0.8602381689324019
Gaussian NB,Anxiety_Stress,0.5149544863459038,0.9805036555645816,0.0008842507406342531,0.8602381689324019
Gaussian NB,Anxiety_Stress,0.5201560468140443,0.9805036555645816,0.0008197737740520697,0.8602381689324019
Gaussian NB,Anxiety_Stress,0.5201560468140443,0.9813160032493907,0.0008147405864701305,0.8602381689324019
Gaussian NB,Anxiety_Stress,0.5240572171651495,0.9813160032493907,0.0007830476415381812,0.8602381689324019
Gaussian NB,Anxiety_Stress,0.5240572171651495,0.9821283509341998,0.0007716664874530503,0.8602381689324019
Gaussian NB,Anxiety_Stress,0.5344603381014305,0.9821283509341998,0.0006996901432639295,0.8602381689324019
Gaussian NB,Anxiety_Stress,0.5344603381014305,0.9829406986190089,0.000675571939284482,0.8602381689324019
Gaussian NB,Anxiety_Stress,0.5370611183355006,0.9829406986190089,0.0006512522601876735,0.8602381689324019
Gaussian NB,Anxiety_Stress,0.5370611183355006,0.983753046303818,0.0006393604855371501,0.8602381689324019
Gaussian NB,Anxiety_Stress,0.5448634590377113,0.983753046303818,0.0005671326212512763,0.8602381689324019
Gaussian NB,Anxiety_Stress,0.5448634590377113,0.9845653939886271,0.0005652095420534206,0.8602381689324019
Gaussian NB,Anxiety_Stress,0.5500650195058517,0.9845653939886271,0.0005305145710057993,0.8602381689324019
Gaussian NB,Anxiety_Stress,0.5500650195058517,0.9861900893582454,0.0005251145358170918,0.8602381689324019
Gaussian NB,Anxiety_Stress,0.5565669700910273,0.9861900893582454,0.0004888167063524246,0.8602381689324019
Gaussian NB,Anxiety_Stress,0.5565669700910273,0.9870024370430545,0.00047738849555102684,0.8602381689324019
Gaussian NB,Anxiety_Stress,0.5578673602080624,0.9870024370430545,0.00046883890002998664,0.8602381689324019
Gaussian NB,Anxiety_Stress,0.5578673602080624,0.9878147847278635,0.0004453132648231664,0.8602381689324019
Gaussian NB,Anxiety_Stress,0.5617685305591678,0.9878147847278635,0.000427739005644013,0.8602381689324019
Gaussian NB,Anxiety_Stress,0.5617685305591678,0.9886271324126726,0.0004184677444745866,0.8602381689324019
Gaussian NB,Anxiety_Stress,0.5669700910273082,0.9886271324126726,0.0003823905467125493,0.8602381689324019
Gaussian NB,Anxiety_Stress,0.5669700910273082,0.9894394800974817,0.00038051228243260763,0.8602381689324019
Gaussian NB,Anxiety_Stress,0.576072821846554,0.9894394800974817,0.0003241378508612392,0.8602381689324019
Gaussian NB,Anxiety_Stress,0.576072821846554,0.9902518277822908,0.0003183508696192497,0.8602381689324019
Gaussian NB,Anxiety_Stress,0.5786736020806242,0.9902518277822908,0.00028676812579888245,0.8602381689324019
Gaussian NB,Anxiety_Stress,0.5786736020806242,0.9910641754670999,0.0002833330981197815,0.8602381689324019
Gaussian NB,Anxiety_Stress,0.599479843953186,0.9910641754670999,0.00021811924014554244,0.8602381689324019
Gaussian NB,Anxiety_Stress,0.599479843953186,0.991876523151909,0.00021652964337159528,0.8602381689324019
Gaussian NB,Anxiety_Stress,0.6020806241872562,0.991876523151909,0.0002125070619507312,0.8602381689324019
Gaussian NB,Anxiety_Stress,0.6020806241872562,0.9926888708367181,0.00020965927099347934,0.8602381689324019
Gaussian NB,Anxiety_Stress,0.6124837451235371,0.9926888708367181,0.00016159314201993224,0.8602381689324019
Gaussian NB,Anxiety_Stress,0.6124837451235371,0.9943135662063363,0.000156769073447671,0.8602381689324019
Gaussian NB,Anxiety_Stress,0.6202860858257477,0.9943135662063363,0.00013125280299238582,0.8602381689324019
Gaussian NB,Anxiety_Stress,0.6202860858257477,0.9951259138911455,0.00012917895189005444,0.8602381689324019
Gaussian NB,Anxiety_Stress,0.6215864759427828,0.9951259138911455,0.00012884031902083646,0.8602381689324019
Gaussian NB,Anxiety_Stress,0.6215864759427828,0.9959382615759546,0.00012704852028390065,0.8602381689324019
Gaussian NB,Anxiety_Stress,0.6345903771131339,0.9959382615759546,0.00010275461421188602,0.8602381689324019
Gaussian NB,Anxiety_Stress,0.6345903771131339,0.9967506092607636,0.00010162489294426149,0.8602381689324019
Gaussian NB,Anxiety_Stress,0.647594278283485,0.9967506092607636,8.138937814623565e-05,0.8602381689324019
Gaussian NB,Anxiety_Stress,0.647594278283485,0.9975629569455727,7.632597902792988e-05,0.8602381689324019
Gaussian NB,Anxiety_Stress,0.6671001300390117,0.9975629569455727,6.044334170897663e-05,0.8602381689324019
Gaussian NB,Anxiety_Stress,0.6671001300390117,0.9983753046303818,5.991422732726364e-05,0.8602381689324019
Gaussian NB,Anxiety_Stress,0.6775032509752926,0.9983753046303818,5.46928093102496e-05,0.8602381689324019
Gaussian NB,Anxiety_Stress,0.6775032509752926,0.9991876523151909,5.454156056434189e-05,0.8602381689324019
Gaussian NB,Anxiety_Stress,0.7217165149544863,0.9991876523151909,2.738346202941432e-05,0.8602381689324019
Gaussian NB,Anxiety_Stress,0.7217165149544863,1.0,2.736552427808808e-05,0.8602381689324019
Gaussian NB,Anxiety_Stress,1.0,1.0,1.1846884750603874e-10,0.8602381689324019
Gaussian NB,Burnout,0.0,0.0,inf,0.8455246541184042
Gaussian NB,Burnout,0.0005630630630630631,0.0,0.9999906935577604,0.8455246541184042
Gaussian NB,Burnout,0.0005630630630630631,0.013392857142857142,0.9999118046892216,0.8455246541184042
Gaussian NB,Burnout,0.0011261261261261261,0.013392857142857142,0.9999103351685661,0.8455246541184042
Gaussian NB,Burnout,0.0011261261261261261,0.026785714285714284,0.9998427365550282,0.8455246541184042
Gaussian NB,Burnout,0.002815315315315315,0.026785714285714284,0.9996128535240116,0.8455246541184042
Gaussian NB,Burnout,0.002815315315315315,0.03125,0.9994671148010016,0.8455246541184042
Gaussian NB,Burnout,0.006193693693693694,0.03125,0.9984701199409418,0.8455246541184042
Gaussian NB,Burnout,0.006193693693693694,0.05357142857142857,0.9981594353786069,0.8455246541184042
Gaussian NB,Burnout,0.00731981981981982,0.05357142857142857,0.9978776093036983,0.8455246541184042
Gaussian NB,Burnout,0.00731981981981982,0.07589285714285714,0.9959236391538833,0.8455246541184042
Gaussian NB,Burnout,0.007882882882882882,0.07589285714285714,0.9950372956806276,0.8455246541184042
Gaussian NB,Burnout,0.007882882882882882,0.08482142857142858,0.9933700174058443,0.8455246541184042
Gaussian NB,Burnout,0.010698198198198198,0.08482142857142858,0.9902778410453638,0.8455246541184042
Gaussian NB,Burnout,0.010698198198198198,0.08928571428571429,0.9891747362422957,0.8455246541184042
Gaussian NB,Burnout,0.012387387387387387,0.08928571428571429,0.9863429721625223,0.8455246541184042
Gaussian NB,Burnout,0.012387387387387387,0.09821428571428571,0.9858129795472182,0.8455246541184042
Gaussian NB,Burnout,0.013513513513513514,0.09821428571428571,0.9846258299221764,0.8455246541184042
Gaussian NB,Burnout,0.013513513513513514,0.10714285714285714,0.9838427547297852,0.8455246541184042
Gaussian NB,Burnout,0.014076576576576577,0.10714285714285714,0.9831427381521655,0.8455246541184042
Gaussian NB,Burnout,0.014076576576576577,0.11160714285714286,0.9812827327683133,0.8455246541184042
Gaussian NB,Burnout,0.01632882882882883,0.11160714285714286,0.9785901914567574,0.8455246541184042
Gaussian NB,Burnout,0.01632882882882883,0.125,0.9753280075732402,0.8455246541184042
Gaussian NB,Burnout,0.018581081081081082,0.125,0.9721177867557221,0.8455246541184042
Gaussian NB,Burnout,0.018581081081081082,0.12946428571428573,0.9708654509881857,0.8455246541184042
Gaussian NB,Burnout,0.019707207207207207,0.12946428571428573,0.9683868950417756,0.8455246541184042
Gaussian NB,Burnout,0.019707207207207207,0.13839285714285715,0.9674409635398763,0.8455246541184042
Gaussian NB,Burnout,0.02195945945945946,0.13839285714285715,0.9593339189874471,0.8455246541184042
Gaussian NB,Burnout,0.02195945945945946,0.14285714285714285,0.9581646277234215,0.8455246541184042
Gaussian NB,Burnout,0.02252252252252252,0.14285714285714285,0.9534080065137757,0.8455246541184042
Gaussian NB,Burnout,0.02252252252252252,0.14732142857142858,0.9508553974867615,0.8455246541184042
Gaussian NB,Burnout,0.02364864864864865,0.14732142857142858,0.9492765211476412,0.8455246541184042
Gaussian NB,Burnout,0.02364864864864865,0.15178571428571427,0.9470901609114805,0.8455246541184042
Gaussian NB,Burnout,0.0259009009009009,0.15178571428571427,0.9423148504066571,0.8455246541184042
Gaussian NB,Burnout,0.0259009009009009,0.16071428571428573,0.9411914508216598,0.8455246541184042
Gaussian NB,Burnout,0.028153153153153154,0.16071428571428573,0.9295794708067108,0.8455246541184042
Gaussian NB,Burnout,0.028153153153153154,0.16964285714285715,0.922044810043113,0.8455246541184042
Gaussian NB,Burnout,0.030405405405405407,0.16964285714285715,0.9065263536045352,0.8455246541184042
Gaussian NB,Burnout,0.030405405405405407,0.17410714285714285,0.9018565493656668,0.8455246541184042
Gaussian NB,Burnout,0.03209459459459459,0.17410714285714285,0.8973182549474905,0.8455246541184042
Gaussian NB,Burnout,0.03209459459459459,0.17857142857142858,0.8931347483622611,0.8455246541184042
Gaussian NB,Burnout,0.03265765765765766,0.17857142857142858,0.8917589755949038,0.8455246541184042
Gaussian NB,Burnout,0.03265765765765766,0.18303571428571427,0.8917247035639777,0.8455246541184042
Gaussian NB,Burnout,0.0365990990990991,0.18303571428571427,0.8705595809708183,0.8455246541184042
Gaussian NB,Burnout,0.0365990990990991,0.19196428571428573,0.8655993586945795,0.8455246541184042
Gaussian NB,Burnout,0.037162162162162164,0.19196428571428573,0.8655388805709017,0.8455246541184042
Gaussian NB,Burnout,0.037162162162162164,0.20089285714285715,0.860367537763856,0.8455246541184042
Gaussian NB,Burnout,0.03772522522522523,0.20089285714285715,0.8570372948096658,0.8455246541184042
Gaussian NB,Burnout,0.03772522522522523,0.20535714285714285,0.8481991981669487,0.8455246541184042
Gaussian NB,Burnout,0.038288288288288286,0.20535714285714285,0.8455608505603343,0.8455246541184042
Gaussian NB,Burnout,0.038288288288288286,0.20982142857142858,0.8421590131918536,0.8455246541184042
Gaussian NB,Burnout,0.03885135135135135,0.20982142857142858,0.8403509981351613,0.8455246541184042
Gaussian NB,Burnout,0.03885135135135135,0.21428571428571427,0.8398543539693697,0.8455246541184042
Gaussian NB,Burnout,0.04054054054054054,0.21428571428571427,0.827901737712461,0.8455246541184042
Gaussian NB,Burnout,0.04054054054054054,0.21875,0.8210839396623151,0.8455246541184042
Gaussian NB,Burnout,0.04110360360360361,0.21875,0.8201173084859122,0.8455246541184042
Gaussian NB,Burnout,0.04110360360360361,0.22321428571428573,0.8168160809843196,0.8455246541184042
Gaussian NB,Burnout,0.04222972972972973,0.22321428571428573,0.8111679190702459,0.8455246541184042
Gaussian NB,Burnout,0.04222972972972973,0.22767857142857142,0.8093157974965417,0.8455246541184042
Gaussian NB,Burnout,0.04391891891891892,0.22767857142857142,0.802749940158069,0.8455246541184042
Gaussian NB,Burnout,0.04391891891891892,0.23660714285714285,0.7982220119266294,0.8455246541184042
Gaussian NB,Burnout,0.04448198198198198,0.23660714285714285,0.7937123803990781,0.8455246541184042
Gaussian NB,Burnout,0.04448198198198198,0.24553571428571427,0.7912248792762898,0.8455246541184042
Gaussian NB,Burnout,0.04617117117117117,0.24553571428571427,0.7758180752071578,0.8455246541184042
Gaussian NB,Burnout,0.04617117117117117,0.2544642857142857,0.7730651528353873,0.8455246541184042
Gaussian NB,Burnout,0.0472972972972973,0.2544642857142857,0.7666845498699366,0.8455246541184042
Gaussian NB,Burnout,0.0472972972972973,0.25892857142857145,0.7650956917397109,0.8455246541184042
Gaussian NB,Burnout,0.04842342342342342,0.25892857142857145,0.7429447071362291,0.8455246541184042
Gaussian NB,Burnout,0.04842342342342342,0.26339285714285715,0.7403101195061262,0.8455246541184042
Gaussian NB,Burnout,0.048986486486486486,0.26339285714285715,0.730113936154544,0.8455246541184042
Gaussian NB,Burnout,0.048986486486486486,0.27232142857142855,0.725139736294389,0.8455246541184042
Gaussian NB,Burnout,0.05067567567567568,0.27232142857142855,0.7015312104506264,0.8455246541184042
Gaussian NB,Burnout,0.05067567567567568,0.28125,0.6943895366438063,0.8455246541184042
Gaussian NB,Burnout,0.051238738738738736,0.28125,0.6929741511936144,0.8455246541184042
Gaussian NB,Burnout,0.051238738738738736,0.2857142857142857,0.6835255820030108,0.8455246541184042
Gaussian NB,Burnout,0.0518018018018018,0.2857142857142857,0.6832342487439459,0.8455246541184042
Gaussian NB,Burnout,0.0518018018018018,0.29017857142857145,0.6820914634571926,0.8455246541184042
Gaussian NB,Burnout,0.052364864864864864,0.29017857142857145,0.6807957163330172,0.8455246541184042
Gaussian NB,Burnout,0.052364864864864864,0.29464285714285715,0.6803222585882784,0.8455246541184042
Gaussian NB,Burnout,0.05292792792792793,0.29464285714285715,0.6760623580033351,0.8455246541184042
Gaussian NB,Burnout,0.05292792792792793,0.30357142857142855,0.6530689841586289,0.8455246541184042
Gaussian NB,Burnout,0.05349099099099099,0.30357142857142855,0.651878174955131,0.8455246541184042
Gaussian NB,Burnout,0.05349099099099099,0.3080357142857143,0.649269805044832,0.8455246541184042
Gaussian NB,Burnout,0.05574324324324324,0.3080357142857143,0.6116999685731384,0.8455246541184042
Gaussian NB,Burnout,0.05574324324324324,0.3169642857142857,0.5929869259238715,0.8455246541184042
Gaussian NB,Burnout,0.06024774774774775,0.3169642857142857,0.5686168093649381,0.8455246541184042
Gaussian NB,Burnout,0.06024774774774775,0.32142857142857145,0.5541385036066254,0.8455246541184042
Gaussian NB,Burnout,0.06137387387387387,0.32142857142857145,0.5453094407503213,0.8455246541184042
Gaussian NB,Burnout,0.06137387387387387,0.32589285714285715,0.5429116937689071,0.8455246541184042
Gaussian NB,Burnout,0.061936936936936936,0.32589285714285715,0.5340828907901316,0.8455246541184042
Gaussian NB,Burnout,0.061936936936936936,0.33482142857142855,0.5261525897859781,0.8455246541184042
Gaussian NB,Burnout,0.0625,0.33482142857142855,0.5195484775357494,0.8455246541184042
Gaussian NB,Burnout,0.0625,0.3392857142857143,0.5167424031170482,0.8455246541184042
Gaussian NB,Burnout,0.06362612612612613,0.3392857142857143,0.5072766801938123,0.8455246541184042
Gaussian NB,Burnout,0.06362612612612613,0.3482142857142857,0.4868987167663045,0.8455246541184042
Gaussian NB,Burnout,0.06756756756756757,0.3482142857142857,0.46606732721742666,0.8455246541184042
Gaussian NB,Burnout,0.06756756756756757,0.35267857142857145,0.4639188694212177,0.8455246541184042
Gaussian NB,Burnout,0.06925675675675676,0.35267857142857145,0.44389047968391054,0.8455246541184042
Gaussian NB,Burnout,0.06925675675675676,0.36160714285714285,0.4328292817943099,0.8455246541184042
Gaussian NB,Burnout,0.07545045045045046,0.36160714285714285,0.3834017844515393,0.8455246541184042
Gaussian NB,Burnout,0.07545045045045046,0.3794642857142857,0.3717022599717578,0.8455246541184042
Gaussian NB,Burnout,0.07657657657657657,0.3794642857142857,0.3678097447559295,0.8455246541184042
Gaussian NB,Burnout,0.07657657657657657,0.38392857142857145,0.3606204893865287,0.8455246541184042
Gaussian NB,Burnout,0.07882882882882883,0.38392857142857145,0.35011158856602953,0.8455246541184042
Gaussian NB,Burnout,0.07882882882882883,0.38839285714285715,0.3472319683466663,0.8455246541184042
Gaussian NB,Burnout,0.07939189189189189,0.38839285714285715,0.3453186333953878,0.8455246541184042
Gaussian NB,Burnout,0.07939189189189189,0.39285714285714285,0.3438400798737602,0.8455246541184042
Gaussian NB,Burnout,0.07995495495495496,0.39285714285714285,0.3406762706871729,0.8455246541184042
Gaussian NB,Burnout,0.07995495495495496,0.40625,0.319880766605425,0.8455246541184042
Gaussian NB,Burnout,0.08220720720720721,0.40625,0.30065620151130934,0.8455246541184042
Gaussian NB,Burnout,0.08220720720720721,0.41964285714285715,0.2865205285914955,0.8455246541184042
Gaussian NB,Burnout,0.08333333333333333,0.41964285714285715,0.2805006871191856,0.8455246541184042
Gaussian NB,Burnout,0.08333333333333333,0.42410714285714285,0.27952494451607646,0.8455246541184042
Gaussian NB,Burnout,0.08896396396396396,0.42410714285714285,0.21639559421353857,0.8455246541184042
Gaussian NB,Burnout,0.08896396396396396,0.42857142857142855,0.21326856777709285,0.8455246541184042
Gaussian NB,Burnout,0.09065315315315316,0.42857142857142855,0.2016669680681626,0.8455246541184042
Gaussian NB,Burnout,0.09065315315315316,0.44642857142857145,0.19335435719560212,0.8455246541184042
Gaussian NB,Burnout,0.09121621621621621,0.44642857142857145,0.1933508907799303,0.8455246541184042
Gaussian NB,Burnout,0.09121621621621621,0.45089285714285715,0.18548619750717035,0.8455246541184042
Gaussian NB,Burnout,0.0929054054054054,0.45089285714285715,0.17848138139001038,0.8455246541184042
Gaussian NB,Burnout,0.0929054054054054,0.45535714285714285,0.177753407543161,0.8455246541184042
Gaussian NB,Burnout,0.09346846846846847,0.45535714285714285,0.1746720191772086,0.8455246541184042
Gaussian NB,Burnout,0.09346846846846847,0.4642857142857143,0.169215651129526,0.8455246541184042
Gaussian NB,Burnout,0.09403153153153153,0.4642857142857143,0.16888692457312976,0.8455246541184042
Gaussian NB,Burnout,0.09403153153153153,0.46875,0.16863383829940634,0.8455246541184042
Gaussian NB,Burnout,0.09572072072072071,0.46875,0.1632382771625253,0.8455246541184042
Gaussian NB,Burnout,0.09572072072072071,0.4732142857142857,0.16152724612885033,0.8455246541184042
Gaussian NB,Burnout,0.10529279279279279,0.4732142857142857,0.1255546728134597,0.8455246541184042
Gaussian NB,Burnout,0.10529279279279279,0.47767857142857145,0.12396084506389743,0.8455246541184042
Gaussian NB,Burnout,0.10641891891891891,0.47767857142857145,0.12315949303163766,0.8455246541184042
Gaussian NB,Burnout,0.10641891891891891,0.48214285714285715,0.11967059333638116,0.8455246541184042
Gaussian NB,Burnout,0.10698198198198199,0.48214285714285715,0.11748396452377788,0.8455246541184042
Gaussian NB,Burnout,0.10698198198198199,0.48660714285714285,0.11586811665886083,0.8455246541184042
Gaussian NB,Burnout,0.10810810810810811,0.48660714285714285,0.11147753166110856,0.8455246541184042
Gaussian NB,Burnout,0.10810810810810811,0.4955357142857143,0.10883901158497764,0.8455246541184042
Gaussian NB,Burnout,0.10867117117117117,0.4955357142857143,0.10864694458138044,0.8455246541184042
Gaussian NB,Burnout,0.10867117117117117,0.5,0.10707816837984568,0.8455246541184042
Gaussian NB,Burnout,0.1097972972972973,0.5,0.10307514115766947,0.8455246541184042
Gaussian NB,Burnout,0.1097972972972973,0.5089285714285714,0.10212637889727948,0.8455246541184042
Gaussian NB,Burnout,0.11036036036036036,0.5089285714285714,0.10157420726514285,0.8455246541184042
Gaussian NB,Burnout,0.11036036036036036,0.5223214285714286,0.0990352100602727,0.8455246541184042
Gaussian NB,Burnout,0.11092342342342343,0.5223214285714286,0.09858945147272685,0.8455246541184042
Gaussian NB,Burnout,0.11092342342342343,0.5267857142857143,0.09858205769988833,0.8455246541184042
Gaussian NB,Burnout,0.11148648648648649,0.5267857142857143,0.09677859849578968,0.8455246541184042
Gaussian NB,Burnout,0.11148648648648649,0.53125,0.09436625652072259,0.8455246541184042
Gaussian NB,Burnout,0.11317567567567567,0.53125,0.09217895966946198,0.8455246541184042
Gaussian NB,Burnout,0.11317567567567567,0.5357142857142857,0.091961948113088,0.8455246541184042
Gaussian NB,Burnout,0.11373873873873874,0.5357142857142857,0.09145970914477405,0.8455246541184042
Gaussian NB,Burnout,0.11373873873873874,0.5446428571428571,0.08779636108837517,0.8455246541184042
Gaussian NB,Burnout,0.1143018018018018,0.5446428571428571,0.08759447529900961,0.8455246541184042
Gaussian NB,Burnout,0.1143018018018018,0.5491071428571429,0.08626489404192719,0.8455246541184042
Gaussian NB,Burnout,0.11542792792792793,0.5491071428571429,0.0819097247473199,0.8455246541184042
Gaussian NB,Burnout,0.11542792792792793,0.5535714285714286,0.0789038620288139,0.8455246541184042
Gaussian NB,Burnout,0.11599099099099099,0.5535714285714286,0.07785154523485559,0.8455246541184042
Gaussian NB,Burnout,0.11599099099099099,0.5580357142857143,0.07708913358564229,0.8455246541184042
Gaussian NB,Burnout,0.11711711711711711,0.5580357142857143,0.07525390523811251,0.8455246541184042
Gaussian NB,Burnout,0.11711711711711711,0.5625,0.074244223675555,0.8455246541184042
Gaussian NB,Burnout,0.1188063063063063,0.5625,0.07092020328685625,0.8455246541184042
Gaussian NB,Burnout,0.1188063063063063,0.5669642857142857,0.07059763298782494,0.8455246541184042
Gaussian NB,Burnout,0.12274774774774774,0.5669642857142857,0.06354788689023104,0.8455246541184042
Gaussian NB,Burnout,0.12274774774774774,0.5758928571428571,0.06008390200546983,0.8455246541184042
Gaussian NB,Burnout,0.13006756756756757,0.5758928571428571,0.049133399875838216,0.8455246541184042
Gaussian NB,Burnout,0.13006756756756757,0.5848214285714286,0.047732331300277514,0.8455246541184042
Gaussian NB,Burnout,0.1356981981981982,0.5848214285714286,0.040366153117688194,0.8455246541184042
Gaussian NB,Burnout,0.1356981981981982,0.5892857142857143,0.04002303015462355,0.8455246541184042
Gaussian NB,Burnout,0.13851351351351351,0.5892857142857143,0.037805349454273246,0.8455246541184042
Gaussian NB,Burnout,0.13851351351351351,0.5982142857142857,0.03704458936767888,0.8455246541184042
Gaussian NB,Burnout,0.14076576576576577,0.5982142857142857,0.03442439448369252,0.8455246541184042
Gaussian NB,Burnout,0.14076576576576577,0.6071428571428571,0.033998983650689395,0.8455246541184042
Gaussian NB,Burnout,0.14864864864864866,0.6071428571428571,0.02721817032410876,0.8455246541184042
Gaussian NB,Burnout,0.14864864864864866,0.6116071428571429,0.026382791281457135,0.8455246541184042
Gaussian NB,Burnout,0.1570945945945946,0.6116071428571429,0.02311722900199492,0.8455246541184042
Gaussian NB,Burnout,0.1570945945945946,0.625,0.0227943962736475,0.8455246541184042
Gaussian NB,Burnout,0.16497747747747749,0.625,0.020430186774319,0.8455246541184042
Gaussian NB,Burnout,0.16497747747747749,0.6294642857142857,0.020243896214066345,0.8455246541184042
Gaussian NB,Burnout,0.16554054054054054,0.6294642857142857,0.019673008225619196,0.8455246541184042
Gaussian NB,Burnout,0.16554054054054054,0.6339285714285714,0.01958201391777921,0.8455246541184042
Gaussian NB,Burnout,0.18355855855855857,0.6339285714285714,0.01358874000657676,0.8455246541184042
Gaussian NB,Burnout,0.18355855855855857,0.6383928571428571,0.013316109357508205,0.8455246541184042
Gaussian NB,Burnout,0.1858108108108108,0.6383928571428571,0.012721647741712716,0.8455246541184042
Gaussian NB,Burnout,0.1858108108108108,0.6428571428571429,0.012538738908643427,0.8455246541184042
Gaussian NB,Burnout,0.20101351351351351,0.6428571428571429,0.009776153275808374,0.8455246541184042
Gaussian NB,Burnout,0.20101351351351351,0.6473214285714286,0.009533805067251058,0.8455246541184042
Gaussian NB,Burnout,0.20213963963963963,0.6473214285714286,0.009231302185069812,0.8455246541184042
Gaussian NB,Burnout,0.20213963963963963,0.6517857142857143,0.009160863895664595,0.8455246541184042
Gaussian NB,Burnout,0.20326576576576577,0.6517857142857143,0.008712964983153585,0.8455246541184042
Gaussian NB,Burnout,0.20326576576576577,0.65625,0.008419030568276909,0.8455246541184042
Gaussian NB,Burnout,0.20551801801801803,0.65625,0.008083890472668663,0.8455246541184042
Gaussian NB,Burnout,0.20551801801801803,0.6651785714285714,0.008035950980412144,0.8455246541184042
Gaussian NB,Burnout,0.20664414414414414,0.6651785714285714,0.00792595430915454,0.8455246541184042
Gaussian NB,Burnout,0.20664414414414414,0.6696428571428571,0.007902103126857315,0.8455246541184042
Gaussian NB,Burnout,0.20777027027027026,0.6696428571428571,0.007681868306314153,0.8455246541184042
Gaussian NB,Burnout,0.20777027027027026,0.6741071428571429,0.007648569738798095,0.8455246541184042
Gaussian NB,Burnout,0.20833333333333334,0.6741071428571429,0.007631685514189518,0.8455246541184042
Gaussian NB,Burnout,0.20833333333333334,0.6830357142857143,0.007594940672749734,0.8455246541184042
Gaussian NB,Burnout,0.20945945945945946,0.6830357142857143,0.0073313463091603205,0.8455246541184042
Gaussian NB,Burnout,0.20945945945945946,0.6875,0.007290632355978992,0.8455246541184042
Gaussian NB,Burnout,0.21002252252252251,0.6875,0.0070650145670813945,0.8455246541184042
Gaussian NB,Burnout,0.21002252252252251,0.6919642857142857,0.0070276704098771285,0.8455246541184042
Gaussian NB,Burnout,0.21058558558558557,0.6919642857142857,0.007016859980788227,0.8455246541184042
Gaussian NB,Burnout,0.21058558558558557,0.7008928571428571,0.006853088483808454,0.8455246541184042
Gaussian NB,Burnout,0.21171171171171171,0.7008928571428571,0.006720697998865926,0.8455246541184042
Gaussian NB,Burnout,0.21171171171171171,0.7098214285714286,0.00656035361706494,0.8455246541184042
Gaussian NB,Burnout,0.21283783783783783,0.7098214285714286,0.006472183960727358,0.8455246541184042
Gaussian NB,Burnout,0.21283783783783783,0.7142857142857143,0.006450759039719724,0.8455246541184042
Gaussian NB,Burnout,0.21565315315315314,0.7142857142857143,0.006042525532118069,0.8455246541184042
Gaussian NB,Burnout,0.21565315315315314,0.71875,0.005775451035865733,0.8455246541184042
Gaussian NB,Burnout,0.21734234234234234,0.71875,0.005469392716134898,0.8455246541184042
Gaussian NB,Burnout,0.21734234234234234,0.7232142857142857,0.005441758622171827,0.8455246541184042
Gaussian NB,Burnout,0.22353603603603603,0.7232142857142857,0.005066412159456417,0.8455246541184042
Gaussian NB,Burnout,0.22353603603603603,0.7276785714285714,0.005041497519891197,0.8455246541184042
Gaussian NB,Burnout,0.22409909909909909,0.7276785714285714,0.005011013917751634,0.8455246541184042
Gaussian NB,Burnout,0.22409909909909909,0.7366071428571429,0.00496910080278115,0.8455246541184042
Gaussian NB,Burnout,0.22804054054054054,0.7366071428571429,0.004742353763505846,0.8455246541184042
Gaussian NB,Burnout,0.22804054054054054,0.7410714285714286,0.004713025277825366,0.8455246541184042
Gaussian NB,Burnout,0.23367117117117117,0.7410714285714286,0.004049138850220426,0.8455246541184042
Gaussian NB,Burnout,0.23367117117117117,0.75,0.004016503703289943,0.8455246541184042
Gaussian NB,Burnout,0.23704954954954954,0.75,0.0037770168250113004,0.8455246541184042
Gaussian NB,Burnout,0.23704954954954954,0.7589285714285714,0.0037318304445636686,0.8455246541184042
Gaussian NB,Burnout,0.2393018018018018,0.7589285714285714,0.003581217061199369,0.8455246541184042
Gaussian NB,Burnout,0.2393018018018018,0.7633928571428571,0.0035532971751089885,0.8455246541184042
Gaussian NB,Burnout,0.24549549549549549,0.7633928571428571,0.0031896703292045134,0.8455246541184042
Gaussian NB,Burnout,0.24549549549549549,0.7678571428571429,0.0031461424024221986,0.8455246541184042
Gaussian NB,Burnout,0.24718468468468469,0.7678571428571429,0.0030191655722599537,0.8455246541184042
Gaussian NB,Burnout,0.24718468468468469,0.7723214285714286,0.00291482259699253,0.8455246541184042
Gaussian NB,Burnout,0.24943693693693694,0.7723214285714286,0.002766728667486006,0.8455246541184042
Gaussian NB,Burnout,0.24943693693693694,0.7767857142857143,0.00276430942803234,0.8455246541184042
Gaussian NB,Burnout,0.2545045045045045,0.7767857142857143,0.0024157884173190056,0.8455246541184042
Gaussian NB,Burnout,0.2545045045045045,0.78125,0.0023959356061611973,0.8455246541184042
Gaussian NB,Burnout,0.25957207207207206,0.78125,0.002201964076791376,0.8455246541184042
Gaussian NB,Burnout,0.25957207207207206,0.7857142857142857,0.0021846271063560912,0.8455246541184042
Gaussian NB,Burnout,0.26238738738738737,0.7857142857142857,0.00206373341094853,0.8455246541184042
Gaussian NB,Burnout,0.26238738738738737,0.7901785714285714,0.002046587756998746,0.8455246541184042
Gaussian NB,Burnout,0.2652027027027027,0.7901785714285714,0.0019746079849582883,0.8455246541184042
Gaussian NB,Burnout,0.2652027027027027,0.7946428571428571,0.001971367226590418,0.8455246541184042
Gaussian NB,Burnout,0.2685810810810811,0.7946428571428571,0.0018153643180932487,0.8455246541184042
Gaussian NB,Burnout,0.2685810810810811,0.7991071428571429,0.0017612154276078118,0.8455246541184042
Gaussian NB,Burnout,0.2730855855855856,0.7991071428571429,0.0016190441613163967,0.8455246541184042
Gaussian NB,Burnout,0.2730855855855856,0.8035714285714286,0.0016176631196043814,0.8455246541184042
Gaussian NB,Burnout,0.27702702702702703,0.8035714285714286,0.0015020607453205483,0.8455246541184042
Gaussian NB,Burnout,0.27702702702702703,0.8080357142857143,0.0014891584466229998,0.8455246541184042
Gaussian NB,Burnout,0.2775900900900901,0.8080357142857143,0.0014829293528648001,0.8455246541184042
Gaussian NB,Burnout,0.2775900900900901,0.8125,0.001476805756489577,0.8455246541184042
Gaussian NB,Burnout,0.2916666666666667,0.8125,0.001135252466873717,0.8455246541184042
Gaussian NB,Burnout,0.2916666666666667,0.8169642857142857,0.0011095585996399697,0.8455246541184042
Gaussian NB,Burnout,0.294481981981982,0.8169642857142857,0.0010803973384076622,0.8455246541184042
Gaussian NB,Burnout,0.294481981981982,0.8214285714285714,0.0010722511300090868,0.8455246541184042
Gaussian NB,Burnout,0.2956081081081081,0.8214285714285714,0.0010225624285985946,0.8455246541184042
Gaussian NB,Burnout,0.2956081081081081,0.8303571428571429,0.0010018886015493466,0.8455246541184042
Gaussian NB,Burnout,0.30011261261261263,0.8303571428571429,0.000950953541047854,0.8455246541184042
Gaussian NB,Burnout,0.30011261261261263,0.84375,0.0009209482627602179,0.8455246541184042
Gaussian NB,Burnout,0.30461711711711714,0.84375,0.0008666819577012941,0.8455246541184042
Gaussian NB,Burnout,0.30461711711711714,0.8482142857142857,0.0008570184432995555,0.8455246541184042
Gaussian NB,Burnout,0.3091216216216216,0.8482142857142857,0.00076136327227196,0.8455246541184042
Gaussian NB,Burnout,0.3091216216216216,0.8526785714285714,0.0007469023871468607,0.8455246541184042
Gaussian NB,Burnout,0.3130630630630631,0.8526785714285714,0.0006651482995860409,0.8455246541184042
Gaussian NB,Burnout,0.3130630630630631,0.8571428571428571,0.0006593280815393457,0.8455246541184042
Gaussian NB,Burnout,0.31981981981981983,0.8571428571428571,0.000579579256358341,0.8455246541184042
Gaussian NB,Burnout,0.31981981981981983,0.8616071428571429,0.0005658679194040843,0.8455246541184042
Gaussian NB,Burnout,0.32207207207207206,0.8616071428571429,0.0005414236721933767,0.8455246541184042
Gaussian NB,Burnout,0.32207207207207206,0.8660714285714286,0.000541391251531976,0.8455246541184042
Gaussian NB,Burnout,0.32995495495495497,0.8660714285714286,0.00047297935311837606,0.8455246541184042
Gaussian NB,Burnout,0.32995495495495497,0.8705357142857143,0.00047102070272439197,0.8455246541184042
Gaussian NB,Burnout,0.3310810810810811,0.8705357142857143,0.0004693999584957061,0.8455246541184042
Gaussian NB,Burnout,0.3310810810810811,0.875,0.0004689684684896998,0.8455246541184042
Gaussian NB,Burnout,0.33783783783783783,0.875,0.00041062148303236,0.8455246541184042
Gaussian NB,Burnout,0.33783783783783783,0.8794642857142857,0.00040493150149772267,0.8455246541184042
Gaussian NB,Burnout,0.34177927927927926,0.8794642857142857,0.00037996688408310493,0.8455246541184042
Gaussian NB,Burnout,0.34177927927927926,0.8839285714285714,0.0003772023880617063,0.8455246541184042
Gaussian NB,Burnout,0.34628378378378377,0.8839285714285714,0.00035897900110689116,0.8455246541184042
Gaussian NB,Burnout,0.34628378378378377,0.8883928571428571,0.00035810230946147945,0.8455246541184042
Gaussian NB,Burnout,0.3474099099099099,0.8883928571428571,0.00034725680931147455,0.8455246541184042
Gaussian NB,Burnout,0.3474099099099099,0.8928571428571429,0.0003467300033568844,0.8455246541184042
Gaussian NB,Burnout,0.3524774774774775,0.8928571428571429,0.0003157921357195661,0.8455246541184042
Gaussian NB,Burnout,0.3524774774774775,0.8973214285714286,0.0003156507389639453,0.8455246541184042
Gaussian NB,Burnout,0.3564189189189189,0.8973214285714286,0.0002902209833917827,0.8455246541184042
Gaussian NB,Burnout,0.3564189189189189,0.9017857142857143,0.00028936529840966973,0.8455246541184042
Gaussian NB,Burnout,0.356981981981982,0.9017857142857143,0.000286271228723187,0.8455246541184042
Gaussian NB,Burnout,0.356981981981982,0.90625,0.00028347951584897367,0.8455246541184042
Gaussian NB,Burnout,0.36711711711711714,0.90625,0.0002456351821090617,0.8455246541184042
Gaussian NB,Burnout,0.36711711711711714,0.9107142857142857,0.0002450089866095636,0.8455246541184042
Gaussian NB,Burnout,0.3738738738738739,0.9107142857142857,0.00022718677146921698,0.8455246541184042
Gaussian NB,Burnout,0.3738738738738739,0.9151785714285714,0.00022686869520919547,0.8455246541184042
Gaussian NB,Burnout,0.375,0.9151785714285714,0.000220762458117366,0.8455246541184042
Gaussian NB,Burnout,0.375,0.9196428571428571,0.000220739492041204,0.8455246541184042
Gaussian NB,Burnout,0.38006756756756754,0.9196428571428571,0.0001944716645579053,0.8455246541184042
Gaussian NB,Burnout,0.38006756756756754,0.9241071428571429,0.00019415657421673724,0.8455246541184042
Gaussian NB,Burnout,0.38400900900900903,0.9241071428571429,0.0001829896359807663,0.8455246541184042
Gaussian NB,Burnout,0.38400900900900903,0.9285714285714286,0.00018183402039341026,0.8455246541184042
Gaussian NB,Burnout,0.38626126126126126,0.9285714285714286,0.00017343219912180534,0.8455246541184042
Gaussian NB,Burnout,0.38626126126126126,0.9330357142857143,0.00017055670863947442,0.8455246541184042
Gaussian NB,Burnout,0.4149774774774775,0.9330357142857143,9.884516912725554e-05,0.8455246541184042
Gaussian NB,Burnout,0.4149774774774775,0.9375,9.84014745023593e-05,0.8455246541184042
Gaussian NB,Burnout,0.42342342342342343,0.9375,8.095955198997198e-05,0.8455246541184042
Gaussian NB,Burnout,0.42342342342342343,0.9464285714285714,8.00001242960277e-05,0.8455246541184042
Gaussian NB,Burnout,0.42736486486486486,0.9464285714285714,7.59351038915344e-05,0.8455246541184042
Gaussian NB,Burnout,0.42736486486486486,0.9508928571428571,7.562942994398504e-05,0.8455246541184042
Gaussian NB,Burnout,0.4380630630630631,0.9508928571428571,6.091458620295647e-05,0.8455246541184042
Gaussian NB,Burnout,0.4380630630630631,0.9553571428571429,6.052913076929629e-05,0.8455246541184042
Gaussian NB,Burnout,0.4560810810810811,0.9553571428571429,4.5313098649876176e-05,0.8455246541184042
Gaussian NB,Burnout,0.4560810810810811,0.9598214285714286,4.5125451012190335e-05,0.8455246541184042
Gaussian NB,Burnout,0.4605855855855856,0.9598214285714286,4.159353635575287e-05,0.8455246541184042
Gaussian NB,Burnout,0.4605855855855856,0.9642857142857143,4.086207838573025e-05,0.8455246541184042
Gaussian NB,Burnout,0.4814189189189189,0.9642857142857143,3.154831302224857e-05,0.8455246541184042
Gaussian NB,Burnout,0.4814189189189189,0.96875,3.132455093778056e-05,0.8455246541184042
Gaussian NB,Burnout,0.49493243243243246,0.96875,2.2832987694230102e-05,0.8455246541184042
Gaussian NB,Burnout,0.49493243243243246,0.9732142857142857,2.2063909528004044e-05,0.8455246541184042
Gaussian NB,Burnout,0.5135135135135135,0.9732142857142857,1.6332975412329627e-05,0.8455246541184042
Gaussian NB,Burnout,0.5135135135135135,0.9776785714285714,1.5969535302537135e-05,0.8455246541184042
Gaussian NB,Burnout,0.5394144144144144,0.9776785714285714,9.005078263109829e-06,0.8455246541184042
Gaussian NB,Burnout,0.5394144144144144,0.9821428571428571,8.713430964696253e-06,0.8455246541184042
Gaussian NB,Burnout,0.5444819819819819,0.9821428571428571,7.479754317737939e-06,0.8455246541184042
Gaussian NB,Burnout,0.5444819819819819,0.9866071428571429,7.414521097422291e-06,0.8455246541184042
Gaussian NB,Burnout,0.5456081081081081,0.9866071428571429,7.290517987356918e-06,0.8455246541184042
Gaussian NB,Burnout,0.5456081081081081,0.9910714285714286,7.234894590956213e-06,0.8455246541184042
Gaussian NB,Burnout,0.5675675675675675,0.9910714285714286,4.6370260652219665e-06,0.8455246541184042
Gaussian NB,Burnout,0.5675675675675675,0.9955357142857143,4.61437997669654e-06,0.8455246541184042
Gaussian NB,Burnout,0.597972972972973,0.9955357142857143,2.412714246252135e-06,0.8455246541184042
Gaussian NB,Burnout,0.597972972972973,1.0,2.4126718896486754e-06,0.8455246541184042
Gaussian NB,Burnout,1.0,1.0,7.878260702894373e-17,0.8455246541184042
Gaussian NB,Mood,0.0,0.0,inf,0.7211895971536484
Gaussian NB,Mood,0.0,0.002652519893899204,0.9999997129129369,0.7211895971536484
Gaussian NB,Mood,0.0006161429451632779,0.002652519893899204,0.9999775088085899,0.7211895971536484
Gaussian NB,Mood,0.0006161429451632779,0.015915119363395226,0.9999360292275018,0.7211895971536484
Gaussian NB,Mood,0.0012322858903265558,0.015915119363395226,0.9999192319806505,0.7211895971536484
Gaussian NB,Mood,0.0012322858903265558,0.03183023872679045,0.9998427723050034,0.7211895971536484
Gaussian NB,Mood,0.0036968576709796672,0.03183023872679045,0.9997583054400525,0.7211895971536484
Gaussian NB,Mood,0.0036968576709796672,0.03978779840848806,0.9996782863022246,0.7211895971536484
Gaussian NB,Mood,0.005545286506469501,0.03978779840848806,0.9995974830209068,0.7211895971536484
Gaussian NB,Mood,0.005545286506469501,0.04509283819628647,0.9995345268127884,0.7211895971536484
Gaussian NB,Mood,0.0073937153419593345,0.04509283819628647,0.9989611939889549,0.7211895971536484
Gaussian NB,Mood,0.0073937153419593345,0.05570291777188329,0.9988990678845843,0.7211895971536484
Gaussian NB,Mood,0.008009858287122612,0.05570291777188329,0.9988181301237352,0.7211895971536484
Gaussian NB,Mood,0.008009858287122612,0.0636604774535809,0.9985787046378224,0.7211895971536484
Gaussian NB,Mood,0.00862600123228589,0.0636604774535809,0.9985021910600796,0.7211895971536484
Gaussian NB,Mood,0.00862600123228589,0.06631299734748011,0.9984934059834495,0.7211895971536484
Gaussian NB,Mood,0.009242144177449169,0.06631299734748011,0.9984880444435079,0.7211895971536484
Gaussian NB,Mood,0.009242144177449169,0.07161803713527852,0.9983906955918386,0.7211895971536484
Gaussian NB,Mood,0.009858287122612447,0.07161803713527852,0.9983667053942044,0.7211895971536484
Gaussian NB,Mood,0.009858287122612447,0.07427055702917772,0.9983254916522146,0.7211895971536484
Gaussian NB,Mood,0.010474430067775724,0.07427055702917772,0.9982277594289329,0.7211895971536484
Gaussian NB,Mood,0.010474430067775724,0.07957559681697612,0.9979771095676084,0.7211895971536484
Gaussian NB,Mood,0.011090573012939002,0.07957559681697612,0.9977655947647033,0.7211895971536484
Gaussian NB,Mood,0.011090573012939002,0.08222811671087533,0.997530904090093,0.7211895971536484
Gaussian NB,Mood,0.01170671595810228,0.08222811671087533,0.997486594350587,0.7211895971536484
Gaussian NB,Mood,0.01170671595810228,0.08488063660477453,0.9974496012316562,0.7211895971536484
Gaussian NB,Mood,0.012322858903265557,0.08488063660477453,0.9972277362486288,0.7211895971536484
Gaussian NB,Mood,0.012322858903265557,0.09018567639257294,0.9966754821765323,0.7211895971536484
Gaussian NB,Mood,0.012939001848428836,0.09018567639257294,0.9966289918697104,0.7211895971536484
Gaussian NB,Mood,0.012939001848428836,0.09549071618037135,0.9962690611454655,0.7211895971536484
Gaussian NB,Mood,0.013555144793592114,0.09549071618037135,0.9962314327255796,0.7211895971536484
Gaussian NB,Mood,0.013555144793592114,0.09814323607427056,0.9959597127439149,0.7211895971536484
Gaussian NB,Mood,0.014171287738755391,0.09814323607427056,0.9958008641269624,0.7211895971536484
Gaussian NB,Mood,0.014171287738755391,0.10079575596816977,0.9955895226006389,0.7211895971536484
Gaussian NB,Mood,0.015403573629081947,0.10079575596816977,0.9929286188474261,0.7211895971536484
Gaussian NB,Mood,0.015403573629081947,0.10344827586206896,0.9928593709473407,0.7211895971536484
Gaussian NB,Mood,0.016019716574245224,0.10344827586206896,0.9926713699199122,0.7211895971536484
Gaussian NB,Mood,0.016019716574245224,0.11671087533156499,0.9912793993389588,0.7211895971536484
Gaussian NB,Mood,0.0166358595194085,0.11671087533156499,0.991227940312659,0.7211895971536484
Gaussian NB,Mood,0.0166358595194085,0.11936339522546419,0.9905470106529818,0.7211895971536484
Gaussian NB,Mood,0.01725200246457178,0.11936339522546419,0.9899903340646842,0.7211895971536484
Gaussian NB,Mood,0.01725200246457178,0.1220159151193634,0.9891519089200379,0.7211895971536484
Gaussian NB,Mood,0.017868145409735057,0.1220159151193634,0.9884645299684159,0.7211895971536484
Gaussian NB,Mood,0.017868145409735057,0.1246684350132626,0.9884468076599489,0.7211895971536484
Gaussian NB,Mood,0.019100431300061615,0.1246684350132626,0.9860551345990796,0.7211895971536484
Gaussian NB,Mood,0.019100431300061615,0.1273209549071618,0.9858829534742176,0.7211895971536484
Gaussian NB,Mood,0.02033271719038817,0.1273209549071618,0.9850610257881015,0.7211895971536484
Gaussian NB,Mood,0.02033271719038817,0.129973474801061,0.9848337886992499,0.7211895971536484
Gaussian NB,Mood,0.020948860135551448,0.129973474801061,0.9846487315541723,0.7211895971536484
Gaussian NB,Mood,0.020948860135551448,0.13527851458885942,0.9841830189883692,0.7211895971536484
Gaussian NB,Mood,0.021565003080714726,0.13527851458885942,0.9837815838020936,0.7211895971536484
Gaussian NB,Mood,0.021565003080714726,0.13793103448275862,0.9833785206057581,0.7211895971536484
Gaussian NB,Mood,0.022181146025878003,0.13793103448275862,0.9831097409589411,0.7211895971536484
Gaussian NB,Mood,0.022181146025878003,0.14058355437665782,0.982465711208948,0.7211895971536484
Gaussian NB,Mood,0.02279728897104128,0.14058355437665782,0.9824389008501833,0.7211895971536484
Gaussian NB,Mood,0.02279728897104128,0.14323607427055704,0.9823049109805704,0.7211895971536484
Gaussian NB,Mood,0.02341343191620456,0.14323607427055704,0.9820045203927366,0.7211895971536484
Gaussian NB,Mood,0.02341343191620456,0.16710875331564987,0.9776937151299274,0.7211895971536484
Gaussian NB,Mood,0.025261860751694395,0.16710875331564987,0.9762900876716728,0.7211895971536484
Gaussian NB,Mood,0.025261860751694395,0.1724137931034483,0.9743807018920608,0.7211895971536484
Gaussian NB,Mood,0.025878003696857672,0.1724137931034483,0.9711396202880938,0.7211895971536484
Gaussian NB,Mood,0.025878003696857672,0.18037135278514588,0.9693494391922266,0.7211895971536484
Gaussian NB,Mood,0.02649414664202095,0.18037135278514588,0.9692962230820631,0.7211895971536484
Gaussian NB,Mood,0.02649414664202095,0.1830238726790451,0.9690866968709168,0.7211895971536484
Gaussian NB,Mood,0.030191004313000615,0.1830238726790451,0.963281934408558,0.7211895971536484
Gaussian NB,Mood,0.030191004313000615,0.1883289124668435,0.9624302130473826,0.7211895971536484
Gaussian NB,Mood,0.030807147258163893,0.1883289124668435,0.961430334186917,0.7211895971536484
Gaussian NB,Mood,0.030807147258163893,0.1909814323607427,0.9614008643091984,0.7211895971536484
Gaussian NB,Mood,0.03203943314849045,0.1909814323607427,0.9599529392933585,0.7211895971536484
Gaussian NB,Mood,0.03203943314849045,0.19363395225464192,0.9595803935030727,0.7211895971536484
Gaussian NB,Mood,0.03265557609365373,0.19363395225464192,0.9583663807915355,0.7211895971536484
Gaussian NB,Mood,0.03265557609365373,0.1962864721485411,0.9581941495047883,0.7211895971536484
Gaussian NB,Mood,0.033271719038817,0.1962864721485411,0.9520749806045399,0.7211895971536484
Gaussian NB,Mood,0.033271719038817,0.1989389920424403,0.9514879873968057,0.7211895971536484
Gaussian NB,Mood,0.033887861983980284,0.1989389920424403,0.950707204920846,0.7211895971536484
Gaussian NB,Mood,0.033887861983980284,0.20424403183023873,0.9500637762775187,0.7211895971536484
Gaussian NB,Mood,0.036352433764633395,0.20424403183023873,0.9435598825057601,0.7211895971536484
Gaussian NB,Mood,0.036352433764633395,0.20689655172413793,0.9431641181760172,0.7211895971536484
Gaussian NB,Mood,0.036968576709796676,0.20689655172413793,0.940586887764574,0.7211895971536484
Gaussian NB,Mood,0.036968576709796676,0.20954907161803712,0.9401862386509168,0.7211895971536484
Gaussian NB,Mood,0.03758471965495995,0.20954907161803712,0.9395296591212763,0.7211895971536484
Gaussian NB,Mood,0.03758471965495995,0.21220159151193635,0.9380689029654093,0.7211895971536484
Gaussian NB,Mood,0.039433148490449786,0.21220159151193635,0.9350524144667592,0.7211895971536484
Gaussian NB,Mood,0.039433148490449786,0.21750663129973474,0.9339952560255298,0.7211895971536484
Gaussian NB,Mood,0.04004929143561306,0.21750663129973474,0.9331342615299244,0.7211895971536484
Gaussian NB,Mood,0.04004929143561306,0.22281167108753316,0.9288463057110635,0.7211895971536484
Gaussian NB,Mood,0.04066543438077634,0.22281167108753316,0.9273930517463935,0.7211895971536484
Gaussian NB,Mood,0.04066543438077634,0.22546419098143236,0.9272565367806334,0.7211895971536484
Gaussian NB,Mood,0.041281577325939615,0.22546419098143236,0.9268919604742203,0.7211895971536484
Gaussian NB,Mood,0.041281577325939615,0.23076923076923078,0.9228335536292672,0.7211895971536484
Gaussian NB,Mood,0.04313000616142945,0.23076923076923078,0.9172397969429704,0.7211895971536484
Gaussian NB,Mood,0.04313000616142945,0.23872679045092837,0.908471794999017,0.7211895971536484
Gaussian NB,Mood,0.04374614910659273,0.23872679045092837,0.9082437597556011,0.7211895971536484
Gaussian NB,Mood,0.04374614910659273,0.2413793103448276,0.9061844689342068,0.7211895971536484
Gaussian NB,Mood,0.04497843499691929,0.2413793103448276,0.8959508350155158,0.7211895971536484
Gaussian NB,Mood,0.04497843499691929,0.2440318302387268,0.8944073732077145,0.7211895971536484
Gaussian NB,Mood,0.04621072088724584,0.2440318302387268,0.8857970034600833,0.7211895971536484
Gaussian NB,Mood,0.04621072088724584,0.2493368700265252,0.8843685215596305,0.7211895971536484
Gaussian NB,Mood,0.04867529266789895,0.2493368700265252,0.8767759101749295,0.7211895971536484
Gaussian NB,Mood,0.04867529266789895,0.2519893899204244,0.8758654086681643,0.7211895971536484
Gaussian NB,Mood,0.051139864448552064,0.2519893899204244,0.8662489432608343,0.7211895971536484
Gaussian NB,Mood,0.051139864448552064,0.2546419098143236,0.8661846677055549,0.7211895971536484
Gaussian NB,Mood,0.05237215033887862,0.2546419098143236,0.860735287055632,0.7211895971536484
Gaussian NB,Mood,0.05237215033887862,0.259946949602122,0.854407441598079,0.7211895971536484
Gaussian NB,Mood,0.053604436229205174,0.259946949602122,0.852643368828751,0.7211895971536484
Gaussian NB,Mood,0.053604436229205174,0.26790450928381965,0.8485794752072502,0.7211895971536484
Gaussian NB,Mood,0.05483672211953173,0.26790450928381965,0.8465305371353966,0.7211895971536484
Gaussian NB,Mood,0.05483672211953173,0.27055702917771884,0.8457693353810959,0.7211895971536484
Gaussian NB,Mood,0.05545286506469501,0.27055702917771884,0.8418559678910901,0.7211895971536484
Gaussian NB,Mood,0.05545286506469501,0.27586206896551724,0.8381375092004815,0.7211895971536484
Gaussian NB,Mood,0.05791743684534812,0.27586206896551724,0.8338343034638764,0.7211895971536484
Gaussian NB,Mood,0.05791743684534812,0.28116710875331563,0.8316367290818689,0.7211895971536484
Gaussian NB,Mood,0.0585335797905114,0.28116710875331563,0.8291809472814579,0.7211895971536484
Gaussian NB,Mood,0.0585335797905114,0.2838196286472148,0.8255878162851299,0.7211895971536484
Gaussian NB,Mood,0.06038200862600123,0.2838196286472148,0.8145656336297659,0.7211895971536484
Gaussian NB,Mood,0.06038200862600123,0.2864721485411141,0.8144519470388216,0.7211895971536484
Gaussian NB,Mood,0.061614294516327786,0.2864721485411141,0.8128494558705646,0.7211895971536484
Gaussian NB,Mood,0.061614294516327786,0.2891246684350133,0.8122553731256369,0.7211895971536484
Gaussian NB,Mood,0.06284658040665435,0.2891246684350133,0.8096717822565995,0.7211895971536484
Gaussian NB,Mood,0.06284658040665435,0.2917771883289125,0.8093646514772459,0.7211895971536484
Gaussian NB,Mood,0.0640788662969809,0.2917771883289125,0.8021841613537172,0.7211895971536484
Gaussian NB,Mood,0.0640788662969809,0.29442970822281167,0.8005433558676461,0.7211895971536484
Gaussian NB,Mood,0.066543438077634,0.29442970822281167,0.7979809862890627,0.7211895971536484
Gaussian NB,Mood,0.066543438077634,0.29973474801061006,0.7900508606621535,0.7211895971536484
Gaussian NB,Mood,0.06777572396796057,0.29973474801061006,0.7865401249812107,0.7211895971536484
Gaussian NB,Mood,0.06777572396796057,0.3076923076923077,0.7835281686420748,0.7211895971536484
Gaussian NB,Mood,0.06839186691312385,0.3076923076923077,0.7831276506251209,0.7211895971536484
Gaussian NB,Mood,0.06839186691312385,0.3129973474801061,0.7747073912152258,0.7211895971536484
Gaussian NB,Mood,0.07147258163894023,0.3129973474801061,0.756620357900623,0.7211895971536484
Gaussian NB,Mood,0.07147258163894023,0.3156498673740053,0.7555605896564515,0.7211895971536484
Gaussian NB,Mood,0.07208872458410351,0.3156498673740053,0.7548498445081518,0.7211895971536484
Gaussian NB,Mood,0.07208872458410351,0.3183023872679045,0.7537498898289617,0.7211895971536484
Gaussian NB,Mood,0.07270486752926679,0.3183023872679045,0.7480198916171282,0.7211895971536484
Gaussian NB,Mood,0.07270486752926679,0.3209549071618037,0.7473739657265567,0.7211895971536484
Gaussian NB,Mood,0.0751694393099199,0.3209549071618037,0.7242893648687616,0.7211895971536484
Gaussian NB,Mood,0.0751694393099199,0.32625994694960214,0.7183951173790736,0.7211895971536484
Gaussian NB,Mood,0.07578558225508318,0.32625994694960214,0.7163666399959417,0.7211895971536484
Gaussian NB,Mood,0.07578558225508318,0.32891246684350134,0.70689899732107,0.7211895971536484
Gaussian NB,Mood,0.08194701170671596,0.32891246684350134,0.6837862911827607,0.7211895971536484
Gaussian NB,Mood,0.08194701170671596,0.33421750663129973,0.6808852655973034,0.7211895971536484
Gaussian NB,Mood,0.08256315465187923,0.33421750663129973,0.6785990892989157,0.7211895971536484
Gaussian NB,Mood,0.08256315465187923,0.33687002652519893,0.6767703603169728,0.7211895971536484
Gaussian NB,Mood,0.08317929759704251,0.33687002652519893,0.6762468821625136,0.7211895971536484
Gaussian NB,Mood,0.08317929759704251,0.3421750663129973,0.6725491851168715,0.7211895971536484
Gaussian NB,Mood,0.08441158348736907,0.3421750663129973,0.6689826090550781,0.7211895971536484
Gaussian NB,Mood,0.08441158348736907,0.3448275862068966,0.6678987846824243,0.7211895971536484
Gaussian NB,Mood,0.08502772643253234,0.3448275862068966,0.6666164484494194,0.7211895971536484
Gaussian NB,Mood,0.08502772643253234,0.34748010610079577,0.6633752969722122,0.7211895971536484
Gaussian NB,Mood,0.0862600123228589,0.34748010610079577,0.6598205732866443,0.7211895971536484
Gaussian NB,Mood,0.0862600123228589,0.35543766578249336,0.6536539335314011,0.7211895971536484
Gaussian NB,Mood,0.08687615526802218,0.35543766578249336,0.6495718823150527,0.7211895971536484
Gaussian NB,Mood,0.08687615526802218,0.35809018567639256,0.6495509522015216,0.7211895971536484
Gaussian NB,Mood,0.09242144177449169,0.35809018567639256,0.6352431605246815,0.7211895971536484
Gaussian NB,Mood,0.09242144177449169,0.36074270557029176,0.6307677273915819,0.7211895971536484
Gaussian NB,Mood,0.09365372766481823,0.36074270557029176,0.6209102176164302,0.7211895971536484
Gaussian NB,Mood,0.09365372766481823,0.3660477453580902,0.6084918497133143,0.7211895971536484
Gaussian NB,Mood,0.09426987060998152,0.3660477453580902,0.6064453266254959,0.7211895971536484
Gaussian NB,Mood,0.09426987060998152,0.3687002652519894,0.6058985680470812,0.7211895971536484
Gaussian NB,Mood,0.0973505853357979,0.3687002652519894,0.5973162381168534,0.7211895971536484
Gaussian NB,Mood,0.0973505853357979,0.3713527851458886,0.5891051844411358,0.7211895971536484
Gaussian NB,Mood,0.09919901417128774,0.3713527851458886,0.5806062731651975,0.7211895971536484
Gaussian NB,Mood,0.09919901417128774,0.376657824933687,0.5765084304185816,0.7211895971536484
Gaussian NB,Mood,0.1004313000616143,0.376657824933687,0.5725264965989293,0.7211895971536484
Gaussian NB,Mood,0.1004313000616143,0.3793103448275862,0.5671527756426326,0.7211895971536484
Gaussian NB,Mood,0.10166358595194085,0.3793103448275862,0.5564548066004469,0.7211895971536484
Gaussian NB,Mood,0.10166358595194085,0.38461538461538464,0.546778910067107,0.7211895971536484
Gaussian NB,Mood,0.10536044362292052,0.38461538461538464,0.5280444148568636,0.7211895971536484
Gaussian NB,Mood,0.10536044362292052,0.38726790450928383,0.5221138039744475,0.7211895971536484
Gaussian NB,Mood,0.10844115834873691,0.38726790450928383,0.517136677181613,0.7211895971536484
Gaussian NB,Mood,0.10844115834873691,0.3952254641909814,0.5100504793113165,0.7211895971536484
Gaussian NB,Mood,0.12138016019716574,0.3952254641909814,0.45519378156784696,0.7211895971536484
Gaussian NB,Mood,0.12138016019716574,0.4005305039787798,0.45154201972845054,0.7211895971536484
Gaussian NB,Mood,0.12630930375847196,0.4005305039787798,0.42872866076789046,0.7211895971536484
Gaussian NB,Mood,0.12630930375847196,0.40318302387267907,0.42741826388077525,0.7211895971536484
Gaussian NB,Mood,0.1281577325939618,0.40318302387267907,0.4166893753761626,0.7211895971536484
Gaussian NB,Mood,0.1281577325939618,0.40848806366047746,0.40990253401188875,0.7211895971536484
Gaussian NB,Mood,0.1367837338262477,0.40848806366047746,0.3868481030668718,0.7211895971536484
Gaussian NB,Mood,0.1367837338262477,0.41114058355437666,0.3851196500404939,0.7211895971536484
Gaussian NB,Mood,0.13863216266173753,0.41114058355437666,0.38048574497549853,0.7211895971536484
Gaussian NB,Mood,0.13863216266173753,0.41379310344827586,0.3788949641867163,0.7211895971536484
Gaussian NB,Mood,0.14048059149722736,0.41379310344827586,0.37395704908657523,0.7211895971536484
Gaussian NB,Mood,0.14048059149722736,0.41644562334217505,0.37355144541279295,0.7211895971536484
Gaussian NB,Mood,0.14109673444239063,0.41644562334217505,0.3709467019011491,0.7211895971536484
Gaussian NB,Mood,0.14109673444239063,0.4217506631299735,0.3696772843959894,0.7211895971536484
Gaussian NB,Mood,0.1423290203327172,0.4217506631299735,0.36427039006755546,0.7211895971536484
Gaussian NB,Mood,0.1423290203327172,0.4244031830238727,0.3601983335147817,0.7211895971536484
Gaussian NB,Mood,0.1478743068391867,0.4244031830238727,0.34064957267234613,0.7211895971536484
Gaussian NB,Mood,0.1478743068391867,0.4270557029177719,0.3370785279831273,0.7211895971536484
Gaussian NB,Mood,0.14910659272951324,0.4270557029177719,0.3365530525171953,0.7211895971536484
Gaussian NB,Mood,0.14910659272951324,0.4297082228116711,0.33330672951168916,0.7211895971536484
Gaussian NB,Mood,0.14972273567467653,0.4297082228116711,0.3332208173081419,0.7211895971536484
Gaussian NB,Mood,0.14972273567467653,0.4323607427055703,0.33010971671116823,0.7211895971536484
Gaussian NB,Mood,0.1503388786198398,0.4323607427055703,0.32582630738127116,0.7211895971536484
Gaussian NB,Mood,0.1503388786198398,0.4376657824933687,0.3207280796330765,0.7211895971536484
Gaussian NB,Mood,0.15095502156500307,0.4376657824933687,0.3186374236699593,0.7211895971536484
Gaussian NB,Mood,0.15095502156500307,0.4403183023872679,0.31789108700418117,0.7211895971536484
Gaussian NB,Mood,0.15280345040049292,0.4403183023872679,0.30512875040203674,0.7211895971536484
Gaussian NB,Mood,0.15280345040049292,0.44297082228116713,0.30301882665549723,0.7211895971536484
Gaussian NB,Mood,0.1534195933456562,0.44297082228116713,0.30157688719714637,0.7211895971536484
Gaussian NB,Mood,0.1534195933456562,0.44562334217506633,0.2992101519211624,0.7211895971536484
Gaussian NB,Mood,0.15588416512630932,0.44562334217506633,0.29556780233798113,0.7211895971536484
Gaussian NB,Mood,0.15588416512630932,0.4482758620689655,0.2955643053586989,0.7211895971536484
Gaussian NB,Mood,0.1645101663585952,0.4482758620689655,0.2676595336464674,0.7211895971536484
Gaussian NB,Mood,0.1645101663585952,0.4535809018567639,0.26466601563412767,0.7211895971536484
Gaussian NB,Mood,0.16512630930375846,0.4535809018567639,0.26296070277255407,0.7211895971536484
Gaussian NB,Mood,0.16512630930375846,0.4562334217506631,0.2623061911251324,0.7211895971536484
Gaussian NB,Mood,0.16943930991990142,0.4562334217506631,0.25757361821344027,0.7211895971536484
Gaussian NB,Mood,0.16943930991990142,0.46153846153846156,0.2568339773303682,0.7211895971536484
Gaussian NB,Mood,0.17929759704251386,0.46153846153846156,0.22758464090735672,0.7211895971536484
Gaussian NB,Mood,0.17929759704251386,0.46419098143236076,0.2260809470898578,0.7211895971536484
Gaussian NB,Mood,0.18114602587800369,0.46419098143236076,0.22318906049817344,0.7211895971536484
Gaussian NB,Mood,0.18114602587800369,0.46684350132625996,0.2208489120102781,0.7211895971536484
Gaussian NB,Mood,0.18792359827479976,0.46684350132625996,0.20882113356486964,0.7211895971536484
Gaussian NB,Mood,0.18792359827479976,0.46949602122015915,0.20784287934977028,0.7211895971536484
Gaussian NB,Mood,0.1897720271102896,0.46949602122015915,0.20453838098421567,0.7211895971536484
Gaussian NB,Mood,0.1897720271102896,0.47214854111405835,0.20416278841485772,0.7211895971536484
Gaussian NB,Mood,0.19100431300061615,0.47214854111405835,0.20110792042598377,0.7211895971536484
Gaussian NB,Mood,0.19100431300061615,0.47480106100795755,0.2005744786269169,0.7211895971536484
Gaussian NB,Mood,0.1922365988909427,0.47480106100795755,0.19674574522269275,0.7211895971536484
Gaussian NB,Mood,0.1922365988909427,0.47745358090185674,0.19387067458391372,0.7211895971536484
Gaussian NB,Mood,0.19285274183610598,0.47745358090185674,0.1924376856310321,0.7211895971536484
Gaussian NB,Mood,0.19285274183610598,0.48010610079575594,0.19174735382880143,0.7211895971536484
Gaussian NB,Mood,0.19346888478126925,0.48010610079575594,0.19144654760362,0.7211895971536484
Gaussian NB,Mood,0.19346888478126925,0.4827586206896552,0.19133247331542264,0.7211895971536484
Gaussian NB,Mood,0.19408502772643252,0.4827586206896552,0.191095813872172,0.7211895971536484
Gaussian NB,Mood,0.19408502772643252,0.4907161803713528,0.1891030796198327,0.7211895971536484
Gaussian NB,Mood,0.20147874306839186,0.4907161803713528,0.17512765092238414,0.7211895971536484
Gaussian NB,Mood,0.20147874306839186,0.5039787798408488,0.17023844745065742,0.7211895971536484
Gaussian NB,Mood,0.20764017252002465,0.5039787798408488,0.16196637753267812,0.7211895971536484
Gaussian NB,Mood,0.20764017252002465,0.506631299734748,0.15963891454245432,0.7211895971536484
Gaussian NB,Mood,0.2144177449168207,0.506631299734748,0.15094737997642171,0.7211895971536484
Gaussian NB,Mood,0.2144177449168207,0.5092838196286472,0.15076305761856523,0.7211895971536484
Gaussian NB,Mood,0.21565003080714726,0.5092838196286472,0.14789683970193318,0.7211895971536484
Gaussian NB,Mood,0.21565003080714726,0.5145888594164456,0.14606729797906204,0.7211895971536484
Gaussian NB,Mood,0.21811460258780038,0.5145888594164456,0.13944324537321295,0.7211895971536484
Gaussian NB,Mood,0.21811460258780038,0.5172413793103449,0.1391828589911395,0.7211895971536484
Gaussian NB,Mood,0.2199630314232902,0.5172413793103449,0.13664642632776075,0.7211895971536484
Gaussian NB,Mood,0.2199630314232902,0.5251989389920424,0.1353868709279415,0.7211895971536484
Gaussian NB,Mood,0.22181146025878004,0.5251989389920424,0.13079559743955135,0.7211895971536484
Gaussian NB,Mood,0.22181146025878004,0.5278514588859416,0.13069089896882488,0.7211895971536484
Gaussian NB,Mood,0.2230437461491066,0.5278514588859416,0.12962300384616177,0.7211895971536484
Gaussian NB,Mood,0.2230437461491066,0.53315649867374,0.12626233330750145,0.7211895971536484
Gaussian NB,Mood,0.22365988909426987,0.53315649867374,0.12541376464627602,0.7211895971536484
Gaussian NB,Mood,0.22365988909426987,0.5384615384615384,0.1230563262315051,0.7211895971536484
Gaussian NB,Mood,0.22427603203943314,0.5384615384615384,0.12228244640221578,0.7211895971536484
Gaussian NB,Mood,0.22427603203943314,0.5411140583554377,0.1222263287297124,0.7211895971536484
Gaussian NB,Mood,0.22489217498459643,0.5411140583554377,0.12137930649902123,0.7211895971536484
Gaussian NB,Mood,0.22489217498459643,0.5437665782493368,0.12004365446274019,0.7211895971536484
Gaussian NB,Mood,0.226124460874923,0.5437665782493368,0.11942732671793138,0.7211895971536484
Gaussian NB,Mood,0.226124460874923,0.5490716180371353,0.11834025928764813,0.7211895971536484
Gaussian NB,Mood,0.22735674676524953,0.5490716180371353,0.11681705023441341,0.7211895971536484
Gaussian NB,Mood,0.22735674676524953,0.5517241379310345,0.11608576380781965,0.7211895971536484
Gaussian NB,Mood,0.22920517560073936,0.5517241379310345,0.11288973014977809,0.7211895971536484
Gaussian NB,Mood,0.22920517560073936,0.5543766578249337,0.11240147136454297,0.7211895971536484
Gaussian NB,Mood,0.23228589032655575,0.5543766578249337,0.10913909774291819,0.7211895971536484
Gaussian NB,Mood,0.23228589032655575,0.5570291777188329,0.10902970595318273,0.7211895971536484
Gaussian NB,Mood,0.23906346272335183,0.5570291777188329,0.09463731767819739,0.7211895971536484
Gaussian NB,Mood,0.23906346272335183,0.5623342175066313,0.09252532631265172,0.7211895971536484
Gaussian NB,Mood,0.24399260628465805,0.5623342175066313,0.08978879041493454,0.7211895971536484
Gaussian NB,Mood,0.24399260628465805,0.5649867374005305,0.08726314945011171,0.7211895971536484
Gaussian NB,Mood,0.2532347504621072,0.5649867374005305,0.07750193731152243,0.7211895971536484
Gaussian NB,Mood,0.2532347504621072,0.5676392572944297,0.07725547521595169,0.7211895971536484
Gaussian NB,Mood,0.25385089340727046,0.5676392572944297,0.07721804168422168,0.7211895971536484
Gaussian NB,Mood,0.25385089340727046,0.5702917771883289,0.07599571254397045,0.7211895971536484
Gaussian NB,Mood,0.2544670363524338,0.5702917771883289,0.07531039136042592,0.7211895971536484
Gaussian NB,Mood,0.2544670363524338,0.5755968169761273,0.07392500830300576,0.7211895971536484
Gaussian NB,Mood,0.25693160813308685,0.5755968169761273,0.07107677637459553,0.7211895971536484
Gaussian NB,Mood,0.25693160813308685,0.5782493368700266,0.07079704721800344,0.7211895971536484
Gaussian NB,Mood,0.2575477510782502,0.5782493368700266,0.07063240502329451,0.7211895971536484
Gaussian NB,Mood,0.2575477510782502,0.5809018567639257,0.07053118286047909,0.7211895971536484
Gaussian NB,Mood,0.2649414664202095,0.5809018567639257,0.06714570100429774,0.7211895971536484
Gaussian NB,Mood,0.2649414664202095,0.583554376657825,0.06707416452143353,0.7211895971536484
Gaussian NB,Mood,0.26555760936537276,0.583554376657825,0.06359208820280965,0.7211895971536484
Gaussian NB,Mood,0.26555760936537276,0.5862068965517241,0.06329538069254446,0.7211895971536484
Gaussian NB,Mood,0.2674060382008626,0.5862068965517241,0.06123987264839515,0.7211895971536484
Gaussian NB,Mood,0.2674060382008626,0.5888594164456233,0.06078580017309962,0.7211895971536484
Gaussian NB,Mood,0.2698706099815157,0.5888594164456233,0.05923775318912571,0.7211895971536484
Gaussian NB,Mood,0.2698706099815157,0.5941644562334217,0.05849538627812092,0.7211895971536484
Gaussian NB,Mood,0.270486752926679,0.5941644562334217,0.057910598052948306,0.7211895971536484
Gaussian NB,Mood,0.270486752926679,0.6021220159151194,0.05631654585505507,0.7211895971536484
Gaussian NB,Mood,0.2723351817621688,0.6021220159151194,0.05467304062432172,0.7211895971536484
Gaussian NB,Mood,0.2723351817621688,0.6074270557029178,0.054392604578656766,0.7211895971536484
Gaussian NB,Mood,0.2754158964879852,0.6074270557029178,0.05248098540720377,0.7211895971536484
Gaussian NB,Mood,0.2754158964879852,0.6127320954907162,0.05227794386745889,0.7211895971536484
Gaussian NB,Mood,0.27603203943314847,0.6127320954907162,0.05222144077060091,0.7211895971536484
Gaussian NB,Mood,0.27603203943314847,0.6180371352785146,0.05179096621137631,0.7211895971536484
Gaussian NB,Mood,0.281577325939618,0.6180371352785146,0.04959691344495185,0.7211895971536484
Gaussian NB,Mood,0.281577325939618,0.6206896551724138,0.04940408314483374,0.7211895971536484
Gaussian NB,Mood,0.2858903265557609,0.6206896551724138,0.04788047634077966,0.7211895971536484
Gaussian NB,Mood,0.2858903265557609,0.623342175066313,0.047324492548113474,0.7211895971536484
Gaussian NB,Mood,0.2902033271719039,0.623342175066313,0.04563143798508728,0.7211895971536484
Gaussian NB,Mood,0.2902033271719039,0.6259946949602122,0.045552902633039155,0.7211895971536484
Gaussian NB,Mood,0.29081947011706716,0.6259946949602122,0.04541711603095587,0.7211895971536484
Gaussian NB,Mood,0.29081947011706716,0.6286472148541115,0.045022156575265475,0.7211895971536484
Gaussian NB,Mood,0.2945163277880468,0.6286472148541115,0.043635528909085376,0.7211895971536484
Gaussian NB,Mood,0.2945163277880468,0.6312997347480106,0.04351797933963114,0.7211895971536484
Gaussian NB,Mood,0.3031423290203327,0.6312997347480106,0.03933251083985222,0.7211895971536484
Gaussian NB,Mood,0.3031423290203327,0.6339522546419099,0.03922927021503474,0.7211895971536484
Gaussian NB,Mood,0.303758471965496,0.6339522546419099,0.039116045005524507,0.7211895971536484
Gaussian NB,Mood,0.303758471965496,0.636604774535809,0.0391152963959569,0.7211895971536484
Gaussian NB,Mood,0.30437461491065926,0.636604774535809,0.03897985070282481,0.7211895971536484
Gaussian NB,Mood,0.30437461491065926,0.6419098143236074,0.03845744633097082,0.7211895971536484
Gaussian NB,Mood,0.30560690080098585,0.6419098143236074,0.03817019886194587,0.7211895971536484
Gaussian NB,Mood,0.30560690080098585,0.6445623342175066,0.03811398554785868,0.7211895971536484
Gaussian NB,Mood,0.3062230437461491,0.6445623342175066,0.037967297559287266,0.7211895971536484
Gaussian NB,Mood,0.3062230437461491,0.649867374005305,0.03722523318286921,0.7211895971536484
Gaussian NB,Mood,0.30868761552680224,0.649867374005305,0.03648504829918896,0.7211895971536484
Gaussian NB,Mood,0.30868761552680224,0.6551724137931034,0.03531600473221434,0.7211895971536484
Gaussian NB,Mood,0.3099199014171288,0.6551724137931034,0.03478482911087572,0.7211895971536484
Gaussian NB,Mood,0.3099199014171288,0.6578249336870027,0.03477891546417672,0.7211895971536484
Gaussian NB,Mood,0.31361675908810843,0.6578249336870027,0.03247569458663492,0.7211895971536484
Gaussian NB,Mood,0.31361675908810843,0.6604774535809018,0.03238332636703161,0.7211895971536484
Gaussian NB,Mood,0.3166974738139248,0.6604774535809018,0.030952232465764305,0.7211895971536484
Gaussian NB,Mood,0.3166974738139248,0.6631299734748011,0.030849723257010558,0.7211895971536484
Gaussian NB,Mood,0.3173136167590881,0.6631299734748011,0.030756597331452175,0.7211895971536484
Gaussian NB,Mood,0.3173136167590881,0.6657824933687002,0.03062059535313705,0.7211895971536484
Gaussian NB,Mood,0.3197781885397412,0.6657824933687002,0.02995746149830987,0.7211895971536484
Gaussian NB,Mood,0.3197781885397412,0.6684350132625995,0.029887540463632883,0.7211895971536484
Gaussian NB,Mood,0.32655576093653726,0.6684350132625995,0.027463185659715016,0.7211895971536484
Gaussian NB,Mood,0.32655576093653726,0.6710875331564987,0.027043070599698068,0.7211895971536484
Gaussian NB,Mood,0.32717190388170053,0.6710875331564987,0.02693840749237229,0.7211895971536484
Gaussian NB,Mood,0.32717190388170053,0.6737400530503979,0.02684693722998782,0.7211895971536484
Gaussian NB,Mood,0.33086876155268025,0.6737400530503979,0.02583622520698852,0.7211895971536484
Gaussian NB,Mood,0.33086876155268025,0.6763925729442971,0.025641329847584455,0.7211895971536484
Gaussian NB,Mood,0.3314849044978435,0.6763925729442971,0.025574749061109046,0.7211895971536484
Gaussian NB,Mood,0.3314849044978435,0.6790450928381963,0.025361084326182833,0.7211895971536484
Gaussian NB,Mood,0.3364140480591497,0.6790450928381963,0.024300312659383948,0.7211895971536484
Gaussian NB,Mood,0.3364140480591497,0.6816976127320955,0.024058642278684487,0.7211895971536484
Gaussian NB,Mood,0.337030191004313,0.6816976127320955,0.024027798590820222,0.7211895971536484
Gaussian NB,Mood,0.337030191004313,0.6843501326259946,0.024010179608468518,0.7211895971536484
Gaussian NB,Mood,0.3376463339494763,0.6843501326259946,0.023751271868228743,0.7211895971536484
Gaussian NB,Mood,0.3376463339494763,0.6896551724137931,0.023173969973206823,0.7211895971536484
Gaussian NB,Mood,0.3419593345656192,0.6896551724137931,0.022068995503185116,0.7211895971536484
Gaussian NB,Mood,0.3419593345656192,0.6923076923076923,0.02202043160750565,0.7211895971536484
Gaussian NB,Mood,0.34442390634627235,0.6923076923076923,0.021589280772626264,0.7211895971536484
Gaussian NB,Mood,0.34442390634627235,0.6949602122015915,0.02158548102303709,0.7211895971536484
Gaussian NB,Mood,0.3450400492914356,0.6949602122015915,0.021526001234671327,0.7211895971536484
Gaussian NB,Mood,0.3450400492914356,0.6976127320954907,0.021461391533026133,0.7211895971536484
Gaussian NB,Mood,0.3456561922365989,0.6976127320954907,0.02140587354987553,0.7211895971536484
Gaussian NB,Mood,0.3456561922365989,0.7002652519893899,0.021327712236782936,0.7211895971536484
Gaussian NB,Mood,0.34688847812692547,0.7002652519893899,0.02094424086897909,0.7211895971536484
Gaussian NB,Mood,0.34688847812692547,0.7082228116710876,0.020797310683994655,0.7211895971536484
Gaussian NB,Mood,0.34873690696241527,0.7082228116710876,0.020646622426040654,0.7211895971536484
Gaussian NB,Mood,0.34873690696241527,0.7108753315649867,0.02062745534103185,0.7211895971536484
Gaussian NB,Mood,0.3598274799753543,0.7108753315649867,0.018696229406335058,0.7211895971536484
Gaussian NB,Mood,0.3598274799753543,0.713527851458886,0.01865393577232401,0.7211895971536484
Gaussian NB,Mood,0.3672211953173136,0.713527851458886,0.017527294001948523,0.7211895971536484
Gaussian NB,Mood,0.3672211953173136,0.7161803713527851,0.01751462175654612,0.7211895971536484
Gaussian NB,Mood,0.3678373382624769,0.7161803713527851,0.017366360553686438,0.7211895971536484
Gaussian NB,Mood,0.3678373382624769,0.7188328912466844,0.017170641845369424,0.7211895971536484
Gaussian NB,Mood,0.36845348120764015,0.7188328912466844,0.017121113770450547,0.7211895971536484
Gaussian NB,Mood,0.36845348120764015,0.7214854111405835,0.017047119264930938,0.7211895971536484
Gaussian NB,Mood,0.3690696241528035,0.7214854111405835,0.017029404979247372,0.7211895971536484
Gaussian NB,Mood,0.3690696241528035,0.7241379310344828,0.016997130458615187,0.7211895971536484
Gaussian NB,Mood,0.36968576709796674,0.7241379310344828,0.016958573166235866,0.7211895971536484
Gaussian NB,Mood,0.36968576709796674,0.726790450928382,0.0168665556117778,0.7211895971536484
Gaussian NB,Mood,0.3733826247689464,0.726790450928382,0.016510641097642026,0.7211895971536484
Gaussian NB,Mood,0.3733826247689464,0.7294429708222812,0.016481167416352853,0.7211895971536484
Gaussian NB,Mood,0.3826247689463956,0.7294429708222812,0.014747044835652841,0.7211895971536484
Gaussian NB,Mood,0.3826247689463956,0.7320954907161804,0.014613552317966414,0.7211895971536484
Gaussian NB,Mood,0.38817005545286504,0.7320954907161804,0.014182817528418755,0.7211895971536484
Gaussian NB,Mood,0.38817005545286504,0.7347480106100795,0.014030981082935969,0.7211895971536484
Gaussian NB,Mood,0.3930991990141713,0.7347480106100795,0.013736149709727705,0.7211895971536484
Gaussian NB,Mood,0.3930991990141713,0.7374005305039788,0.013622717289207617,0.7211895971536484
Gaussian NB,Mood,0.39371534195933455,0.7374005305039788,0.013469967483075614,0.7211895971536484
Gaussian NB,Mood,0.39371534195933455,0.7400530503978779,0.01340804785632657,0.7211895971536484
Gaussian NB,Mood,0.3974121996303142,0.7400530503978779,0.012926238206870583,0.7211895971536484
Gaussian NB,Mood,0.3974121996303142,0.7427055702917772,0.012674257590944501,0.7211895971536484
Gaussian NB,Mood,0.39802834257547753,0.7427055702917772,0.012664147426235395,0.7211895971536484
Gaussian NB,Mood,0.39802834257547753,0.7453580901856764,0.012628102411125452,0.7211895971536484
Gaussian NB,Mood,0.39987677141096734,0.7453580901856764,0.012473746497818268,0.7211895971536484
Gaussian NB,Mood,0.39987677141096734,0.7480106100795756,0.012364895588013692,0.7211895971536484
Gaussian NB,Mood,0.4066543438077634,0.7480106100795756,0.01174173130968739,0.7211895971536484
Gaussian NB,Mood,0.4066543438077634,0.7506631299734748,0.011649074603058487,0.7211895971536484
Gaussian NB,Mood,0.41158348736906963,0.7506631299734748,0.01108753978861448,0.7211895971536484
Gaussian NB,Mood,0.41158348736906963,0.753315649867374,0.011003900042428101,0.7211895971536484
Gaussian NB,Mood,0.4183610597658657,0.753315649867374,0.010404604936556375,0.7211895971536484
Gaussian NB,Mood,0.4183610597658657,0.7559681697612732,0.010402093151100331,0.7211895971536484
Gaussian NB,Mood,0.4208256315465188,0.7559681697612732,0.01010702617256511,0.7211895971536484
Gaussian NB,Mood,0.4208256315465188,0.7586206896551724,0.010027217936270783,0.7211895971536484
Gaussian NB,Mood,0.42452248921749847,0.7586206896551724,0.009777820369457891,0.7211895971536484
Gaussian NB,Mood,0.42452248921749847,0.7612732095490716,0.009722492542323232,0.7211895971536484
Gaussian NB,Mood,0.42760320394331486,0.7612732095490716,0.009478862447102259,0.7211895971536484
Gaussian NB,Mood,0.42760320394331486,0.7639257294429708,0.00944336376450338,0.7211895971536484
Gaussian NB,Mood,0.43068391866913125,0.7639257294429708,0.009294147694858772,0.7211895971536484
Gaussian NB,Mood,0.43068391866913125,0.76657824933687,0.009093916500659481,0.7211895971536484
Gaussian NB,Mood,0.43253234750462105,0.76657824933687,0.008890598654158251,0.7211895971536484
Gaussian NB,Mood,0.43253234750462105,0.7692307692307693,0.008878638177739621,0.7211895971536484
Gaussian NB,Mood,0.4343807763401109,0.7692307692307693,0.00832791756725574,0.7211895971536484
Gaussian NB,Mood,0.4343807763401109,0.7718832891246684,0.008309265554832301,0.7211895971536484
Gaussian NB,Mood,0.43684534812076403,0.7718832891246684,0.008197082706222549,0.7211895971536484
Gaussian NB,Mood,0.43684534812076403,0.7745358090185677,0.008192157779906202,0.7211895971536484
Gaussian NB,Mood,0.43930991990141716,0.7745358090185677,0.007946185443157202,0.7211895971536484
Gaussian NB,Mood,0.43930991990141716,0.7771883289124668,0.007915621772056482,0.7211895971536484
Gaussian NB,Mood,0.4399260628465804,0.7771883289124668,0.007901916521042352,0.7211895971536484
Gaussian NB,Mood,0.4399260628465804,0.7824933687002652,0.007881761211309036,0.7211895971536484
Gaussian NB,Mood,0.4540973505853358,0.7824933687002652,0.006883015036152575,0.7211895971536484
Gaussian NB,Mood,0.4540973505853358,0.7851458885941645,0.006829114173556378,0.7211895971536484
Gaussian NB,Mood,0.46210720887245843,0.7851458885941645,0.006361084602271086,0.7211895971536484
Gaussian NB,Mood,0.46210720887245843,0.7904509283819628,0.006296744813534667,0.7211895971536484
Gaussian NB,Mood,0.4627233518176217,0.7904509283819628,0.006211494154460765,0.7211895971536484
Gaussian NB,Mood,0.4627233518176217,0.7931034482758621,0.006134868651877282,0.7211895971536484
Gaussian NB,Mood,0.4805914972273567,0.7931034482758621,0.005017892282988217,0.7211895971536484
Gaussian NB,Mood,0.4805914972273567,0.7984084880636605,0.004916453156097241,0.7211895971536484
Gaussian NB,Mood,0.48860135551447936,0.7984084880636605,0.004561731542424118,0.7211895971536484
Gaussian NB,Mood,0.48860135551447936,0.8010610079575596,0.004508270228691641,0.7211895971536484
Gaussian NB,Mood,0.503388786198398,0.8010610079575596,0.004066106395034143,0.7211895971536484
Gaussian NB,Mood,0.503388786198398,0.8037135278514589,0.0040595683097408896,0.7211895971536484
Gaussian NB,Mood,0.5089340727048676,0.8037135278514589,0.0037968036031189255,0.7211895971536484
Gaussian NB,Mood,0.5089340727048676,0.8063660477453581,0.0037895406044829326,0.7211895971536484
Gaussian NB,Mood,0.5157116451016636,0.8063660477453581,0.003398423272719285,0.7211895971536484
Gaussian NB,Mood,0.5157116451016636,0.8090185676392573,0.00338823948895184,0.7211895971536484
Gaussian NB,Mood,0.5224892174984597,0.8090185676392573,0.003124315931619627,0.7211895971536484
Gaussian NB,Mood,0.5224892174984597,0.8116710875331565,0.0031064840777686544,0.7211895971536484
Gaussian NB,Mood,0.5261860751694393,0.8116710875331565,0.0030711544174918,0.7211895971536484
Gaussian NB,Mood,0.5261860751694393,0.8143236074270557,0.0029889118518596517,0.7211895971536484
Gaussian NB,Mood,0.5495995070856439,0.8143236074270557,0.002333830796622941,0.7211895971536484
Gaussian NB,Mood,0.5495995070856439,0.8169761273209549,0.0023275434201500862,0.7211895971536484
Gaussian NB,Mood,0.5576093653727665,0.8169761273209549,0.002194015804996091,0.7211895971536484
Gaussian NB,Mood,0.5576093653727665,0.8196286472148541,0.0021832161836444985,0.7211895971536484
Gaussian NB,Mood,0.5674676524953789,0.8196286472148541,0.002007126761825419,0.7211895971536484
Gaussian NB,Mood,0.5674676524953789,0.8222811671087533,0.0020025111149396327,0.7211895971536484
Gaussian NB,Mood,0.5730129390018485,0.8222811671087533,0.0019006993171515742,0.7211895971536484
Gaussian NB,Mood,0.5730129390018485,0.8249336870026526,0.0018953573239913874,0.7211895971536484
Gaussian NB,Mood,0.5797905113986445,0.8249336870026526,0.0017740533780226816,0.7211895971536484
Gaussian NB,Mood,0.5797905113986445,0.830238726790451,0.0017416640457209617,0.7211895971536484
Gaussian NB,Mood,0.5988909426987061,0.830238726790451,0.0014625826174909085,0.7211895971536484
Gaussian NB,Mood,0.5988909426987061,0.8328912466843501,0.0014312782064767817,0.7211895971536484
Gaussian NB,Mood,0.6087492298213185,0.8328912466843501,0.001295313631695883,0.7211895971536484
Gaussian NB,Mood,0.6087492298213185,0.8355437665782494,0.0012903282541609183,0.7211895971536484
Gaussian NB,Mood,0.6105976586568084,0.8355437665782494,0.0012700958881456134,0.7211895971536484
Gaussian NB,Mood,0.6105976586568084,0.8381962864721485,0.0012677060228011362,0.7211895971536484
Gaussian NB,Mood,0.6130622304374614,0.8381962864721485,0.001232110617299778,0.7211895971536484
Gaussian NB,Mood,0.6130622304374614,0.8408488063660478,0.0012219988827508867,0.7211895971536484
Gaussian NB,Mood,0.6179913739987677,0.8408488063660478,0.0011694944930964474,0.7211895971536484
Gaussian NB,Mood,0.6179913739987677,0.843501326259947,0.0011512362391611784,0.7211895971536484
Gaussian NB,Mood,0.6333949476278496,0.843501326259947,0.0009416454765818219,0.7211895971536484
Gaussian NB,Mood,0.6333949476278496,0.8461538461538461,0.0009405814898812066,0.7211895971536484
Gaussian NB,Mood,0.6346272335181762,0.8461538461538461,0.0009342850812048785,0.7211895971536484
Gaussian NB,Mood,0.6346272335181762,0.8488063660477454,0.0009301003665979163,0.7211895971536484
Gaussian NB,Mood,0.6389402341343191,0.8488063660477454,0.0009091273538531608,0.7211895971536484
Gaussian NB,Mood,0.6389402341343191,0.8514588859416445,0.0009076592195281541,0.7211895971536484
Gaussian NB,Mood,0.6401725200246458,0.8514588859416445,0.0009032890370450866,0.7211895971536484
Gaussian NB,Mood,0.6401725200246458,0.8541114058355438,0.0008869215674017129,0.7211895971536484
Gaussian NB,Mood,0.6444855206407887,0.8541114058355438,0.000863724617421801,0.7211895971536484
Gaussian NB,Mood,0.6444855206407887,0.8567639257294429,0.0008621199759560955,0.7211895971536484
Gaussian NB,Mood,0.6580406654343808,0.8567639257294429,0.0007237694207906737,0.7211895971536484
Gaussian NB,Mood,0.6580406654343808,0.8620689655172413,0.0007010442120500889,0.7211895971536484
Gaussian NB,Mood,0.6586568083795441,0.8620689655172413,0.000694011950393491,0.7211895971536484
Gaussian NB,Mood,0.6586568083795441,0.8647214854111406,0.0006861183062692699,0.7211895971536484
Gaussian NB,Mood,0.669747381392483,0.8647214854111406,0.0006094594901092417,0.7211895971536484
Gaussian NB,Mood,0.669747381392483,0.8673740053050398,0.0006081478959417476,0.7211895971536484
Gaussian NB,Mood,0.6857670979667283,0.8673740053050398,0.00049423228255865,0.7211895971536484
Gaussian NB,Mood,0.6857670979667283,0.870026525198939,0.0004926946908375645,0.7211895971536484
Gaussian NB,Mood,0.6900800985828712,0.870026525198939,0.0004596151961767861,0.7211895971536484
Gaussian NB,Mood,0.6900800985828712,0.8726790450928382,0.00045541550963756466,0.7211895971536484
Gaussian NB,Mood,0.6906962415280345,0.8726790450928382,0.00045434520197641247,0.7211895971536484
Gaussian NB,Mood,0.6906962415280345,0.8753315649867374,0.0004542136611148752,0.7211895971536484
Gaussian NB,Mood,0.6987060998151571,0.8753315649867374,0.0004050258780459109,0.7211895971536484
Gaussian NB,Mood,0.6987060998151571,0.8779840848806366,0.0004034670577602797,0.7211895971536484
Gaussian NB,Mood,0.7091805298829328,0.8779840848806366,0.00033080495972735686,0.7211895971536484
Gaussian NB,Mood,0.7091805298829328,0.8806366047745358,0.0003278662568466561,0.7211895971536484
Gaussian NB,Mood,0.7313616759088108,0.8806366047745358,0.0002270249058289213,0.7211895971536484
Gaussian NB,Mood,0.7313616759088108,0.883289124668435,0.00022492698557501198,0.7211895971536484
Gaussian NB,Mood,0.7325939617991374,0.883289124668435,0.00022252058793472998,0.7211895971536484
Gaussian NB,Mood,0.7325939617991374,0.8859416445623343,0.00022151662736729104,0.7211895971536484
Gaussian NB,Mood,0.74060382008626,0.8859416445623343,0.00020048470337780458,0.7211895971536484
Gaussian NB,Mood,0.74060382008626,0.8885941644562334,0.00020015581736721106,0.7211895971536484
Gaussian NB,Mood,0.7443006777572396,0.8885941644562334,0.00018435593260147327,0.7211895971536484
Gaussian NB,Mood,0.7443006777572396,0.8912466843501327,0.00017896219969667842,0.7211895971536484
Gaussian NB,Mood,0.7498459642637092,0.8912466843501327,0.000164827159833127,0.7211895971536484
Gaussian NB,Mood,0.7498459642637092,0.8938992042440318,0.00016409724654789615,0.7211895971536484
Gaussian NB,Mood,0.7510782501540357,0.8938992042440318,0.0001629900472866249,0.7211895971536484
Gaussian NB,Mood,0.7510782501540357,0.896551724137931,0.00016139478738042698,0.7211895971536484
Gaussian NB,Mood,0.7535428219346888,0.896551724137931,0.00015043636243458982,0.7211895971536484
Gaussian NB,Mood,0.7535428219346888,0.8992042440318302,0.00014942373524367062,0.7211895971536484
Gaussian NB,Mood,0.767097966728281,0.8992042440318302,0.00011879523283822597,0.7211895971536484
Gaussian NB,Mood,0.767097966728281,0.9018567639257294,0.00011737944484176191,0.7211895971536484
Gaussian NB,Mood,0.7788046826863833,0.9018567639257294,0.00010138409386760602,0.7211895971536484
Gaussian NB,Mood,0.7788046826863833,0.9071618037135278,0.00010055557062632752,0.7211895971536484
Gaussian NB,Mood,0.789279112754159,0.9071618037135278,7.84492948399192e-05,0.7211895971536484
Gaussian NB,Mood,0.789279112754159,0.9098143236074271,7.738096691680843e-05,0.7211895971536484
Gaussian NB,Mood,0.7948243992606284,0.9098143236074271,7.056446016611779e-05,0.7211895971536484
Gaussian NB,Mood,0.7948243992606284,0.9124668435013262,6.836546584022296e-05,0.7211895971536484
Gaussian NB,Mood,0.8052988293284042,0.9124668435013262,5.660954502735709e-05,0.7211895971536484
Gaussian NB,Mood,0.8052988293284042,0.9151193633952255,5.602000199633405e-05,0.7211895971536484
Gaussian NB,Mood,0.8096118299445472,0.9151193633952255,5.117867482060655e-05,0.7211895971536484
Gaussian NB,Mood,0.8096118299445472,0.9177718832891246,5.04784524334394e-05,0.7211895971536484
Gaussian NB,Mood,0.8114602587800369,0.9177718832891246,4.947919248652342e-05,0.7211895971536484
Gaussian NB,Mood,0.8114602587800369,0.9204244031830239,4.764531091852245e-05,0.7211895971536484
Gaussian NB,Mood,0.8133086876155268,0.9204244031830239,4.469612881294551e-05,0.7211895971536484
Gaussian NB,Mood,0.8133086876155268,0.9230769230769231,4.449410391676846e-05,0.7211895971536484
Gaussian NB,Mood,0.8139248305606901,0.9230769230769231,4.4463689452629574e-05,0.7211895971536484
Gaussian NB,Mood,0.8139248305606901,0.9257294429708223,4.3646056672871726e-05,0.7211895971536484
Gaussian NB,Mood,0.8256315465187923,0.9257294429708223,3.424959568553178e-05,0.7211895971536484
Gaussian NB,Mood,0.8256315465187923,0.9283819628647215,3.371024322509483e-05,0.7211895971536484
Gaussian NB,Mood,0.829328404189772,0.9283819628647215,3.076277168054166e-05,0.7211895971536484
Gaussian NB,Mood,0.829328404189772,0.9310344827586207,3.05850653939248e-05,0.7211895971536484
Gaussian NB,Mood,0.8317929759704251,0.9310344827586207,2.946477290198871e-05,0.7211895971536484
Gaussian NB,Mood,0.8317929759704251,0.9336870026525199,2.9306841824892835e-05,0.7211895971536484
Gaussian NB,Mood,0.8324091189155884,0.9336870026525199,2.9247643368826198e-05,0.7211895971536484
Gaussian NB,Mood,0.8324091189155884,0.9363395225464191,2.9187673149623455e-05,0.7211895971536484
Gaussian NB,Mood,0.8373382624768947,0.9363395225464191,2.4581601510312466e-05,0.7211895971536484
Gaussian NB,Mood,0.8373382624768947,0.9389920424403183,2.4392151468161604e-05,0.7211895971536484
Gaussian NB,Mood,0.860135551447936,0.9389920424403183,1.0802424362115358e-05,0.7211895971536484
Gaussian NB,Mood,0.860135551447936,0.9416445623342176,1.0742659413684123e-05,0.7211895971536484
Gaussian NB,Mood,0.862600123228589,0.9416445623342176,1.02917500310826e-05,0.7211895971536484
Gaussian NB,Mood,0.862600123228589,0.9442970822281167,1.0283589832401435e-05,0.7211895971536484
Gaussian NB,Mood,0.8638324091189156,0.9442970822281167,1.0241231322947353e-05,0.7211895971536484
Gaussian NB,Mood,0.8638324091189156,0.946949602122016,1.0026128307316705e-05,0.7211895971536484
Gaussian NB,Mood,0.8650646950092421,0.946949602122016,9.956728367531176e-06,0.7211895971536484
Gaussian NB,Mood,0.8650646950092421,0.9496021220159151,9.73145012061608e-06,0.7211895971536484
Gaussian NB,Mood,0.8718422674060382,0.9496021220159151,8.126876324449946e-06,0.7211895971536484
Gaussian NB,Mood,0.8718422674060382,0.9522546419098143,8.062677364779098e-06,0.7211895971536484
Gaussian NB,Mood,0.8724584103512015,0.9522546419098143,7.966273428179103e-06,0.7211895971536484
Gaussian NB,Mood,0.8724584103512015,0.9549071618037135,7.608433504049891e-06,0.7211895971536484
Gaussian NB,Mood,0.8761552680221811,0.9549071618037135,7.244032218750677e-06,0.7211895971536484
Gaussian NB,Mood,0.8761552680221811,0.9602122015915119,7.1962955923003716e-06,0.7211895971536484
Gaussian NB,Mood,0.8817005545286506,0.9602122015915119,5.758377874530292e-06,0.7211895971536484
Gaussian NB,Mood,0.8817005545286506,0.9628647214854111,5.5744352073167826e-06,0.7211895971536484
Gaussian NB,Mood,0.8872458410351202,0.9628647214854111,4.407620943470919e-06,0.7211895971536484
Gaussian NB,Mood,0.8872458410351202,0.9655172413793104,4.241911899007645e-06,0.7211895971536484
Gaussian NB,Mood,0.8952556993222428,0.9655172413793104,2.8613245762754803e-06,0.7211895971536484
Gaussian NB,Mood,0.8952556993222428,0.9681697612732095,2.7257411879928853e-06,0.7211895971536484
Gaussian NB,Mood,0.9008009858287123,0.9681697612732095,1.5292226336223746e-06,0.7211895971536484
Gaussian NB,Mood,0.9008009858287123,0.9708222811671088,1.352089052616889e-06,0.7211895971536484
Gaussian NB,Mood,0.9014171287738756,0.9708222811671088,1.2992228774281358e-06,0.7211895971536484
Gaussian NB,Mood,0.9014171287738756,0.9734748010610079,1.169841181140864e-06,0.7211895971536484
Gaussian NB,Mood,0.9026494146642021,0.9734748010610079,1.0431887421619648e-06,0.7211895971536484
Gaussian NB,Mood,0.9026494146642021,0.9761273209549072,9.400477358054911e-07,0.7211895971536484
Gaussian NB,Mood,0.9032655576093653,0.9761273209549072,9.183375402761901e-07,0.7211895971536484
Gaussian NB,Mood,0.9032655576093653,0.9787798408488063,9.12337124223003e-07,0.7211895971536484
Gaussian NB,Mood,0.9051139864448552,0.9787798408488063,8.718454650948357e-07,0.7211895971536484
Gaussian NB,Mood,0.9051139864448552,0.9814323607427056,8.530124491269728e-07,0.7211895971536484
Gaussian NB,Mood,0.9186691312384473,0.9814323607427056,3.6051703086936627e-07,0.7211895971536484
Gaussian NB,Mood,0.9186691312384473,0.9840848806366048,3.4902095567005326e-07,0.7211895971536484
Gaussian NB,Mood,0.9235982747997535,0.9840848806366048,2.454179351739462e-07,0.7211895971536484
Gaussian NB,Mood,0.9235982747997535,0.986737400530504,2.402880490559224e-07,0.7211895971536484
Gaussian NB,Mood,0.9254467036352434,0.986737400530504,2.3023252729582165e-07,0.7211895971536484
Gaussian NB,Mood,0.9254467036352434,0.9893899204244032,2.1457849887059966e-07,0.7211895971536484
Gaussian NB,Mood,0.9451632778804683,0.9893899204244032,5.291778579040227e-08,0.7211895971536484
Gaussian NB,Mood,0.9451632778804683,0.9920424403183024,5.0296605911996536e-08,0.7211895971536484
Gaussian NB,Mood,0.9500924214417745,0.9920424403183024,3.1516100602107615e-08,0.7211895971536484
Gaussian NB,Mood,0.9500924214417745,0.9946949602122016,3.0063039314504715e-08,0.7211895971536484
Gaussian NB,Mood,0.9704251386321626,0.9946949602122016,1.3647088911341514e-09,0.7211895971536484
Gaussian NB,Mood,0.9704251386321626,0.9973474801061007,1.2768306038194254e-09,0.7211895971536484
Gaussian NB,Mood,0.9901417128773875,0.9973474801061007,3.674133436129691e-11,0.7211895971536484
Gaussian NB,Mood,0.9901417128773875,1.0,2.1768377825555134e-11,0.7211895971536484
Gaussian NB,Mood,1.0,1.0,8.279117667670612e-22,0.7211895971536484
Gaussian NB,Multiple,0.0,0.0,inf,0.7140997023809524
Gaussian NB,Multiple,0.0005252100840336134,0.0,0.9999644200455949,0.7140997023809524
Gaussian NB,Multiple,0.0010504201680672268,0.0,0.9999619324352691,0.7140997023809524
Gaussian NB,Multiple,0.0010504201680672268,0.020833333333333332,0.999938372995001,0.7140997023809524
Gaussian NB,Multiple,0.0015756302521008404,0.020833333333333332,0.9999208669775171,0.7140997023809524
Gaussian NB,Multiple,0.0015756302521008404,0.041666666666666664,0.9998696404687717,0.7140997023809524
Gaussian NB,Multiple,0.003676470588235294,0.041666666666666664,0.9994463175454251,0.7140997023809524
Gaussian NB,Multiple,0.003676470588235294,0.0625,0.9993361605318699,0.7140997023809524
Gaussian NB,Multiple,0.005252100840336135,0.0625,0.9991636515708553,0.7140997023809524
Gaussian NB,Multiple,0.005252100840336135,0.07291666666666667,0.9990451614429907,0.7140997023809524
Gaussian NB,Multiple,0.007878151260504201,0.07291666666666667,0.9988463193768243,0.7140997023809524
Gaussian NB,Multiple,0.007878151260504201,0.08333333333333333,0.998778985258093,0.7140997023809524
Gaussian NB,Multiple,0.008403361344537815,0.08333333333333333,0.9987437502728926,0.7140997023809524
Gaussian NB,Multiple,0.008403361344537815,0.09375,0.9986748142462629,0.7140997023809524
Gaussian NB,Multiple,0.01050420168067227,0.09375,0.9979303807314448,0.7140997023809524
Gaussian NB,Multiple,0.01050420168067227,0.10416666666666667,0.9973522536335536,0.7140997023809524
Gaussian NB,Multiple,0.011029411764705883,0.10416666666666667,0.9972161771553937,0.7140997023809524
Gaussian NB,Multiple,0.011029411764705883,0.11458333333333333,0.9970889684908784,0.7140997023809524
Gaussian NB,Multiple,0.01207983193277311,0.11458333333333333,0.9966802143797863,0.7140997023809524
Gaussian NB,Multiple,0.01207983193277311,0.14583333333333334,0.9954142503291437,0.7140997023809524
Gaussian NB,Multiple,0.014180672268907563,0.14583333333333334,0.9946068896974523,0.7140997023809524
Gaussian NB,Multiple,0.014180672268907563,0.16666666666666666,0.9942978032488288,0.7140997023809524
Gaussian NB,Multiple,0.01680672268907563,0.16666666666666666,0.9918977471760088,0.7140997023809524
Gaussian NB,Multiple,0.01680672268907563,0.17708333333333334,0.9909537903079447,0.7140997023809524
Gaussian NB,Multiple,0.017857142857142856,0.17708333333333334,0.9874783233297194,0.7140997023809524
Gaussian NB,Multiple,0.017857142857142856,0.1875,0.987478001505671,0.7140997023809524
Gaussian NB,Multiple,0.02100840336134454,0.1875,0.9812338922603467,0.7140997023809524
Gaussian NB,Multiple,0.02100840336134454,0.19791666666666666,0.976013761017797,0.7140997023809524
Gaussian NB,Multiple,0.025210084033613446,0.19791666666666666,0.9650797282441397,0.7140997023809524
Gaussian NB,Multiple,0.025210084033613446,0.20833333333333334,0.9643219837257397,0.7140997023809524
Gaussian NB,Multiple,0.0273109243697479,0.20833333333333334,0.9605570593723826,0.7140997023809524
Gaussian NB,Multiple,0.0273109243697479,0.21875,0.9599890651963164,0.7140997023809524
Gaussian NB,Multiple,0.02888655462184874,0.21875,0.9539396073400499,0.7140997023809524
Gaussian NB,Multiple,0.02888655462184874,0.22916666666666666,0.9533202420300625,0.7140997023809524
Gaussian NB,Multiple,0.029411764705882353,0.22916666666666666,0.9489620925574792,0.7140997023809524
Gaussian NB,Multiple,0.029411764705882353,0.25,0.9465029086545422,0.7140997023809524
Gaussian NB,Multiple,0.031512605042016806,0.25,0.9379412663741699,0.7140997023809524
Gaussian NB,Multiple,0.031512605042016806,0.2604166666666667,0.9347483967762161,0.7140997023809524
Gaussian NB,Multiple,0.03623949579831933,0.2604166666666667,0.9218786911544609,0.7140997023809524
Gaussian NB,Multiple,0.03623949579831933,0.2708333333333333,0.9155544561432979,0.7140997023809524
Gaussian NB,Multiple,0.038340336134453784,0.2708333333333333,0.9099119089088321,0.7140997023809524
Gaussian NB,Multiple,0.038340336134453784,0.28125,0.9069391973051589,0.7140997023809524
Gaussian NB,Multiple,0.04254201680672269,0.28125,0.8963796992228832,0.7140997023809524
Gaussian NB,Multiple,0.04254201680672269,0.2916666666666667,0.8954432347308602,0.7140997023809524
Gaussian NB,Multiple,0.04884453781512605,0.2916666666666667,0.8527662158509095,0.7140997023809524
Gaussian NB,Multiple,0.04884453781512605,0.3125,0.846693653386986,0.7140997023809524
Gaussian NB,Multiple,0.051995798319327734,0.3125,0.8228324697503098,0.7140997023809524
Gaussian NB,Multiple,0.051995798319327734,0.3229166666666667,0.8165788624676216,0.7140997023809524
Gaussian NB,Multiple,0.05934873949579832,0.3229166666666667,0.7098612235757708,0.7140997023809524
Gaussian NB,Multiple,0.05934873949579832,0.3333333333333333,0.7077324465646677,0.7140997023809524
Gaussian NB,Multiple,0.06197478991596639,0.3333333333333333,0.6887737551066293,0.7140997023809524
Gaussian NB,Multiple,0.06197478991596639,0.34375,0.6807627237679649,0.7140997023809524
Gaussian NB,Multiple,0.06880252100840337,0.34375,0.6035574743299289,0.7140997023809524
Gaussian NB,Multiple,0.06880252100840337,0.3541666666666667,0.5995288202023534,0.7140997023809524
Gaussian NB,Multiple,0.07142857142857142,0.3541666666666667,0.5704198804918815,0.7140997023809524
Gaussian NB,Multiple,0.07142857142857142,0.375,0.5584965072923433,0.7140997023809524
Gaussian NB,Multiple,0.07457983193277311,0.375,0.5352109926064985,0.7140997023809524
Gaussian NB,Multiple,0.07457983193277311,0.3854166666666667,0.5322644084696015,0.7140997023809524
Gaussian NB,Multiple,0.07983193277310924,0.3854166666666667,0.4865451917975775,0.7140997023809524
Gaussian NB,Multiple,0.07983193277310924,0.40625,0.480746233603016,0.7140997023809524
Gaussian NB,Multiple,0.08508403361344538,0.40625,0.44256572731476823,0.7140997023809524
Gaussian NB,Multiple,0.08508403361344538,0.4166666666666667,0.4410120662947373,0.7140997023809524
Gaussian NB,Multiple,0.09978991596638656,0.4166666666666667,0.3238432403416504,0.7140997023809524
Gaussian NB,Multiple,0.09978991596638656,0.4270833333333333,0.3233001800795539,0.7140997023809524
Gaussian NB,Multiple,0.10189075630252101,0.4270833333333333,0.29859633780878,0.7140997023809524
Gaussian NB,Multiple,0.10189075630252101,0.4375,0.2969147400579205,0.7140997023809524
Gaussian NB,Multiple,0.10241596638655462,0.4375,0.296162419587517,0.7140997023809524
Gaussian NB,Multiple,0.10241596638655462,0.4479166666666667,0.29510772539623414,0.7140997023809524
Gaussian NB,Multiple,0.11659663865546219,0.4479166666666667,0.19519739319560997,0.7140997023809524
Gaussian NB,Multiple,0.11659663865546219,0.4583333333333333,0.19439564461687903,0.7140997023809524
Gaussian NB,Multiple,0.125,0.4583333333333333,0.15709887504164316,0.7140997023809524
Gaussian NB,Multiple,0.125,0.46875,0.15443640669235398,0.7140997023809524
Gaussian NB,Multiple,0.12867647058823528,0.46875,0.14372597608271492,0.7140997023809524
Gaussian NB,Multiple,0.12867647058823528,0.4791666666666667,0.14292741839701267,0.7140997023809524
Gaussian NB,Multiple,0.13970588235294118,0.4791666666666667,0.11208238024487319,0.7140997023809524
Gaussian NB,Multiple,0.13970588235294118,0.4895833333333333,0.11125465297959751,0.7140997023809524
Gaussian NB,Multiple,0.14758403361344538,0.4895833333333333,0.09384604229212846,0.7140997023809524
Gaussian NB,Multiple,0.14758403361344538,0.5,0.09382210539243842,0.7140997023809524
Gaussian NB,Multiple,0.18224789915966386,0.5,0.043259960220177356,0.7140997023809524
Gaussian NB,Multiple,0.18224789915966386,0.5104166666666666,0.04205724536861838,0.7140997023809524
Gaussian NB,Multiple,0.18487394957983194,0.5104166666666666,0.04041180567923559,0.7140997023809524
Gaussian NB,Multiple,0.18487394957983194,0.5208333333333334,0.03905272479006182,0.7140997023809524
Gaussian NB,Multiple,0.19957983193277312,0.5208333333333334,0.026455242487818782,0.7140997023809524
Gaussian NB,Multiple,0.19957983193277312,0.53125,0.02599838395042131,0.7140997023809524
Gaussian NB,Multiple,0.20010504201680673,0.53125,0.025779996264001345,0.7140997023809524
Gaussian NB,Multiple,0.20010504201680673,0.5416666666666666,0.02490567022379288,0.7140997023809524
Gaussian NB,Multiple,0.20640756302521007,0.5416666666666666,0.021584460732401556,0.7140997023809524
Gaussian NB,Multiple,0.20640756302521007,0.5520833333333334,0.02137192453683461,0.7140997023809524
Gaussian NB,Multiple,0.21376050420168066,0.5520833333333334,0.018319727181797408,0.7140997023809524
Gaussian NB,Multiple,0.21376050420168066,0.5625,0.018124114004248845,0.7140997023809524
Gaussian NB,Multiple,0.22531512605042017,0.5625,0.013952752928246314,0.7140997023809524
Gaussian NB,Multiple,0.22531512605042017,0.5729166666666666,0.01388763505417528,0.7140997023809524
Gaussian NB,Multiple,0.23056722689075632,0.5729166666666666,0.012155527547856624,0.7140997023809524
Gaussian NB,Multiple,0.23056722689075632,0.5833333333333334,0.01215548479593534,0.7140997023809524
Gaussian NB,Multiple,0.23214285714285715,0.5833333333333334,0.011955987306053082,0.7140997023809524
Gaussian NB,Multiple,0.23214285714285715,0.59375,0.011954791988546508,0.7140997023809524
Gaussian NB,Multiple,0.24107142857142858,0.59375,0.008910829602835518,0.7140997023809524
Gaussian NB,Multiple,0.24107142857142858,0.6041666666666666,0.008861535508020957,0.7140997023809524
Gaussian NB,Multiple,0.24369747899159663,0.6041666666666666,0.008190186816890101,0.7140997023809524
Gaussian NB,Multiple,0.24369747899159663,0.6145833333333334,0.008034248455347098,0.7140997023809524
Gaussian NB,Multiple,0.2815126050420168,0.6145833333333334,0.003925553042839812,0.7140997023809524
Gaussian NB,Multiple,0.2815126050420168,0.625,0.0038715499319239162,0.7140997023809524
Gaussian NB,Multiple,0.2867647058823529,0.625,0.003616729508074647,0.7140997023809524
Gaussian NB,Multiple,0.2867647058823529,0.6354166666666666,0.0035550105840372087,0.7140997023809524
Gaussian NB,Multiple,0.29516806722689076,0.6354166666666666,0.0030388332470783026,0.7140997023809524
Gaussian NB,Multiple,0.29516806722689076,0.6458333333333334,0.002960430452009036,0.7140997023809524
Gaussian NB,Multiple,0.3019957983193277,0.6458333333333334,0.0025630542809337844,0.7140997023809524
Gaussian NB,Multiple,0.3019957983193277,0.65625,0.0025426506645761502,0.7140997023809524
Gaussian NB,Multiple,0.30357142857142855,0.65625,0.002465734587342055,0.7140997023809524
Gaussian NB,Multiple,0.30357142857142855,0.6666666666666666,0.0024514978831260818,0.7140997023809524
Gaussian NB,Multiple,0.33718487394957986,0.6666666666666666,0.0011920888991993573,0.7140997023809524
Gaussian NB,Multiple,0.33718487394957986,0.6770833333333334,0.001173310511611278,0.7140997023809524
Gaussian NB,Multiple,0.3581932773109244,0.6770833333333334,0.0006438627611394268,0.7140997023809524
Gaussian NB,Multiple,0.3581932773109244,0.6875,0.0006208041852996534,0.7140997023809524
Gaussian NB,Multiple,0.358718487394958,0.6875,0.0006172344568634516,0.7140997023809524
Gaussian NB,Multiple,0.358718487394958,0.6979166666666666,0.0006152646312928235,0.7140997023809524
Gaussian NB,Multiple,0.36081932773109243,0.6979166666666666,0.0005709863908864051,0.7140997023809524
Gaussian NB,Multiple,0.36081932773109243,0.7083333333333334,0.0005700236396430689,0.7140997023809524
Gaussian NB,Multiple,0.36817226890756305,0.7083333333333334,0.00046341688323155194,0.7140997023809524
Gaussian NB,Multiple,0.36817226890756305,0.71875,0.00046196251776593983,0.7140997023809524
Gaussian NB,Multiple,0.39758403361344535,0.71875,0.0002620695983063482,0.7140997023809524
Gaussian NB,Multiple,0.39758403361344535,0.7291666666666666,0.0002552504727538009,0.7140997023809524
Gaussian NB,Multiple,0.42436974789915966,0.7291666666666666,0.00013072040902040733,0.7140997023809524
Gaussian NB,Multiple,0.42436974789915966,0.7395833333333334,0.0001306850440870432,0.7140997023809524
Gaussian NB,Multiple,0.44590336134453784,0.7395833333333334,8.671790414095358e-05,0.7140997023809524
Gaussian NB,Multiple,0.44590336134453784,0.75,8.598779264846805e-05,0.7140997023809524
Gaussian NB,Multiple,0.45115546218487396,0.75,7.74354070472686e-05,0.7140997023809524
Gaussian NB,Multiple,0.45115546218487396,0.7604166666666666,7.708382677666762e-05,0.7140997023809524
Gaussian NB,Multiple,0.46008403361344535,0.7604166666666666,6.199420180567207e-05,0.7140997023809524
Gaussian NB,Multiple,0.46008403361344535,0.7708333333333334,6.18790164713779e-05,0.7140997023809524
Gaussian NB,Multiple,0.4721638655462185,0.7708333333333334,4.818386874840716e-05,0.7140997023809524
Gaussian NB,Multiple,0.4721638655462185,0.78125,4.7684653339050666e-05,0.7140997023809524
Gaussian NB,Multiple,0.5787815126050421,0.78125,4.78642067255682e-06,0.7140997023809524
Gaussian NB,Multiple,0.5787815126050421,0.7916666666666666,4.7586640163498074e-06,0.7140997023809524
Gaussian NB,Multiple,0.5966386554621849,0.7916666666666666,3.170674237232449e-06,0.7140997023809524
Gaussian NB,Multiple,0.5966386554621849,0.8020833333333334,3.1492823084573654e-06,0.7140997023809524
Gaussian NB,Multiple,0.6276260504201681,0.8020833333333334,1.6046413567729035e-06,0.7140997023809524
Gaussian NB,Multiple,0.6276260504201681,0.8125,1.5467254796541986e-06,0.7140997023809524
Gaussian NB,Multiple,0.6512605042016807,0.8125,7.428995337405331e-07,0.7140997023809524
Gaussian NB,Multiple,0.6512605042016807,0.8229166666666666,7.374213088798682e-07,0.7140997023809524
Gaussian NB,Multiple,0.6633403361344538,0.8229166666666666,5.145514659485475e-07,0.7140997023809524
Gaussian NB,Multiple,0.6633403361344538,0.8333333333333334,5.145418709514927e-07,0.7140997023809524
Gaussian NB,Multiple,0.7384453781512605,0.8333333333333334,4.8861976035976556e-08,0.7140997023809524
Gaussian NB,Multiple,0.7384453781512605,0.84375,4.648024176620972e-08,0.7140997023809524
Gaussian NB,Multiple,0.7526260504201681,0.84375,2.564880366811336e-08,0.7140997023809524
Gaussian NB,Multiple,0.7526260504201681,0.8541666666666666,2.5287803756381825e-08,0.7140997023809524
Gaussian NB,Multiple,0.7757352941176471,0.8541666666666666,1.1866368071526288e-08,0.7140997023809524
Gaussian NB,Multiple,0.7757352941176471,0.8645833333333334,1.1661640481566268e-08,0.7140997023809524
Gaussian NB,Multiple,0.8088235294117647,0.8645833333333334,2.192316483397874e-09,0.7140997023809524
Gaussian NB,Multiple,0.8088235294117647,0.875,2.0456868056218028e-09,0.7140997023809524
Gaussian NB,Multiple,0.8230042016806722,0.875,9.099776787683692e-10,0.7140997023809524
Gaussian NB,Multiple,0.8230042016806722,0.8854166666666666,8.839882780167997e-10,0.7140997023809524
Gaussian NB,Multiple,0.8282563025210085,0.8854166666666666,7.94249223685116e-10,0.7140997023809524
Gaussian NB,Multiple,0.8282563025210085,0.8958333333333334,7.797980109695183e-10,0.7140997023809524
Gaussian NB,Multiple,0.8382352941176471,0.8958333333333334,3.5415915947002453e-10,0.7140997023809524
Gaussian NB,Multiple,0.8382352941176471,0.90625,3.4041957193083145e-10,0.7140997023809524
Gaussian NB,Multiple,0.8513655462184874,0.90625,1.1584319582948668e-10,0.7140997023809524
Gaussian NB,Multiple,0.8513655462184874,0.9166666666666666,1.111669085423585e-10,0.7140997023809524
Gaussian NB,Multiple,0.8550420168067226,0.9166666666666666,7.104697920018845e-11,0.7140997023809524
Gaussian NB,Multiple,0.8550420168067226,0.9270833333333334,6.912073263350993e-11,0.7140997023809524
Gaussian NB,Multiple,0.8755252100840336,0.9270833333333334,7.25921125976016e-12,0.7140997023809524
Gaussian NB,Multiple,0.8755252100840336,0.9375,7.136365908826829e-12,0.7140997023809524
Gaussian NB,Multiple,0.8970588235294118,0.9375,5.368924760201031e-13,0.7140997023809524
Gaussian NB,Multiple,0.8970588235294118,0.9479166666666666,5.287497437971085e-13,0.7140997023809524
Gaussian NB,Multiple,0.9327731092436975,0.9479166666666666,5.518107199771025e-16,0.7140997023809524
Gaussian NB,Multiple,0.9327731092436975,0.9583333333333334,4.810160161964206e-16,0.7140997023809524
Gaussian NB,Multiple,0.9448529411764706,0.9583333333333334,4.6907328179010916e-17,0.7140997023809524
Gaussian NB,Multiple,0.9448529411764706,0.96875,4.690255100653745e-17,0.7140997023809524
Gaussian NB,Multiple,0.9632352941176471,0.96875,1.0847991721641803e-18,0.7140997023809524
Gaussian NB,Multiple,0.9632352941176471,0.9791666666666666,1.0401301417740487e-18,0.7140997023809524
Gaussian NB,Multiple,0.9695378151260504,0.9791666666666666,2.0658193683495918e-19,0.7140997023809524
Gaussian NB,Multiple,0.9695378151260504,0.9895833333333334,1.7753593035673335e-19,0.7140997023809524
Gaussian NB,Multiple,0.9826680672268907,0.9895833333333334,1.72631402394753e-21,0.7140997023809524
Gaussian NB,Multiple,0.9826680672268907,1.0,1.0491266560594536e-21,0.7140997023809524
Gaussian NB,Multiple,1.0,1.0,2.423094314339056e-34,0.7140997023809524
CatBoost,ADHD,0.0,0.0,inf,0.8067801982480405
CatBoost,ADHD,0.0005186721991701245,0.0,0.6366235117886764,0.8067801982480405
CatBoost,ADHD,0.008298755186721992,0.0,0.4027808210208495,0.8067801982480405
CatBoost,ADHD,0.008298755186721992,0.013888888888888888,0.4007504201284635,0.8067801982480405
CatBoost,ADHD,0.00933609958506224,0.013888888888888888,0.3841249009185622,0.8067801982480405
CatBoost,ADHD,0.00933609958506224,0.027777777777777776,0.37772274406025413,0.8067801982480405
CatBoost,ADHD,0.012448132780082987,0.027777777777777776,0.35254449543716737,0.8067801982480405
CatBoost,ADHD,0.012448132780082987,0.041666666666666664,0.3520775926076907,0.8067801982480405
CatBoost,ADHD,0.014004149377593362,0.041666666666666664,0.34729724283240865,0.8067801982480405
CatBoost,ADHD,0.014004149377593362,0.05555555555555555,0.34461666673541974,0.8067801982480405
CatBoost,ADHD,0.024896265560165973,0.05555555555555555,0.3110004820711178,0.8067801982480405
CatBoost,ADHD,0.024896265560165973,0.06944444444444445,0.3109934800267492,0.8067801982480405
CatBoost,ADHD,0.026452282157676348,0.06944444444444445,0.3082060566597018,0.8067801982480405
CatBoost,ADHD,0.026452282157676348,0.08333333333333333,0.3074357412583548,0.8067801982480405
CatBoost,ADHD,0.029564315352697094,0.08333333333333333,0.2996226822708583,0.8067801982480405
CatBoost,ADHD,0.029564315352697094,0.09722222222222222,0.29940299726820285,0.8067801982480405
CatBoost,ADHD,0.03578838174273859,0.09722222222222222,0.2874814244425437,0.8067801982480405
CatBoost,ADHD,0.03578838174273859,0.125,0.28439492266825883,0.8067801982480405
CatBoost,ADHD,0.04564315352697095,0.125,0.2719204397771067,0.8067801982480405
CatBoost,ADHD,0.04564315352697095,0.1388888888888889,0.2704239656191324,0.8067801982480405
CatBoost,ADHD,0.04719917012448133,0.1388888888888889,0.2689760480359577,0.8067801982480405
CatBoost,ADHD,0.04719917012448133,0.1527777777777778,0.26889496142577435,0.8067801982480405
CatBoost,ADHD,0.052904564315352696,0.1527777777777778,0.25907417520870857,0.8067801982480405
CatBoost,ADHD,0.052904564315352696,0.16666666666666666,0.25875726814748123,0.8067801982480405
CatBoost,ADHD,0.054979253112033194,0.16666666666666666,0.25642617617767016,0.8067801982480405
CatBoost,ADHD,0.054979253112033194,0.18055555555555555,0.25581798849959847,0.8067801982480405
CatBoost,ADHD,0.06275933609958506,0.18055555555555555,0.2457900211321246,0.8067801982480405
CatBoost,ADHD,0.06275933609958506,0.19444444444444445,0.24567897943572786,0.8067801982480405
CatBoost,ADHD,0.06846473029045644,0.19444444444444445,0.23724724148297427,0.8067801982480405
CatBoost,ADHD,0.06846473029045644,0.20833333333333334,0.23590708496333285,0.8067801982480405
CatBoost,ADHD,0.0741701244813278,0.20833333333333334,0.23232141908285048,0.8067801982480405
CatBoost,ADHD,0.0741701244813278,0.2361111111111111,0.23106340775845216,0.8067801982480405
CatBoost,ADHD,0.07572614107883817,0.2361111111111111,0.2295759585688634,0.8067801982480405
CatBoost,ADHD,0.07572614107883817,0.25,0.22814856766306285,0.8067801982480405
CatBoost,ADHD,0.09439834024896265,0.25,0.21224149026780842,0.8067801982480405
CatBoost,ADHD,0.09439834024896265,0.2638888888888889,0.21164341780352483,0.8067801982480405
CatBoost,ADHD,0.1016597510373444,0.2638888888888889,0.20673888735415008,0.8067801982480405
CatBoost,ADHD,0.1016597510373444,0.2777777777777778,0.20671236124586517,0.8067801982480405
CatBoost,ADHD,0.10269709543568464,0.2777777777777778,0.20616143403819562,0.8067801982480405
CatBoost,ADHD,0.10269709543568464,0.2916666666666667,0.20581022424845472,0.8067801982480405
CatBoost,ADHD,0.1078838174273859,0.2916666666666667,0.19790738148636647,0.8067801982480405
CatBoost,ADHD,0.1078838174273859,0.3055555555555556,0.1974193780086965,0.8067801982480405
CatBoost,ADHD,0.11670124481327801,0.3055555555555556,0.18984864306107085,0.8067801982480405
CatBoost,ADHD,0.11670124481327801,0.3194444444444444,0.18971950050916725,0.8067801982480405
CatBoost,ADHD,0.12033195020746888,0.3194444444444444,0.1877574620819214,0.8067801982480405
CatBoost,ADHD,0.12033195020746888,0.3333333333333333,0.18743639719180788,0.8067801982480405
CatBoost,ADHD,0.12551867219917012,0.3333333333333333,0.18131867545487979,0.8067801982480405
CatBoost,ADHD,0.12551867219917012,0.3472222222222222,0.17983085172681104,0.8067801982480405
CatBoost,ADHD,0.13278008298755187,0.3472222222222222,0.17509092045307303,0.8067801982480405
CatBoost,ADHD,0.13278008298755187,0.3611111111111111,0.1750177647847273,0.8067801982480405
CatBoost,ADHD,0.14159751037344398,0.3611111111111111,0.16941963718782632,0.8067801982480405
CatBoost,ADHD,0.14159751037344398,0.375,0.16889747538588387,0.8067801982480405
CatBoost,ADHD,0.1441908713692946,0.375,0.1670832186324181,0.8067801982480405
CatBoost,ADHD,0.1441908713692946,0.4027777777777778,0.1662272705642211,0.8067801982480405
CatBoost,ADHD,0.14678423236514523,0.4027777777777778,0.16418908099531637,0.8067801982480405
CatBoost,ADHD,0.14678423236514523,0.4166666666666667,0.1618693765338133,0.8067801982480405
CatBoost,ADHD,0.14730290456431536,0.4166666666666667,0.16143326251595608,0.8067801982480405
CatBoost,ADHD,0.14730290456431536,0.4444444444444444,0.16074579896161262,0.8067801982480405
CatBoost,ADHD,0.16390041493775934,0.4444444444444444,0.14684656553273548,0.8067801982480405
CatBoost,ADHD,0.16390041493775934,0.4722222222222222,0.1447333950310188,0.8067801982480405
CatBoost,ADHD,0.1825726141078838,0.4722222222222222,0.13494393681327377,0.8067801982480405
CatBoost,ADHD,0.1825726141078838,0.4861111111111111,0.13407480742115013,0.8067801982480405
CatBoost,ADHD,0.18464730290456433,0.4861111111111111,0.13213705909260687,0.8067801982480405
CatBoost,ADHD,0.18464730290456433,0.5,0.1318411014308079,0.8067801982480405
CatBoost,ADHD,0.18827800829875518,0.5,0.13023526430652893,0.8067801982480405
CatBoost,ADHD,0.18827800829875518,0.5138888888888888,0.1299632439466285,0.8067801982480405
CatBoost,ADHD,0.19294605809128632,0.5138888888888888,0.1283430577235148,0.8067801982480405
CatBoost,ADHD,0.19294605809128632,0.5277777777777778,0.12811552253311664,0.8067801982480405
CatBoost,ADHD,0.19346473029045644,0.5277777777777778,0.1272467487077986,0.8067801982480405
CatBoost,ADHD,0.19346473029045644,0.5416666666666666,0.12671324964033748,0.8067801982480405
CatBoost,ADHD,0.19968879668049794,0.5416666666666666,0.12301369969377157,0.8067801982480405
CatBoost,ADHD,0.19968879668049794,0.5555555555555556,0.12156252287404604,0.8067801982480405
CatBoost,ADHD,0.2033195020746888,0.5555555555555556,0.12045699016652493,0.8067801982480405
CatBoost,ADHD,0.2033195020746888,0.5833333333333334,0.12020858277785443,0.8067801982480405
CatBoost,ADHD,0.2059128630705394,0.5833333333333334,0.11777529189461794,0.8067801982480405
CatBoost,ADHD,0.2059128630705394,0.5972222222222222,0.117503855138539,0.8067801982480405
CatBoost,ADHD,0.20902489626556017,0.5972222222222222,0.11500994856480495,0.8067801982480405
CatBoost,ADHD,0.20902489626556017,0.625,0.11464308454480807,0.8067801982480405
CatBoost,ADHD,0.237551867219917,0.625,0.09861317486246425,0.8067801982480405
CatBoost,ADHD,0.237551867219917,0.6527777777777778,0.09790790871464679,0.8067801982480405
CatBoost,ADHD,0.24066390041493776,0.6527777777777778,0.09580662600346347,0.8067801982480405
CatBoost,ADHD,0.24066390041493776,0.6666666666666666,0.09454093498603817,0.8067801982480405
CatBoost,ADHD,0.24273858921161826,0.6666666666666666,0.093799365782082,0.8067801982480405
CatBoost,ADHD,0.24273858921161826,0.6805555555555556,0.09333643668174334,0.8067801982480405
CatBoost,ADHD,0.24636929460580914,0.6805555555555556,0.08941702853186784,0.8067801982480405
CatBoost,ADHD,0.24636929460580914,0.6944444444444444,0.08918115623656057,0.8067801982480405
CatBoost,ADHD,0.2479253112033195,0.6944444444444444,0.08830548255352665,0.8067801982480405
CatBoost,ADHD,0.2479253112033195,0.7083333333333334,0.08829084154410895,0.8067801982480405
CatBoost,ADHD,0.2520746887966805,0.7083333333333334,0.08633771100061491,0.8067801982480405
CatBoost,ADHD,0.2520746887966805,0.7361111111111112,0.08458298163706797,0.8067801982480405
CatBoost,ADHD,0.26141078838174275,0.7361111111111112,0.07816439116328848,0.8067801982480405
CatBoost,ADHD,0.26141078838174275,0.75,0.07753457453891108,0.8067801982480405
CatBoost,ADHD,0.2645228215767635,0.75,0.07452309703722607,0.8067801982480405
CatBoost,ADHD,0.2645228215767635,0.7638888888888888,0.07448601076896257,0.8067801982480405
CatBoost,ADHD,0.26607883817427386,0.7638888888888888,0.07324932257520661,0.8067801982480405
CatBoost,ADHD,0.26607883817427386,0.7777777777777778,0.07270984863992808,0.8067801982480405
CatBoost,ADHD,0.2697095435684647,0.7777777777777778,0.07004676589057224,0.8067801982480405
CatBoost,ADHD,0.2697095435684647,0.7916666666666666,0.06992228575675792,0.8067801982480405
CatBoost,ADHD,0.28060165975103735,0.7916666666666666,0.06360749008917546,0.8067801982480405
CatBoost,ADHD,0.28060165975103735,0.8055555555555556,0.06355882798797438,0.8067801982480405
CatBoost,ADHD,0.2821576763485477,0.8055555555555556,0.06256194987892258,0.8067801982480405
CatBoost,ADHD,0.2821576763485477,0.8194444444444444,0.061947675050007714,0.8067801982480405
CatBoost,ADHD,0.2992738589211618,0.8194444444444444,0.05435778575987427,0.8067801982480405
CatBoost,ADHD,0.2992738589211618,0.8333333333333334,0.05408555438588987,0.8067801982480405
CatBoost,ADHD,0.30031120331950206,0.8333333333333334,0.053649597921920866,0.8067801982480405
CatBoost,ADHD,0.30031120331950206,0.8472222222222222,0.05362725734713536,0.8067801982480405
CatBoost,ADHD,0.3008298755186722,0.8472222222222222,0.05332037714697106,0.8067801982480405
CatBoost,ADHD,0.3008298755186722,0.8611111111111112,0.05323456949362612,0.8067801982480405
CatBoost,ADHD,0.3065352697095436,0.8611111111111112,0.05112214380802305,0.8067801982480405
CatBoost,ADHD,0.3065352697095436,0.875,0.05103458025660264,0.8067801982480405
CatBoost,ADHD,0.3070539419087137,0.875,0.050956921215295034,0.8067801982480405
CatBoost,ADHD,0.3070539419087137,0.8888888888888888,0.050867361940396455,0.8067801982480405
CatBoost,ADHD,0.32935684647302904,0.8888888888888888,0.042271497353819056,0.8067801982480405
CatBoost,ADHD,0.32935684647302904,0.9027777777777778,0.0422320163522656,0.8067801982480405
CatBoost,ADHD,0.3366182572614108,0.9027777777777778,0.03950036101671078,0.8067801982480405
CatBoost,ADHD,0.3366182572614108,0.9166666666666666,0.03944882409128769,0.8067801982480405
CatBoost,ADHD,0.33713692946058094,0.9166666666666666,0.03937678652257779,0.8067801982480405
CatBoost,ADHD,0.33713692946058094,0.9305555555555556,0.039238898447220706,0.8067801982480405
CatBoost,ADHD,0.38589211618257263,0.9305555555555556,0.02708456907010598,0.8067801982480405
CatBoost,ADHD,0.38589211618257263,0.9444444444444444,0.026898969260546104,0.8067801982480405
CatBoost,ADHD,0.4683609958506224,0.9444444444444444,0.01798136430049266,0.8067801982480405
CatBoost,ADHD,0.4683609958506224,0.9583333333333334,0.017949203569512243,0.8067801982480405
CatBoost,ADHD,0.625,0.9583333333333334,0.010312665801366194,0.8067801982480405
CatBoost,ADHD,0.625,0.9722222222222222,0.010299042218774255,0.8067801982480405
CatBoost,ADHD,0.6384854771784232,0.9722222222222222,0.009754938914713948,0.8067801982480405
CatBoost,ADHD,0.6384854771784232,0.9861111111111112,0.009738528326029889,0.8067801982480405
CatBoost,ADHD,0.6696058091286307,0.9861111111111112,0.008496130562404383,0.8067801982480405
CatBoost,ADHD,0.6696058091286307,1.0,0.008447721131587654,0.8067801982480405
CatBoost,ADHD,1.0,1.0,3.343205730428945e-05,0.8067801982480405
CatBoost,Anxiety_Stress,0.0,0.0,inf,0.9524222010713693
CatBoost,Anxiety_Stress,0.0,0.0008123476848090983,0.9953472632515142,0.9524222010713693
CatBoost,Anxiety_Stress,0.0,0.25426482534524775,0.9733322853102742,0.9524222010713693
CatBoost,Anxiety_Stress,0.0013003901170351106,0.25426482534524775,0.9732642827345402,0.9524222010713693
CatBoost,Anxiety_Stress,0.0013003901170351106,0.3192526401299756,0.9697996647046832,0.9524222010713693
CatBoost,Anxiety_Stress,0.002600780234070221,0.3192526401299756,0.9697856494336311,0.9524222010713693
CatBoost,Anxiety_Stress,0.002600780234070221,0.3257514216084484,0.9693626430189877,0.9524222010713693
CatBoost,Anxiety_Stress,0.0039011703511053317,0.3257514216084484,0.969324842946658,0.9524222010713693
CatBoost,Anxiety_Stress,0.0039011703511053317,0.3298131600324939,0.9691495699926618,0.9524222010713693
CatBoost,Anxiety_Stress,0.005201560468140442,0.3298131600324939,0.9691322791537132,0.9524222010713693
CatBoost,Anxiety_Stress,0.005201560468140442,0.3428107229894395,0.9681693081130683,0.9524222010713693
CatBoost,Anxiety_Stress,0.006501950585175552,0.3428107229894395,0.9681661445033946,0.9524222010713693
CatBoost,Anxiety_Stress,0.006501950585175552,0.40048740861088544,0.9632995363468633,0.9524222010713693
CatBoost,Anxiety_Stress,0.007802340702210663,0.40048740861088544,0.9631245981809231,0.9524222010713693
CatBoost,Anxiety_Stress,0.007802340702210663,0.4614134849715678,0.95630136671696,0.9524222010713693
CatBoost,Anxiety_Stress,0.009102730819245773,0.4614134849715678,0.9562845698059047,0.9524222010713693
CatBoost,Anxiety_Stress,0.009102730819245773,0.46303818034118605,0.9561054213075381,0.9524222010713693
CatBoost,Anxiety_Stress,0.010403120936280884,0.46303818034118605,0.9556648679617344,0.9524222010713693
CatBoost,Anxiety_Stress,0.010403120936280884,0.4760357432981316,0.9532552530345247,0.9524222010713693
CatBoost,Anxiety_Stress,0.011703511053315995,0.4760357432981316,0.9530923331276382,0.9524222010713693
CatBoost,Anxiety_Stress,0.011703511053315995,0.4841592201462226,0.9508050115467821,0.9524222010713693
CatBoost,Anxiety_Stress,0.013003901170351105,0.4841592201462226,0.9500120687501716,0.9524222010713693
CatBoost,Anxiety_Stress,0.013003901170351105,0.5085296506904955,0.944289398510045,0.9524222010713693
CatBoost,Anxiety_Stress,0.014304291287386216,0.5085296506904955,0.943813745180497,0.9524222010713693
CatBoost,Anxiety_Stress,0.014304291287386216,0.5353371242891958,0.9331931664742585,0.9524222010713693
CatBoost,Anxiety_Stress,0.015604681404421327,0.5353371242891958,0.9331525195734045,0.9524222010713693
CatBoost,Anxiety_Stress,0.015604681404421327,0.554021121039805,0.9230587779558932,0.9524222010713693
CatBoost,Anxiety_Stress,0.016905071521456438,0.554021121039805,0.9229440787574716,0.9524222010713693
CatBoost,Anxiety_Stress,0.016905071521456438,0.5686433793663688,0.9120407327480837,0.9524222010713693
CatBoost,Anxiety_Stress,0.018205461638491547,0.5686433793663688,0.9119774747255242,0.9524222010713693
CatBoost,Anxiety_Stress,0.018205461638491547,0.570268074735987,0.911279619305401,0.9524222010713693
CatBoost,Anxiety_Stress,0.01950585175552666,0.570268074735987,0.9105386015823451,0.9524222010713693
CatBoost,Anxiety_Stress,0.01950585175552666,0.5767668562144598,0.9074867782896398,0.9524222010713693
CatBoost,Anxiety_Stress,0.02340702210663199,0.5767668562144598,0.9020688819302078,0.9524222010713693
CatBoost,Anxiety_Stress,0.02340702210663199,0.5816409423233144,0.8965879763262637,0.9524222010713693
CatBoost,Anxiety_Stress,0.0247074122236671,0.5816409423233144,0.8951837015537529,0.9524222010713693
CatBoost,Anxiety_Stress,0.0247074122236671,0.5840779853777417,0.8916141031085748,0.9524222010713693
CatBoost,Anxiety_Stress,0.02600780234070221,0.5840779853777417,0.891507883579002,0.9524222010713693
CatBoost,Anxiety_Stress,0.02600780234070221,0.5889520714865962,0.8820619655573886,0.9524222010713693
CatBoost,Anxiety_Stress,0.027308192457737322,0.5889520714865962,0.8818221945272363,0.9524222010713693
CatBoost,Anxiety_Stress,0.027308192457737322,0.5905767668562144,0.875715121215259,0.9524222010713693
CatBoost,Anxiety_Stress,0.02860858257477243,0.5905767668562144,0.8727406303311342,0.9524222010713693
CatBoost,Anxiety_Stress,0.02860858257477243,0.5930138099106418,0.8683070335589183,0.9524222010713693
CatBoost,Anxiety_Stress,0.02990897269180754,0.5930138099106418,0.8674798515230168,0.9524222010713693
CatBoost,Anxiety_Stress,0.02990897269180754,0.5978878960194963,0.8582454448995813,0.9524222010713693
CatBoost,Anxiety_Stress,0.031209362808842653,0.5978878960194963,0.8582266662350824,0.9524222010713693
CatBoost,Anxiety_Stress,0.031209362808842653,0.6043866774979691,0.846562857415806,0.9524222010713693
CatBoost,Anxiety_Stress,0.032509752925877766,0.6043866774979691,0.8459572703351784,0.9524222010713693
CatBoost,Anxiety_Stress,0.032509752925877766,0.6084484159220146,0.8434782438928847,0.9524222010713693
CatBoost,Anxiety_Stress,0.033810143042912875,0.6084484159220146,0.8416214706849171,0.9524222010713693
CatBoost,Anxiety_Stress,0.033810143042912875,0.6116978066612511,0.8384866654929415,0.9524222010713693
CatBoost,Anxiety_Stress,0.036410923276983094,0.6116978066612511,0.8371000261249056,0.9524222010713693
CatBoost,Anxiety_Stress,0.036410923276983094,0.6190089358245329,0.8299362198957796,0.9524222010713693
CatBoost,Anxiety_Stress,0.0377113133940182,0.6190089358245329,0.8298416599544272,0.9524222010713693
CatBoost,Anxiety_Stress,0.0377113133940182,0.6246953696181966,0.8271047838421364,0.9524222010713693
CatBoost,Anxiety_Stress,0.03901170351105332,0.6246953696181966,0.8260955728203974,0.9524222010713693
CatBoost,Anxiety_Stress,0.03901170351105332,0.6255077173030057,0.8258066007871706,0.9524222010713693
CatBoost,Anxiety_Stress,0.04031209362808843,0.6255077173030057,0.824850376263464,0.9524222010713693
CatBoost,Anxiety_Stress,0.04031209362808843,0.6328188464662876,0.8191124403498257,0.9524222010713693
CatBoost,Anxiety_Stress,0.04161248374512354,0.6328188464662876,0.8164648483069898,0.9524222010713693
CatBoost,Anxiety_Stress,0.04161248374512354,0.6368805848903331,0.8126368686426881,0.9524222010713693
CatBoost,Anxiety_Stress,0.04291287386215865,0.6368805848903331,0.8125353038436313,0.9524222010713693
CatBoost,Anxiety_Stress,0.04291287386215865,0.6385052802599512,0.8108643010845618,0.9524222010713693
CatBoost,Anxiety_Stress,0.044213263979193757,0.6385052802599512,0.8101848674394798,0.9524222010713693
CatBoost,Anxiety_Stress,0.044213263979193757,0.6393176279447603,0.8089508776207182,0.9524222010713693
CatBoost,Anxiety_Stress,0.045513654096228866,0.6393176279447603,0.808186203719214,0.9524222010713693
CatBoost,Anxiety_Stress,0.045513654096228866,0.6433793663688059,0.8028544898384022,0.9524222010713693
CatBoost,Anxiety_Stress,0.04681404421326398,0.6433793663688059,0.8028318930949958,0.9524222010713693
CatBoost,Anxiety_Stress,0.04681404421326398,0.6450040617384241,0.801430202114477,0.9524222010713693
CatBoost,Anxiety_Stress,0.04811443433029909,0.6450040617384241,0.8013203520530031,0.9524222010713693
CatBoost,Anxiety_Stress,0.04811443433029909,0.6482534524776604,0.7994352147679347,0.9524222010713693
CatBoost,Anxiety_Stress,0.0494148244473342,0.6482534524776604,0.7990851561108864,0.9524222010713693
CatBoost,Anxiety_Stress,0.0494148244473342,0.6498781478472786,0.7981634919147741,0.9524222010713693
CatBoost,Anxiety_Stress,0.05071521456436931,0.6498781478472786,0.7976114497930024,0.9524222010713693
CatBoost,Anxiety_Stress,0.05071521456436931,0.652315190901706,0.7973200021681378,0.9524222010713693
CatBoost,Anxiety_Stress,0.05201560468140442,0.652315190901706,0.7959893582187687,0.9524222010713693
CatBoost,Anxiety_Stress,0.05201560468140442,0.6636880584890333,0.7879917096820407,0.9524222010713693
CatBoost,Anxiety_Stress,0.054616384915474644,0.6636880584890333,0.7859665098898124,0.9524222010713693
CatBoost,Anxiety_Stress,0.054616384915474644,0.6677497969130788,0.7840127648572517,0.9524222010713693
CatBoost,Anxiety_Stress,0.05721716514954486,0.6677497969130788,0.78381124681451,0.9524222010713693
CatBoost,Anxiety_Stress,0.05721716514954486,0.6758732737611698,0.7803011269559275,0.9524222010713693
CatBoost,Anxiety_Stress,0.05851755526657997,0.6758732737611698,0.7798049206374728,0.9524222010713693
CatBoost,Anxiety_Stress,0.05851755526657997,0.6766856214459789,0.7797867674435044,0.9524222010713693
CatBoost,Anxiety_Stress,0.0611183355006502,0.6766856214459789,0.7796079950446619,0.9524222010713693
CatBoost,Anxiety_Stress,0.0611183355006502,0.6807473598700243,0.7759216500429026,0.9524222010713693
CatBoost,Anxiety_Stress,0.06241872561768531,0.6807473598700243,0.7758487023224173,0.9524222010713693
CatBoost,Anxiety_Stress,0.06241872561768531,0.6831844029244517,0.773916213595591,0.9524222010713693
CatBoost,Anxiety_Stress,0.06371911573472042,0.6831844029244517,0.7730272337861338,0.9524222010713693
CatBoost,Anxiety_Stress,0.06371911573472042,0.7018683996750609,0.7612820907918812,0.9524222010713693
CatBoost,Anxiety_Stress,0.06501950585175553,0.7018683996750609,0.7611948947017626,0.9524222010713693
CatBoost,Anxiety_Stress,0.06501950585175553,0.7043054427294883,0.7606375485445716,0.9524222010713693
CatBoost,Anxiety_Stress,0.06631989596879063,0.7043054427294883,0.7600797378706093,0.9524222010713693
CatBoost,Anxiety_Stress,0.06631989596879063,0.7051177904142973,0.7598851054635264,0.9524222010713693
CatBoost,Anxiety_Stress,0.06892067620286085,0.7051177904142973,0.7586042474874153,0.9524222010713693
CatBoost,Anxiety_Stress,0.06892067620286085,0.7075548334687246,0.7575655050229212,0.9524222010713693
CatBoost,Anxiety_Stress,0.07022106631989597,0.7075548334687246,0.7573087259387623,0.9524222010713693
CatBoost,Anxiety_Stress,0.07022106631989597,0.7173030056864338,0.7531472253440663,0.9524222010713693
CatBoost,Anxiety_Stress,0.07152145643693109,0.7173030056864338,0.7528226269238412,0.9524222010713693
CatBoost,Anxiety_Stress,0.07152145643693109,0.718927701056052,0.7506450818954921,0.9524222010713693
CatBoost,Anxiety_Stress,0.07282184655396619,0.718927701056052,0.7503573797150681,0.9524222010713693
CatBoost,Anxiety_Stress,0.07282184655396619,0.7229894394800975,0.7494139031714756,0.9524222010713693
CatBoost,Anxiety_Stress,0.0741222366710013,0.7229894394800975,0.749277528556172,0.9524222010713693
CatBoost,Anxiety_Stress,0.0741222366710013,0.7335499593826158,0.7438240402850864,0.9524222010713693
CatBoost,Anxiety_Stress,0.0754226267880364,0.7335499593826158,0.7434954308487723,0.9524222010713693
CatBoost,Anxiety_Stress,0.0754226267880364,0.7343623070674249,0.7431144383271038,0.9524222010713693
CatBoost,Anxiety_Stress,0.07672301690507152,0.7343623070674249,0.7422109744914782,0.9524222010713693
CatBoost,Anxiety_Stress,0.07672301690507152,0.7359870024370431,0.7385925876800381,0.9524222010713693
CatBoost,Anxiety_Stress,0.07802340702210664,0.7359870024370431,0.7385298669731627,0.9524222010713693
CatBoost,Anxiety_Stress,0.07802340702210664,0.7392363931762794,0.7366290579887673,0.9524222010713693
CatBoost,Anxiety_Stress,0.07932379713914174,0.7392363931762794,0.7350430120601512,0.9524222010713693
CatBoost,Anxiety_Stress,0.07932379713914174,0.7449228269699432,0.7326577016859853,0.9524222010713693
CatBoost,Anxiety_Stress,0.08062418725617686,0.7449228269699432,0.7321871964736958,0.9524222010713693
CatBoost,Anxiety_Stress,0.08062418725617686,0.7457351746547523,0.731109030834559,0.9524222010713693
CatBoost,Anxiety_Stress,0.08192457737321196,0.7457351746547523,0.7310649357085868,0.9524222010713693
CatBoost,Anxiety_Stress,0.08192457737321196,0.7465475223395613,0.7309694702171414,0.9524222010713693
CatBoost,Anxiety_Stress,0.08322496749024708,0.7465475223395613,0.730718662109166,0.9524222010713693
CatBoost,Anxiety_Stress,0.08322496749024708,0.7514216084484159,0.7288006419561277,0.9524222010713693
CatBoost,Anxiety_Stress,0.08452535760728218,0.7514216084484159,0.7287502725326833,0.9524222010713693
CatBoost,Anxiety_Stress,0.08452535760728218,0.7579203899268887,0.7236517887542429,0.9524222010713693
CatBoost,Anxiety_Stress,0.0858257477243173,0.7579203899268887,0.7235577435894756,0.9524222010713693
CatBoost,Anxiety_Stress,0.0858257477243173,0.7595450852965069,0.7192028371564249,0.9524222010713693
CatBoost,Anxiety_Stress,0.08712613784135241,0.7595450852965069,0.7189480756928592,0.9524222010713693
CatBoost,Anxiety_Stress,0.08712613784135241,0.7636068237205524,0.7162848834453543,0.9524222010713693
CatBoost,Anxiety_Stress,0.08842652795838751,0.7636068237205524,0.7149318001461527,0.9524222010713693
CatBoost,Anxiety_Stress,0.08842652795838751,0.7644191714053615,0.7139389066368864,0.9524222010713693
CatBoost,Anxiety_Stress,0.08972691807542263,0.7644191714053615,0.7125849829058104,0.9524222010713693
CatBoost,Anxiety_Stress,0.08972691807542263,0.7717303005686433,0.705105359086792,0.9524222010713693
CatBoost,Anxiety_Stress,0.09102730819245773,0.7717303005686433,0.7043399846796342,0.9524222010713693
CatBoost,Anxiety_Stress,0.09102730819245773,0.7757920389926889,0.7000387401896339,0.9524222010713693
CatBoost,Anxiety_Stress,0.09232769830949285,0.7757920389926889,0.6988215860617967,0.9524222010713693
CatBoost,Anxiety_Stress,0.09232769830949285,0.7863525588952072,0.6955066085607033,0.9524222010713693
CatBoost,Anxiety_Stress,0.09492847854356307,0.7863525588952072,0.6943861095137644,0.9524222010713693
CatBoost,Anxiety_Stress,0.09492847854356307,0.7871649065800163,0.6941433811766584,0.9524222010713693
CatBoost,Anxiety_Stress,0.09622886866059818,0.7871649065800163,0.6934736607725669,0.9524222010713693
CatBoost,Anxiety_Stress,0.09622886866059818,0.7904142973192526,0.692467357494158,0.9524222010713693
CatBoost,Anxiety_Stress,0.09752925877763328,0.7904142973192526,0.6920504891903388,0.9524222010713693
CatBoost,Anxiety_Stress,0.09752925877763328,0.7928513403736799,0.6902956580651514,0.9524222010713693
CatBoost,Anxiety_Stress,0.0988296488946684,0.7928513403736799,0.6896911695327381,0.9524222010713693
CatBoost,Anxiety_Stress,0.0988296488946684,0.8042242079610074,0.6828823254829114,0.9524222010713693
CatBoost,Anxiety_Stress,0.10013003901170352,0.8042242079610074,0.6826361886189989,0.9524222010713693
CatBoost,Anxiety_Stress,0.10013003901170352,0.8050365556458164,0.6825820049456559,0.9524222010713693
CatBoost,Anxiety_Stress,0.10143042912873862,0.8050365556458164,0.6814198824695804,0.9524222010713693
CatBoost,Anxiety_Stress,0.10143042912873862,0.8074735987002437,0.6807373328127152,0.9524222010713693
CatBoost,Anxiety_Stress,0.10273081924577374,0.8074735987002437,0.680700557685303,0.9524222010713693
CatBoost,Anxiety_Stress,0.10273081924577374,0.8115353371242892,0.6790066442269534,0.9524222010713693
CatBoost,Anxiety_Stress,0.10403120936280884,0.8115353371242892,0.6777913413424018,0.9524222010713693
CatBoost,Anxiety_Stress,0.10403120936280884,0.8147847278635256,0.6766578386349525,0.9524222010713693
CatBoost,Anxiety_Stress,0.10533159947984395,0.8147847278635256,0.6758395102118849,0.9524222010713693
CatBoost,Anxiety_Stress,0.10533159947984395,0.8155970755483347,0.6758306730834558,0.9524222010713693
CatBoost,Anxiety_Stress,0.10793237971391417,0.8155970755483347,0.675556412880032,0.9524222010713693
CatBoost,Anxiety_Stress,0.10793237971391417,0.8212835093419983,0.6712264267142592,0.9524222010713693
CatBoost,Anxiety_Stress,0.10923276983094929,0.8212835093419983,0.6712135230443793,0.9524222010713693
CatBoost,Anxiety_Stress,0.10923276983094929,0.8220958570268074,0.6702632100174818,0.9524222010713693
CatBoost,Anxiety_Stress,0.11183355006501951,0.8220958570268074,0.6682154816717004,0.9524222010713693
CatBoost,Anxiety_Stress,0.11183355006501951,0.8285946385052803,0.6636096488394677,0.9524222010713693
CatBoost,Anxiety_Stress,0.11443433029908973,0.8285946385052803,0.6630720030159107,0.9524222010713693
CatBoost,Anxiety_Stress,0.11443433029908973,0.8326563769293257,0.6603849725971929,0.9524222010713693
CatBoost,Anxiety_Stress,0.11573472041612484,0.8326563769293257,0.6600692860605424,0.9524222010713693
CatBoost,Anxiety_Stress,0.11573472041612484,0.834281072298944,0.6596518247333208,0.9524222010713693
CatBoost,Anxiety_Stress,0.11703511053315994,0.834281072298944,0.6585126375067928,0.9524222010713693
CatBoost,Anxiety_Stress,0.11703511053315994,0.8350934199837531,0.6582126731033325,0.9524222010713693
CatBoost,Anxiety_Stress,0.11963589076723016,0.8350934199837531,0.6562584347243127,0.9524222010713693
CatBoost,Anxiety_Stress,0.11963589076723016,0.8415922014622258,0.6527443009557675,0.9524222010713693
CatBoost,Anxiety_Stress,0.12093628088426528,0.8415922014622258,0.651673107033277,0.9524222010713693
CatBoost,Anxiety_Stress,0.12093628088426528,0.8521527213647441,0.6458791096883522,0.9524222010713693
CatBoost,Anxiety_Stress,0.1222366710013004,0.8521527213647441,0.6457571079944499,0.9524222010713693
CatBoost,Anxiety_Stress,0.1222366710013004,0.8643379366368806,0.6344657574753874,0.9524222010713693
CatBoost,Anxiety_Stress,0.1235370611183355,0.8643379366368806,0.6342599870382263,0.9524222010713693
CatBoost,Anxiety_Stress,0.1235370611183355,0.8683996750609261,0.6307399659975633,0.9524222010713693
CatBoost,Anxiety_Stress,0.12613784135240572,0.8683996750609261,0.6298544459856674,0.9524222010713693
CatBoost,Anxiety_Stress,0.12613784135240572,0.8692120227457352,0.6296021382213582,0.9524222010713693
CatBoost,Anxiety_Stress,0.12873862158647595,0.8692120227457352,0.6273859231477792,0.9524222010713693
CatBoost,Anxiety_Stress,0.12873862158647595,0.8740861088545898,0.6206026477266904,0.9524222010713693
CatBoost,Anxiety_Stress,0.13133940182054615,0.8740861088545898,0.6184150303713056,0.9524222010713693
CatBoost,Anxiety_Stress,0.13133940182054615,0.8773354995938262,0.6176267353963196,0.9524222010713693
CatBoost,Anxiety_Stress,0.13263979193758127,0.8773354995938262,0.6170773989101423,0.9524222010713693
CatBoost,Anxiety_Stress,0.13263979193758127,0.8846466287571081,0.6108154499247396,0.9524222010713693
CatBoost,Anxiety_Stress,0.13394018205461639,0.8846466287571081,0.6094591834833982,0.9524222010713693
CatBoost,Anxiety_Stress,0.13394018205461639,0.8903330625507717,0.6047963200096604,0.9524222010713693
CatBoost,Anxiety_Stress,0.1352405721716515,0.8903330625507717,0.604252933855513,0.9524222010713693
CatBoost,Anxiety_Stress,0.1352405721716515,0.8919577579203899,0.6033341295975747,0.9524222010713693
CatBoost,Anxiety_Stress,0.13654096228868662,0.8919577579203899,0.6030331815367985,0.9524222010713693
CatBoost,Anxiety_Stress,0.13654096228868662,0.8952071486596264,0.6017019644448742,0.9524222010713693
CatBoost,Anxiety_Stress,0.1378413524057217,0.8952071486596264,0.6013322293810183,0.9524222010713693
CatBoost,Anxiety_Stress,0.1378413524057217,0.8968318440292445,0.599119807268235,0.9524222010713693
CatBoost,Anxiety_Stress,0.13914174252275682,0.8968318440292445,0.5990985741955709,0.9524222010713693
CatBoost,Anxiety_Stress,0.13914174252275682,0.8976441917140536,0.5989054598046109,0.9524222010713693
CatBoost,Anxiety_Stress,0.14044213263979194,0.8976441917140536,0.598445212421067,0.9524222010713693
CatBoost,Anxiety_Stress,0.14044213263979194,0.8984565393988627,0.5980286205743506,0.9524222010713693
CatBoost,Anxiety_Stress,0.14174252275682706,0.8984565393988627,0.5976043486256539,0.9524222010713693
CatBoost,Anxiety_Stress,0.14174252275682706,0.9025182778229082,0.593753511310781,0.9524222010713693
CatBoost,Anxiety_Stress,0.14434330299089726,0.9025182778229082,0.5919364511772368,0.9524222010713693
CatBoost,Anxiety_Stress,0.14434330299089726,0.9033306255077173,0.5913037694890735,0.9524222010713693
CatBoost,Anxiety_Stress,0.14564369310793238,0.9033306255077173,0.5909163302566963,0.9524222010713693
CatBoost,Anxiety_Stress,0.14564369310793238,0.9049553208773355,0.5901132463759879,0.9524222010713693
CatBoost,Anxiety_Stress,0.1482444733420026,0.9049553208773355,0.5895497555953677,0.9524222010713693
CatBoost,Anxiety_Stress,0.1482444733420026,0.9057676685621446,0.5894217579400709,0.9524222010713693
CatBoost,Anxiety_Stress,0.14954486345903772,0.9057676685621446,0.5883843355922854,0.9524222010713693
CatBoost,Anxiety_Stress,0.14954486345903772,0.9073923639317628,0.5863791875922255,0.9524222010713693
CatBoost,Anxiety_Stress,0.1508452535760728,0.9073923639317628,0.5863694956971158,0.9524222010713693
CatBoost,Anxiety_Stress,0.1508452535760728,0.9114541023558083,0.5793105229040661,0.9524222010713693
CatBoost,Anxiety_Stress,0.15214564369310793,0.9114541023558083,0.5765639025958834,0.9524222010713693
CatBoost,Anxiety_Stress,0.15214564369310793,0.9122664500406173,0.5754271503170786,0.9524222010713693
CatBoost,Anxiety_Stress,0.15344603381014305,0.9122664500406173,0.5739410495528438,0.9524222010713693
CatBoost,Anxiety_Stress,0.15344603381014305,0.9130787977254264,0.5711077118451383,0.9524222010713693
CatBoost,Anxiety_Stress,0.15474642392717816,0.9130787977254264,0.5708624329297687,0.9524222010713693
CatBoost,Anxiety_Stress,0.15474642392717816,0.9212022745735174,0.5514858884587077,0.9524222010713693
CatBoost,Anxiety_Stress,0.15604681404421328,0.9212022745735174,0.5504404592694869,0.9524222010713693
CatBoost,Anxiety_Stress,0.15604681404421328,0.9236393176279447,0.5404785650610633,0.9524222010713693
CatBoost,Anxiety_Stress,0.15864759427828348,0.9236393176279447,0.539833349025447,0.9524222010713693
CatBoost,Anxiety_Stress,0.15864759427828348,0.925264012997563,0.5389620017501827,0.9524222010713693
CatBoost,Anxiety_Stress,0.1599479843953186,0.925264012997563,0.5358390115760798,0.9524222010713693
CatBoost,Anxiety_Stress,0.1599479843953186,0.9309504467912266,0.522987402383979,0.9524222010713693
CatBoost,Anxiety_Stress,0.1625487646293888,0.9309504467912266,0.5224548767684817,0.9524222010713693
CatBoost,Anxiety_Stress,0.1625487646293888,0.9374492282696995,0.5110311878968049,0.9524222010713693
CatBoost,Anxiety_Stress,0.16384915474642392,0.9374492282696995,0.5101571499544633,0.9524222010713693
CatBoost,Anxiety_Stress,0.16384915474642392,0.9398862713241267,0.5074968326978588,0.9524222010713693
CatBoost,Anxiety_Stress,0.16514954486345904,0.9398862713241267,0.5074415601482215,0.9524222010713693
CatBoost,Anxiety_Stress,0.16514954486345904,0.9406986190089358,0.5067978483316181,0.9524222010713693
CatBoost,Anxiety_Stress,0.16775032509752927,0.9406986190089358,0.5018008858488102,0.9524222010713693
CatBoost,Anxiety_Stress,0.16775032509752927,0.942323314378554,0.49851355071182346,0.9524222010713693
CatBoost,Anxiety_Stress,0.16905071521456436,0.942323314378554,0.4969077753871899,0.9524222010713693
CatBoost,Anxiety_Stress,0.16905071521456436,0.9447603574329814,0.4950056541416278,0.9524222010713693
CatBoost,Anxiety_Stress,0.17035110533159947,0.9447603574329814,0.4942364045468525,0.9524222010713693
CatBoost,Anxiety_Stress,0.17035110533159947,0.9463850528025995,0.48845610080274393,0.9524222010713693
CatBoost,Anxiety_Stress,0.1716514954486346,0.9463850528025995,0.48603875729964424,0.9524222010713693
CatBoost,Anxiety_Stress,0.1716514954486346,0.9488220958570268,0.4799400624255148,0.9524222010713693
CatBoost,Anxiety_Stress,0.1729518855656697,0.9488220958570268,0.47707930157456,0.9524222010713693
CatBoost,Anxiety_Stress,0.1729518855656697,0.9496344435418359,0.4744274541917906,0.9524222010713693
CatBoost,Anxiety_Stress,0.1755526657997399,0.9496344435418359,0.4657248245702285,0.9524222010713693
CatBoost,Anxiety_Stress,0.1755526657997399,0.950446791226645,0.4608139535909856,0.9524222010713693
CatBoost,Anxiety_Stress,0.17685305591677503,0.950446791226645,0.458060950775609,0.9524222010713693
CatBoost,Anxiety_Stress,0.17685305591677503,0.9512591389114541,0.4580587540285734,0.9524222010713693
CatBoost,Anxiety_Stress,0.17815344603381014,0.9512591389114541,0.45778958340080905,0.9524222010713693
CatBoost,Anxiety_Stress,0.17815344603381014,0.9520714865962632,0.45710637550048494,0.9524222010713693
CatBoost,Anxiety_Stress,0.17945383615084526,0.9520714865962632,0.45378627652412795,0.9524222010713693
CatBoost,Anxiety_Stress,0.17945383615084526,0.9545085296506904,0.4422627802103271,0.9524222010713693
CatBoost,Anxiety_Stress,0.18205461638491546,0.9545085296506904,0.43735627004680955,0.9524222010713693
CatBoost,Anxiety_Stress,0.18205461638491546,0.958570268074736,0.4214430981509489,0.9524222010713693
CatBoost,Anxiety_Stress,0.1846553966189857,0.958570268074736,0.4188407225726725,0.9524222010713693
CatBoost,Anxiety_Stress,0.1846553966189857,0.9593826157595451,0.4132296743330413,0.9524222010713693
CatBoost,Anxiety_Stress,0.18725617685305593,0.9593826157595451,0.4095843519216017,0.9524222010713693
CatBoost,Anxiety_Stress,0.18725617685305593,0.9610073111291633,0.4030933653240026,0.9524222010713693
CatBoost,Anxiety_Stress,0.18985695708712613,0.9610073111291633,0.40102876498198037,0.9524222010713693
CatBoost,Anxiety_Stress,0.18985695708712613,0.9626320064987814,0.39748674849212706,0.9524222010713693
CatBoost,Anxiety_Stress,0.19115734720416125,0.9626320064987814,0.38935927467635134,0.9524222010713693
CatBoost,Anxiety_Stress,0.19115734720416125,0.9634443541835905,0.38705664341554047,0.9524222010713693
CatBoost,Anxiety_Stress,0.19245773732119636,0.9634443541835905,0.38421694169948123,0.9524222010713693
CatBoost,Anxiety_Stress,0.19245773732119636,0.966693744922827,0.3688754906287223,0.9524222010713693
CatBoost,Anxiety_Stress,0.19375812743823148,0.966693744922827,0.3660874204404073,0.9524222010713693
CatBoost,Anxiety_Stress,0.19375812743823148,0.9675060926076361,0.36606110470205017,0.9524222010713693
CatBoost,Anxiety_Stress,0.19505851755526657,0.9675060926076361,0.36030370518562926,0.9524222010713693
CatBoost,Anxiety_Stress,0.19505851755526657,0.9691307879772543,0.35500216002224794,0.9524222010713693
CatBoost,Anxiety_Stress,0.1976592977893368,0.9691307879772543,0.3438007815906941,0.9524222010713693
CatBoost,Anxiety_Stress,0.1976592977893368,0.9699431356620634,0.34082168744992464,0.9524222010713693
CatBoost,Anxiety_Stress,0.19895968790637192,0.9699431356620634,0.33268878619380154,0.9524222010713693
CatBoost,Anxiety_Stress,0.19895968790637192,0.9707554833468724,0.33259960863055527,0.9524222010713693
CatBoost,Anxiety_Stress,0.20416124837451236,0.9707554833468724,0.32676561568504575,0.9524222010713693
CatBoost,Anxiety_Stress,0.20416124837451236,0.9715678310316815,0.32312645563371395,0.9524222010713693
CatBoost,Anxiety_Stress,0.2067620286085826,0.9715678310316815,0.32029068027065144,0.9524222010713693
CatBoost,Anxiety_Stress,0.2067620286085826,0.9723801787164906,0.31202767922337926,0.9524222010713693
CatBoost,Anxiety_Stress,0.2093628088426528,0.9723801787164906,0.3096389982705438,0.9524222010713693
CatBoost,Anxiety_Stress,0.2093628088426528,0.9731925264012997,0.3009046489161595,0.9524222010713693
CatBoost,Anxiety_Stress,0.2106631989596879,0.9731925264012997,0.2987120479483104,0.9524222010713693
CatBoost,Anxiety_Stress,0.2106631989596879,0.9756295694557271,0.2896579935080391,0.9524222010713693
CatBoost,Anxiety_Stress,0.21586475942782835,0.9756295694557271,0.2710229653546192,0.9524222010713693
CatBoost,Anxiety_Stress,0.21586475942782835,0.9772542648253453,0.26868583812335184,0.9524222010713693
CatBoost,Anxiety_Stress,0.21716514954486346,0.9772542648253453,0.2674798216504259,0.9524222010713693
CatBoost,Anxiety_Stress,0.21716514954486346,0.9780666125101544,0.2661118197944609,0.9524222010713693
CatBoost,Anxiety_Stress,0.21846553966189858,0.9780666125101544,0.26462101005702093,0.9524222010713693
CatBoost,Anxiety_Stress,0.21846553966189858,0.9788789601949635,0.2617639961855789,0.9524222010713693
CatBoost,Anxiety_Stress,0.21976592977893367,0.9788789601949635,0.25803529524758323,0.9524222010713693
CatBoost,Anxiety_Stress,0.21976592977893367,0.9796913078797725,0.25654720392703845,0.9524222010713693
CatBoost,Anxiety_Stress,0.2223667100130039,0.9796913078797725,0.2535266095065484,0.9524222010713693
CatBoost,Anxiety_Stress,0.2223667100130039,0.9805036555645816,0.2484487710532772,0.9524222010713693
CatBoost,Anxiety_Stress,0.22626788036410922,0.9805036555645816,0.24168170671942632,0.9524222010713693
CatBoost,Anxiety_Stress,0.22626788036410922,0.9821283509341998,0.2379472882350614,0.9524222010713693
CatBoost,Anxiety_Stress,0.22756827048114434,0.9821283509341998,0.23079260266735638,0.9524222010713693
CatBoost,Anxiety_Stress,0.22756827048114434,0.983753046303818,0.21785480705564167,0.9524222010713693
CatBoost,Anxiety_Stress,0.23146944083224968,0.983753046303818,0.21182202856757537,0.9524222010713693
CatBoost,Anxiety_Stress,0.23146944083224968,0.9845653939886271,0.21006559075112255,0.9524222010713693
CatBoost,Anxiety_Stress,0.23276983094928477,0.9845653939886271,0.20873612345733578,0.9524222010713693
CatBoost,Anxiety_Stress,0.23276983094928477,0.9861900893582454,0.20701921436374573,0.9524222010713693
CatBoost,Anxiety_Stress,0.23667100130039012,0.9861900893582454,0.19508639248981616,0.9524222010713693
CatBoost,Anxiety_Stress,0.23667100130039012,0.9870024370430545,0.19188366649125826,0.9524222010713693
CatBoost,Anxiety_Stress,0.25227568270481143,0.9870024370430545,0.16357400112936318,0.9524222010713693
CatBoost,Anxiety_Stress,0.25227568270481143,0.9886271324126726,0.1620916147557074,0.9524222010713693
CatBoost,Anxiety_Stress,0.2535760728218466,0.9886271324126726,0.15999558211721487,0.9524222010713693
CatBoost,Anxiety_Stress,0.2535760728218466,0.9894394800974817,0.1584448433890743,0.9524222010713693
CatBoost,Anxiety_Stress,0.25617685305591675,0.9894394800974817,0.144230724628178,0.9524222010713693
CatBoost,Anxiety_Stress,0.25617685305591675,0.9902518277822908,0.1419597346776413,0.9524222010713693
CatBoost,Anxiety_Stress,0.2574772431729519,0.9902518277822908,0.13943190614724219,0.9524222010713693
CatBoost,Anxiety_Stress,0.2574772431729519,0.991876523151909,0.13736608414367416,0.9524222010713693
CatBoost,Anxiety_Stress,0.258777633289987,0.991876523151909,0.13311072674350863,0.9524222010713693
CatBoost,Anxiety_Stress,0.258777633289987,0.9926888708367181,0.13184419155684618,0.9524222010713693
CatBoost,Anxiety_Stress,0.27308192457737324,0.9926888708367181,0.11897221425207263,0.9524222010713693
CatBoost,Anxiety_Stress,0.27308192457737324,0.9943135662063363,0.11806308764978031,0.9524222010713693
CatBoost,Anxiety_Stress,0.27698309492847856,0.9943135662063363,0.11674042553955274,0.9524222010713693
CatBoost,Anxiety_Stress,0.27698309492847856,0.9951259138911455,0.1147417236931395,0.9524222010713693
CatBoost,Anxiety_Stress,0.28218465539661897,0.9951259138911455,0.10914322585087584,0.9524222010713693
CatBoost,Anxiety_Stress,0.28218465539661897,0.9959382615759546,0.10868957830735439,0.9524222010713693
CatBoost,Anxiety_Stress,0.2964889466840052,0.9959382615759546,0.09055411652195297,0.9524222010713693
CatBoost,Anxiety_Stress,0.2964889466840052,0.9967506092607636,0.08981463295352711,0.9524222010713693
CatBoost,Anxiety_Stress,0.305591677503251,0.9967506092607636,0.08586924019321517,0.9524222010713693
CatBoost,Anxiety_Stress,0.305591677503251,0.9975629569455727,0.08554664766921824,0.9524222010713693
CatBoost,Anxiety_Stress,0.31339401820546164,0.9975629569455727,0.07964069168866436,0.9524222010713693
CatBoost,Anxiety_Stress,0.31339401820546164,0.9991876523151909,0.07699749926159,0.9524222010713693
CatBoost,Anxiety_Stress,0.47464239271781533,0.9991876523151909,0.017223419719823687,0.9524222010713693
CatBoost,Anxiety_Stress,0.47464239271781533,1.0,0.017162363778484093,0.9524222010713693
CatBoost,Anxiety_Stress,1.0,1.0,0.00014785187747646107,0.9524222010713693
CatBoost,Burnout,0.0,0.0,inf,0.9886331644144144
CatBoost,Burnout,0.0,0.004464285714285714,0.9880587287698201,0.9886331644144144
CatBoost,Burnout,0.0,0.19196428571428573,0.954961447795925,0.9886331644144144
CatBoost,Burnout,0.0005630630630630631,0.19196428571428573,0.9541617920114147,0.9886331644144144
CatBoost,Burnout,0.0005630630630630631,0.26339285714285715,0.9405423856638724,0.9886331644144144
CatBoost,Burnout,0.0011261261261261261,0.26339285714285715,0.9392141660758802,0.9886331644144144
CatBoost,Burnout,0.0011261261261261261,0.39732142857142855,0.895810034426024,0.9886331644144144
CatBoost,Burnout,0.0016891891891891893,0.39732142857142855,0.8893738145167431,0.9886331644144144
CatBoost,Burnout,0.0016891891891891893,0.4419642857142857,0.8633275315472151,0.9886331644144144
CatBoost,Burnout,0.0022522522522522522,0.4419642857142857,0.8606146391997022,0.9886331644144144
CatBoost,Burnout,0.0022522522522522522,0.4732142857142857,0.8457974711374717,0.9886331644144144
CatBoost,Burnout,0.002815315315315315,0.4732142857142857,0.844474489503859,0.9886331644144144
CatBoost,Burnout,0.002815315315315315,0.4955357142857143,0.8303465156800391,0.9886331644144144
CatBoost,Burnout,0.0033783783783783786,0.4955357142857143,0.8275003737484491,0.9886331644144144
CatBoost,Burnout,0.0033783783783783786,0.5089285714285714,0.8110286067937412,0.9886331644144144
CatBoost,Burnout,0.003941441441441441,0.5089285714285714,0.8039856962100311,0.9886331644144144
CatBoost,Burnout,0.003941441441441441,0.5178571428571429,0.8033985613219977,0.9886331644144144
CatBoost,Burnout,0.0045045045045045045,0.5178571428571429,0.803268121811864,0.9886331644144144
CatBoost,Burnout,0.0045045045045045045,0.5491071428571429,0.7651430375357287,0.9886331644144144
CatBoost,Burnout,0.006193693693693694,0.5491071428571429,0.7591398310552155,0.9886331644144144
CatBoost,Burnout,0.006193693693693694,0.5758928571428571,0.7403156310577099,0.9886331644144144
CatBoost,Burnout,0.006756756756756757,0.5758928571428571,0.7392621666630609,0.9886331644144144
CatBoost,Burnout,0.006756756756756757,0.5982142857142857,0.7332273930698467,0.9886331644144144
CatBoost,Burnout,0.00731981981981982,0.5982142857142857,0.7204883192031175,0.9886331644144144
CatBoost,Burnout,0.00731981981981982,0.6205357142857143,0.6946128915449196,0.9886331644144144
CatBoost,Burnout,0.007882882882882882,0.6205357142857143,0.6926532623288245,0.9886331644144144
CatBoost,Burnout,0.007882882882882882,0.6294642857142857,0.6899888563988292,0.9886331644144144
CatBoost,Burnout,0.008445945945945946,0.6294642857142857,0.6814587639616402,0.9886331644144144
CatBoost,Burnout,0.008445945945945946,0.6339285714285714,0.6747137729230999,0.9886331644144144
CatBoost,Burnout,0.009009009009009009,0.6339285714285714,0.6736360844009989,0.9886331644144144
CatBoost,Burnout,0.009009009009009009,0.6428571428571429,0.6701140122874962,0.9886331644144144
CatBoost,Burnout,0.009572072072072071,0.6428571428571429,0.6678259598519305,0.9886331644144144
CatBoost,Burnout,0.009572072072072071,0.65625,0.6521400298459233,0.9886331644144144
CatBoost,Burnout,0.010698198198198198,0.65625,0.6407397160045751,0.9886331644144144
CatBoost,Burnout,0.010698198198198198,0.6607142857142857,0.6397885800854574,0.9886331644144144
CatBoost,Burnout,0.011824324324324325,0.6607142857142857,0.6356056181484016,0.9886331644144144
CatBoost,Burnout,0.011824324324324325,0.6696428571428571,0.6321159309143822,0.9886331644144144
CatBoost,Burnout,0.01295045045045045,0.6696428571428571,0.6207681201216949,0.9886331644144144
CatBoost,Burnout,0.01295045045045045,0.6785714285714286,0.610268871505059,0.9886331644144144
CatBoost,Burnout,0.015202702702702704,0.6785714285714286,0.5891708148000929,0.9886331644144144
CatBoost,Burnout,0.015202702702702704,0.6875,0.5867231976220701,0.9886331644144144
CatBoost,Burnout,0.01632882882882883,0.6875,0.5847927961345247,0.9886331644144144
CatBoost,Burnout,0.01632882882882883,0.7008928571428571,0.5748792479565159,0.9886331644144144
CatBoost,Burnout,0.016891891891891893,0.7008928571428571,0.5706872403797716,0.9886331644144144
CatBoost,Burnout,0.016891891891891893,0.7053571428571429,0.5635332484751808,0.9886331644144144
CatBoost,Burnout,0.017454954954954954,0.7053571428571429,0.5573942075212308,0.9886331644144144
CatBoost,Burnout,0.017454954954954954,0.71875,0.5518115681675813,0.9886331644144144
CatBoost,Burnout,0.018581081081081082,0.71875,0.5460459141911664,0.9886331644144144
CatBoost,Burnout,0.018581081081081082,0.7232142857142857,0.542548281324041,0.9886331644144144
CatBoost,Burnout,0.019144144144144143,0.7232142857142857,0.5415793593806437,0.9886331644144144
CatBoost,Burnout,0.019144144144144143,0.7410714285714286,0.5318442319873018,0.9886331644144144
CatBoost,Burnout,0.019707207207207207,0.7410714285714286,0.5285946509744059,0.9886331644144144
CatBoost,Burnout,0.019707207207207207,0.7767857142857143,0.501899030618148,0.9886331644144144
CatBoost,Burnout,0.020833333333333332,0.7767857142857143,0.4967588145491374,0.9886331644144144
CatBoost,Burnout,0.020833333333333332,0.78125,0.49461938599601146,0.9886331644144144
CatBoost,Burnout,0.021396396396396396,0.78125,0.48915937460261183,0.9886331644144144
CatBoost,Burnout,0.021396396396396396,0.7857142857142857,0.48869102994369595,0.9886331644144144
CatBoost,Burnout,0.02252252252252252,0.7857142857142857,0.484077375763591,0.9886331644144144
CatBoost,Burnout,0.02252252252252252,0.7901785714285714,0.4820129352992714,0.9886331644144144
CatBoost,Burnout,0.023085585585585586,0.7901785714285714,0.48150795048528533,0.9886331644144144
CatBoost,Burnout,0.023085585585585586,0.8080357142857143,0.4717170461807909,0.9886331644144144
CatBoost,Burnout,0.02421171171171171,0.8080357142857143,0.46476441184342066,0.9886331644144144
CatBoost,Burnout,0.02421171171171171,0.8303571428571429,0.44712111762114254,0.9886331644144144
CatBoost,Burnout,0.024774774774774775,0.8303571428571429,0.44526286757857214,0.9886331644144144
CatBoost,Burnout,0.024774774774774775,0.8392857142857143,0.43597528836875654,0.9886331644144144
CatBoost,Burnout,0.02533783783783784,0.8392857142857143,0.4347830314916176,0.9886331644144144
CatBoost,Burnout,0.02533783783783784,0.8526785714285714,0.42099379146289057,0.9886331644144144
CatBoost,Burnout,0.0259009009009009,0.8526785714285714,0.4203697297336078,0.9886331644144144
CatBoost,Burnout,0.0259009009009009,0.8660714285714286,0.40556657594119105,0.9886331644144144
CatBoost,Burnout,0.026463963963963964,0.8660714285714286,0.39962660542342976,0.9886331644144144
CatBoost,Burnout,0.026463963963963964,0.8705357142857143,0.39918415205243685,0.9886331644144144
CatBoost,Burnout,0.02702702702702703,0.8705357142857143,0.3978754907493486,0.9886331644144144
CatBoost,Burnout,0.02702702702702703,0.875,0.3978182111932224,0.9886331644144144
CatBoost,Burnout,0.02759009009009009,0.875,0.38865935276508035,0.9886331644144144
CatBoost,Burnout,0.02759009009009009,0.8973214285714286,0.3707009486013649,0.9886331644144144
CatBoost,Burnout,0.028153153153153154,0.8973214285714286,0.36976079433726444,0.9886331644144144
CatBoost,Burnout,0.028153153153153154,0.90625,0.3647376787301455,0.9886331644144144
CatBoost,Burnout,0.028716216216216218,0.90625,0.35247367678503616,0.9886331644144144
CatBoost,Burnout,0.028716216216216218,0.9241071428571429,0.34427096967046034,0.9886331644144144
CatBoost,Burnout,0.030968468468468468,0.9241071428571429,0.2965868096971889,0.9886331644144144
CatBoost,Burnout,0.030968468468468468,0.9330357142857143,0.286956923885225,0.9886331644144144
CatBoost,Burnout,0.03490990990990991,0.9330357142857143,0.23553223378872087,0.9886331644144144
CatBoost,Burnout,0.03490990990990991,0.9464285714285714,0.22282799444486825,0.9886331644144144
CatBoost,Burnout,0.036036036036036036,0.9464285714285714,0.2194544764297905,0.9886331644144144
CatBoost,Burnout,0.036036036036036036,0.9508928571428571,0.2193367985086181,0.9886331644144144
CatBoost,Burnout,0.04054054054054054,0.9508928571428571,0.18317361224069867,0.9886331644144144
CatBoost,Burnout,0.04054054054054054,0.9553571428571429,0.181074253875246,0.9886331644144144
CatBoost,Burnout,0.04504504504504504,0.9553571428571429,0.1612945454644928,0.9886331644144144
CatBoost,Burnout,0.04504504504504504,0.9598214285714286,0.16062066298941868,0.9886331644144144
CatBoost,Burnout,0.046734234234234236,0.9598214285714286,0.15888651282929006,0.9886331644144144
CatBoost,Burnout,0.046734234234234236,0.96875,0.1542406834511761,0.9886331644144144
CatBoost,Burnout,0.0472972972972973,0.96875,0.15232428494182687,0.9886331644144144
CatBoost,Burnout,0.0472972972972973,0.9732142857142857,0.15184697050135676,0.9886331644144144
CatBoost,Burnout,0.05799549549549549,0.9732142857142857,0.1185489896929596,0.9886331644144144
CatBoost,Burnout,0.05799549549549549,0.9776785714285714,0.11829372558616653,0.9886331644144144
CatBoost,Burnout,0.06587837837837837,0.9776785714285714,0.09848805713669484,0.9886331644144144
CatBoost,Burnout,0.06587837837837837,0.9866071428571429,0.09694800331850814,0.9886331644144144
CatBoost,Burnout,0.07713963963963964,0.9866071428571429,0.0811371918173041,0.9886331644144144
CatBoost,Burnout,0.07713963963963964,0.9910714285714286,0.07946035951554911,0.9886331644144144
CatBoost,Burnout,0.0990990990990991,0.9910714285714286,0.05581961895463417,0.9886331644144144
CatBoost,Burnout,0.0990990990990991,0.9955357142857143,0.05541400768656536,0.9886331644144144
CatBoost,Burnout,0.12781531531531531,0.9955357142857143,0.03879414147419953,0.9886331644144144
CatBoost,Burnout,0.12781531531531531,1.0,0.03848458801965927,0.9886331644144144
CatBoost,Burnout,1.0,1.0,1.277928920731062e-05,0.9886331644144144
CatBoost,Mood,0.0,0.0,inf,0.9469120124993667
CatBoost,Mood,0.0,0.002652519893899204,0.9922443021919763,0.9469120124993667
CatBoost,Mood,0.0,0.5092838196286472,0.8616668867893321,0.9469120124993667
CatBoost,Mood,0.0012322858903265558,0.5092838196286472,0.859621742592028,0.9469120124993667
CatBoost,Mood,0.0012322858903265558,0.5490716180371353,0.8391932037275334,0.9469120124993667
CatBoost,Mood,0.0018484288354898336,0.5490716180371353,0.8370581064022898,0.9469120124993667
CatBoost,Mood,0.0018484288354898336,0.5729442970822282,0.8271977005013611,0.9469120124993667
CatBoost,Mood,0.0024645717806531116,0.5729442970822282,0.8264921218780036,0.9469120124993667
CatBoost,Mood,0.0024645717806531116,0.583554376657825,0.8218091640809969,0.9469120124993667
CatBoost,Mood,0.0030807147258163892,0.583554376657825,0.819063394001859,0.9469120124993667
CatBoost,Mood,0.0030807147258163892,0.596816976127321,0.8101846280699118,0.9469120124993667
CatBoost,Mood,0.0036968576709796672,0.596816976127321,0.8078250791912918,0.9469120124993667
CatBoost,Mood,0.0036968576709796672,0.623342175066313,0.7838743985250206,0.9469120124993667
CatBoost,Mood,0.004313000616142945,0.623342175066313,0.7809854361557002,0.9469120124993667
CatBoost,Mood,0.004313000616142945,0.6286472148541115,0.7795684136833394,0.9469120124993667
CatBoost,Mood,0.005545286506469501,0.6286472148541115,0.7760773461283618,0.9469120124993667
CatBoost,Mood,0.005545286506469501,0.636604774535809,0.7725639797108315,0.9469120124993667
CatBoost,Mood,0.0061614294516327784,0.636604774535809,0.7718644872552678,0.9469120124993667
CatBoost,Mood,0.0061614294516327784,0.6392572944297082,0.765239103340276,0.9469120124993667
CatBoost,Mood,0.0073937153419593345,0.6392572944297082,0.7597780240954225,0.9469120124993667
CatBoost,Mood,0.0073937153419593345,0.6684350132625995,0.7381493956395934,0.9469120124993667
CatBoost,Mood,0.008009858287122612,0.6684350132625995,0.7367408673307434,0.9469120124993667
CatBoost,Mood,0.008009858287122612,0.6790450928381963,0.7230876496686492,0.9469120124993667
CatBoost,Mood,0.00862600123228589,0.6790450928381963,0.7212529004009489,0.9469120124993667
CatBoost,Mood,0.00862600123228589,0.6816976127320955,0.7209764808096071,0.9469120124993667
CatBoost,Mood,0.009242144177449169,0.6816976127320955,0.717795134320345,0.9469120124993667
CatBoost,Mood,0.009242144177449169,0.6949602122015915,0.7059656455829237,0.9469120124993667
CatBoost,Mood,0.009858287122612447,0.6949602122015915,0.7040081970866289,0.9469120124993667
CatBoost,Mood,0.009858287122612447,0.6976127320954907,0.7035127866910934,0.9469120124993667
CatBoost,Mood,0.010474430067775724,0.6976127320954907,0.6956878683794102,0.9469120124993667
CatBoost,Mood,0.010474430067775724,0.7082228116710876,0.6836809839848069,0.9469120124993667
CatBoost,Mood,0.012939001848428836,0.7082228116710876,0.6679047780369625,0.9469120124993667
CatBoost,Mood,0.012939001848428836,0.7108753315649867,0.6628437928948292,0.9469120124993667
CatBoost,Mood,0.013555144793592114,0.7108753315649867,0.6610647660924535,0.9469120124993667
CatBoost,Mood,0.013555144793592114,0.7188328912466844,0.6358242377441506,0.9469120124993667
CatBoost,Mood,0.014787430683918669,0.7188328912466844,0.6262406409470076,0.9469120124993667
CatBoost,Mood,0.014787430683918669,0.7294429708222812,0.6147970932159064,0.9469120124993667
CatBoost,Mood,0.015403573629081947,0.7294429708222812,0.6135574323142301,0.9469120124993667
CatBoost,Mood,0.015403573629081947,0.7320954907161804,0.6112168624796745,0.9469120124993667
CatBoost,Mood,0.016019716574245224,0.7320954907161804,0.6097734008377307,0.9469120124993667
CatBoost,Mood,0.016019716574245224,0.7347480106100795,0.6095933595543568,0.9469120124993667
CatBoost,Mood,0.0166358595194085,0.7347480106100795,0.6035387632841309,0.9469120124993667
CatBoost,Mood,0.0166358595194085,0.7400530503978779,0.5955211817823634,0.9469120124993667
CatBoost,Mood,0.019100431300061615,0.7400530503978779,0.5671998551416857,0.9469120124993667
CatBoost,Mood,0.019100431300061615,0.7480106100795756,0.5437982035857453,0.9469120124993667
CatBoost,Mood,0.019716574245224893,0.7480106100795756,0.5437722579032632,0.9469120124993667
CatBoost,Mood,0.019716574245224893,0.753315649867374,0.5273345055911453,0.9469120124993667
CatBoost,Mood,0.020948860135551448,0.753315649867374,0.5203106800202877,0.9469120124993667
CatBoost,Mood,0.020948860135551448,0.7559681697612732,0.5108266609199208,0.9469120124993667
CatBoost,Mood,0.022181146025878003,0.7559681697612732,0.5085104908625665,0.9469120124993667
CatBoost,Mood,0.022181146025878003,0.7586206896551724,0.5028568757696147,0.9469120124993667
CatBoost,Mood,0.02341343191620456,0.7586206896551724,0.4907612367079589,0.9469120124993667
CatBoost,Mood,0.02341343191620456,0.7612732095490716,0.49070982536797864,0.9469120124993667
CatBoost,Mood,0.028342575477510783,0.7612732095490716,0.4715263527259989,0.9469120124993667
CatBoost,Mood,0.028342575477510783,0.7639257294429708,0.4648411557623215,0.9469120124993667
CatBoost,Mood,0.030807147258163893,0.7639257294429708,0.442870754284234,0.9469120124993667
CatBoost,Mood,0.030807147258163893,0.76657824933687,0.44125668221061193,0.9469120124993667
CatBoost,Mood,0.03203943314849045,0.76657824933687,0.4364606175393192,0.9469120124993667
CatBoost,Mood,0.03203943314849045,0.7692307692307693,0.43482355762844327,0.9469120124993667
CatBoost,Mood,0.03265557609365373,0.7692307692307693,0.4345929159301733,0.9469120124993667
CatBoost,Mood,0.03265557609365373,0.7718832891246684,0.4333180521224506,0.9469120124993667
CatBoost,Mood,0.033887861983980284,0.7718832891246684,0.432432760379204,0.9469120124993667
CatBoost,Mood,0.033887861983980284,0.7745358090185677,0.4317626328929509,0.9469120124993667
CatBoost,Mood,0.03450400492914356,0.7745358090185677,0.42993433951451693,0.9469120124993667
CatBoost,Mood,0.03450400492914356,0.7771883289124668,0.42654761235850036,0.9469120124993667
CatBoost,Mood,0.03512014787430684,0.7771883289124668,0.4252881310954221,0.9469120124993667
CatBoost,Mood,0.03512014787430684,0.7798408488063661,0.42490092526490103,0.9469120124993667
CatBoost,Mood,0.036352433764633395,0.7798408488063661,0.41403602345276,0.9469120124993667
CatBoost,Mood,0.036352433764633395,0.7851458885941645,0.4078527477872959,0.9469120124993667
CatBoost,Mood,0.04313000616142945,0.7851458885941645,0.3881666568103931,0.9469120124993667
CatBoost,Mood,0.04313000616142945,0.7904509283819628,0.3856749693737184,0.9469120124993667
CatBoost,Mood,0.04374614910659273,0.7904509283819628,0.38413744451955634,0.9469120124993667
CatBoost,Mood,0.04374614910659273,0.7957559681697612,0.37779241516901024,0.9469120124993667
CatBoost,Mood,0.04497843499691929,0.7957559681697612,0.36722067657070895,0.9469120124993667
CatBoost,Mood,0.04497843499691929,0.7984084880636605,0.3624814851134732,0.9469120124993667
CatBoost,Mood,0.05052372150338879,0.7984084880636605,0.3357518719834296,0.9469120124993667
CatBoost,Mood,0.05052372150338879,0.8090185676392573,0.3171449737015103,0.9469120124993667
CatBoost,Mood,0.0529882932840419,0.8090185676392573,0.2951174141540446,0.9469120124993667
CatBoost,Mood,0.0529882932840419,0.8143236074270557,0.29263160410846034,0.9469120124993667
CatBoost,Mood,0.053604436229205174,0.8143236074270557,0.2885834817790531,0.9469120124993667
CatBoost,Mood,0.053604436229205174,0.8169761273209549,0.2871465542706569,0.9469120124993667
CatBoost,Mood,0.05545286506469501,0.8169761273209549,0.27922652005191456,0.9469120124993667
CatBoost,Mood,0.05545286506469501,0.8196286472148541,0.27830857036020773,0.9469120124993667
CatBoost,Mood,0.05791743684534812,0.8196286472148541,0.26889432007889125,0.9469120124993667
CatBoost,Mood,0.05791743684534812,0.8249336870026526,0.2645167998376303,0.9469120124993667
CatBoost,Mood,0.06038200862600123,0.8249336870026526,0.25433676983892883,0.9469120124993667
CatBoost,Mood,0.06038200862600123,0.8275862068965517,0.2543275611969219,0.9469120124993667
CatBoost,Mood,0.06099815157116451,0.8275862068965517,0.2541499622685924,0.9469120124993667
CatBoost,Mood,0.06099815157116451,0.830238726790451,0.25346086289506425,0.9469120124993667
CatBoost,Mood,0.0807147258163894,0.830238726790451,0.21061769645300413,0.9469120124993667
CatBoost,Mood,0.0807147258163894,0.8328912466843501,0.21039675454262674,0.9469120124993667
CatBoost,Mood,0.08133086876155268,0.8328912466843501,0.2099379263420365,0.9469120124993667
CatBoost,Mood,0.08133086876155268,0.8355437665782494,0.2030747607056821,0.9469120124993667
CatBoost,Mood,0.08194701170671596,0.8355437665782494,0.20156037289884374,0.9469120124993667
CatBoost,Mood,0.08194701170671596,0.8381962864721485,0.19970489608858902,0.9469120124993667
CatBoost,Mood,0.08810844115834873,0.8381962864721485,0.19259840795096106,0.9469120124993667
CatBoost,Mood,0.08810844115834873,0.8408488063660478,0.1917835126380394,0.9469120124993667
CatBoost,Mood,0.09242144177449169,0.8408488063660478,0.1864735328257478,0.9469120124993667
CatBoost,Mood,0.09242144177449169,0.843501326259947,0.18524311672112503,0.9469120124993667
CatBoost,Mood,0.09919901417128774,0.843501326259947,0.17220211559918236,0.9469120124993667
CatBoost,Mood,0.09919901417128774,0.8461538461538461,0.17215476831916632,0.9469120124993667
CatBoost,Mood,0.10659272951324707,0.8461538461538461,0.16511596757578584,0.9469120124993667
CatBoost,Mood,0.10659272951324707,0.8488063660477454,0.16390745226966652,0.9469120124993667
CatBoost,Mood,0.11337030191004313,0.8488063660477454,0.15542450049597042,0.9469120124993667
CatBoost,Mood,0.11337030191004313,0.8514588859416445,0.15481484629266334,0.9469120124993667
CatBoost,Mood,0.11521873074553296,0.8514588859416445,0.15333255665613893,0.9469120124993667
CatBoost,Mood,0.11521873074553296,0.8541114058355438,0.15121623245589094,0.9469120124993667
CatBoost,Mood,0.12199630314232902,0.8541114058355438,0.1447419614051974,0.9469120124993667
CatBoost,Mood,0.12199630314232902,0.8567639257294429,0.14418314024863008,0.9469120124993667
CatBoost,Mood,0.12754158964879853,0.8567639257294429,0.14024393885905626,0.9469120124993667
CatBoost,Mood,0.12754158964879853,0.8620689655172413,0.1395870380767638,0.9469120124993667
CatBoost,Mood,0.1337030191004313,0.8620689655172413,0.13312114892286828,0.9469120124993667
CatBoost,Mood,0.1337030191004313,0.8647214854111406,0.13295755832030365,0.9469120124993667
CatBoost,Mood,0.15095502156500307,0.8647214854111406,0.1213336543240603,0.9469120124993667
CatBoost,Mood,0.15095502156500307,0.8726790450928382,0.12020172373583166,0.9469120124993667
CatBoost,Mood,0.15280345040049292,0.8726790450928382,0.1194885130551512,0.9469120124993667
CatBoost,Mood,0.15280345040049292,0.8753315649867374,0.11902578460403589,0.9469120124993667
CatBoost,Mood,0.15650030807147258,0.8753315649867374,0.11639081734646844,0.9469120124993667
CatBoost,Mood,0.15650030807147258,0.8779840848806366,0.1160530916485443,0.9469120124993667
CatBoost,Mood,0.15711645101663585,0.8779840848806366,0.11485973425307895,0.9469120124993667
CatBoost,Mood,0.15711645101663585,0.8806366047745358,0.11485727162266395,0.9469120124993667
CatBoost,Mood,0.1589648798521257,0.8806366047745358,0.11364364535901852,0.9469120124993667
CatBoost,Mood,0.1589648798521257,0.883289124668435,0.11358747636830002,0.9469120124993667
CatBoost,Mood,0.16574245224892176,0.883289124668435,0.11042424549156511,0.9469120124993667
CatBoost,Mood,0.16574245224892176,0.8859416445623343,0.11031643013246986,0.9469120124993667
CatBoost,Mood,0.17744916820702403,0.8859416445623343,0.1035424972689445,0.9469120124993667
CatBoost,Mood,0.17744916820702403,0.8885941644562334,0.10346087353224907,0.9469120124993667
CatBoost,Mood,0.1786814540973506,0.8885941644562334,0.10332381211756278,0.9469120124993667
CatBoost,Mood,0.1786814540973506,0.8912466843501327,0.10305371721878764,0.9469120124993667
CatBoost,Mood,0.18237831176833025,0.8912466843501327,0.10173814334144428,0.9469120124993667
CatBoost,Mood,0.18237831176833025,0.8938992042440318,0.10144969622872273,0.9469120124993667
CatBoost,Mood,0.18792359827479976,0.8938992042440318,0.0998351466352895,0.9469120124993667
CatBoost,Mood,0.18792359827479976,0.896551724137931,0.09973865050358173,0.9469120124993667
CatBoost,Mood,0.19100431300061615,0.896551724137931,0.09898251427539131,0.9469120124993667
CatBoost,Mood,0.19100431300061615,0.8992042440318302,0.0989312506887764,0.9469120124993667
CatBoost,Mood,0.1922365988909427,0.8992042440318302,0.09860899686784347,0.9469120124993667
CatBoost,Mood,0.1922365988909427,0.9018567639257294,0.09816152645214389,0.9469120124993667
CatBoost,Mood,0.20209488601355516,0.9018567639257294,0.09444851301362997,0.9469120124993667
CatBoost,Mood,0.20209488601355516,0.9045092838196287,0.0943847776568326,0.9469120124993667
CatBoost,Mood,0.21626617375231053,0.9045092838196287,0.08989978973713515,0.9469120124993667
CatBoost,Mood,0.21626617375231053,0.9071618037135278,0.08966716936778432,0.9469120124993667
CatBoost,Mood,0.21873074553296365,0.9071618037135278,0.08930197387324533,0.9469120124993667
CatBoost,Mood,0.21873074553296365,0.9098143236074271,0.0887866244771895,0.9469120124993667
CatBoost,Mood,0.22181146025878004,0.9098143236074271,0.08781500594381206,0.9469120124993667
CatBoost,Mood,0.22181146025878004,0.9124668435013262,0.0877713933859827,0.9469120124993667
CatBoost,Mood,0.2452248921749846,0.9124668435013262,0.0813522375494105,0.9469120124993667
CatBoost,Mood,0.2452248921749846,0.9151193633952255,0.08129176235352426,0.9469120124993667
CatBoost,Mood,0.25385089340727046,0.9151193633952255,0.07828602952992379,0.9469120124993667
CatBoost,Mood,0.25385089340727046,0.9177718832891246,0.07826758989030291,0.9469120124993667
CatBoost,Mood,0.2575477510782502,0.9177718832891246,0.07700610084960874,0.9469120124993667
CatBoost,Mood,0.2575477510782502,0.9204244031830239,0.07700493338357692,0.9469120124993667
CatBoost,Mood,0.26247689463955637,0.9204244031830239,0.07593377290095374,0.9469120124993667
CatBoost,Mood,0.26247689463955637,0.9230769230769231,0.07587315356593093,0.9469120124993667
CatBoost,Mood,0.26555760936537276,0.9230769230769231,0.07445227988575605,0.9469120124993667
CatBoost,Mood,0.26555760936537276,0.9257294429708223,0.07410649769427093,0.9469120124993667
CatBoost,Mood,0.27171903881700554,0.9257294429708223,0.07267546289085922,0.9469120124993667
CatBoost,Mood,0.27171903881700554,0.9283819628647215,0.07262920257289143,0.9469120124993667
CatBoost,Mood,0.2729513247073321,0.9283819628647215,0.07235349992288614,0.9469120124993667
CatBoost,Mood,0.2729513247073321,0.9310344827586207,0.07203792344836953,0.9469120124993667
CatBoost,Mood,0.2846580406654344,0.9310344827586207,0.06888877831660695,0.9469120124993667
CatBoost,Mood,0.2846580406654344,0.9336870026525199,0.0688631972223212,0.9469120124993667
CatBoost,Mood,0.2858903265557609,0.9336870026525199,0.06859446484582706,0.9469120124993667
CatBoost,Mood,0.2858903265557609,0.9363395225464191,0.06855430857746503,0.9469120124993667
CatBoost,Mood,0.2902033271719039,0.9363395225464191,0.06765565793930321,0.9469120124993667
CatBoost,Mood,0.2902033271719039,0.9389920424403183,0.0676338504024474,0.9469120124993667
CatBoost,Mood,0.32717190388170053,0.9389920424403183,0.06070377209084492,0.9469120124993667
CatBoost,Mood,0.32717190388170053,0.9416445623342176,0.06058690329512351,0.9469120124993667
CatBoost,Mood,0.32778804682686385,0.9416445623342176,0.0604795704408599,0.9469120124993667
CatBoost,Mood,0.32778804682686385,0.9442970822281167,0.06034975904049454,0.9469120124993667
CatBoost,Mood,0.32963647566235366,0.9442970822281167,0.06014146239430639,0.9469120124993667
CatBoost,Mood,0.32963647566235366,0.946949602122016,0.05948395070123505,0.9469120124993667
CatBoost,Mood,0.3321010474430068,0.946949602122016,0.05874106135408105,0.9469120124993667
CatBoost,Mood,0.3321010474430068,0.9496021220159151,0.058677264236446834,0.9469120124993667
CatBoost,Mood,0.34627233518176215,0.9496021220159151,0.05586492286022382,0.9469120124993667
CatBoost,Mood,0.34627233518176215,0.9522546419098143,0.055704055577607756,0.9469120124993667
CatBoost,Mood,0.36537276648182376,0.9522546419098143,0.0520092895437489,0.9469120124993667
CatBoost,Mood,0.36537276648182376,0.9549071618037135,0.05195043913529162,0.9469120124993667
CatBoost,Mood,0.3900184842883549,0.9549071618037135,0.04618983110242037,0.9469120124993667
CatBoost,Mood,0.3900184842883549,0.9602122015915119,0.04582916061469509,0.9469120124993667
CatBoost,Mood,0.39125077017868143,0.9602122015915119,0.045293121648574346,0.9469120124993667
CatBoost,Mood,0.39125077017868143,0.9628647214854111,0.04519698348639126,0.9469120124993667
CatBoost,Mood,0.39494762784966114,0.9628647214854111,0.04473138422982231,0.9469120124993667
CatBoost,Mood,0.39494762784966114,0.9655172413793104,0.04466409931371289,0.9469120124993667
CatBoost,Mood,0.41158348736906963,0.9655172413793104,0.04128952563200693,0.9469120124993667
CatBoost,Mood,0.41158348736906963,0.9681697612732095,0.04127573783859442,0.9469120124993667
CatBoost,Mood,0.4195933456561922,0.9681697612732095,0.03944029375470992,0.9469120124993667
CatBoost,Mood,0.4195933456561922,0.9708222811671088,0.03928899050742175,0.9469120124993667
CatBoost,Mood,0.4214417744916821,0.9708222811671088,0.03886147441003398,0.9469120124993667
CatBoost,Mood,0.4214417744916821,0.9734748010610079,0.03872890184062008,0.9469120124993667
CatBoost,Mood,0.4688847812692545,0.9734748010610079,0.03223442488707383,0.9469120124993667
CatBoost,Mood,0.4688847812692545,0.9761273209549072,0.03201842065675612,0.9469120124993667
CatBoost,Mood,0.5132470733210105,0.9761273209549072,0.02676596514986138,0.9469120124993667
CatBoost,Mood,0.5132470733210105,0.9787798408488063,0.026759104138110137,0.9469120124993667
CatBoost,Mood,0.5354282193468884,0.9787798408488063,0.02459629151291142,0.9469120124993667
CatBoost,Mood,0.5354282193468884,0.9814323607427056,0.024591649096567154,0.9469120124993667
CatBoost,Mood,0.5514479359211337,0.9814323607427056,0.023284189170512993,0.9469120124993667
CatBoost,Mood,0.5514479359211337,0.9840848806366048,0.023253792341865562,0.9469120124993667
CatBoost,Mood,0.6118299445471349,0.9840848806366048,0.018550009753475042,0.9469120124993667
CatBoost,Mood,0.6118299445471349,0.986737400530504,0.018483702709917442,0.9469120124993667
CatBoost,Mood,0.636475662353666,0.986737400530504,0.01752159835708566,0.9469120124993667
CatBoost,Mood,0.636475662353666,0.9893899204244032,0.01748545055125483,0.9469120124993667
CatBoost,Mood,0.6383240911891559,0.9893899204244032,0.0174162849840816,0.9469120124993667
CatBoost,Mood,0.6383240911891559,0.9920424403183024,0.017317525656265206,0.9469120124993667
CatBoost,Mood,0.6469500924214417,0.9920424403183024,0.016935841209443567,0.9469120124993667
CatBoost,Mood,0.6469500924214417,0.9946949602122016,0.016924819615773516,0.9469120124993667
CatBoost,Mood,0.6765249537892791,0.9946949602122016,0.015747148575778427,0.9469120124993667
CatBoost,Mood,0.6765249537892791,0.9973474801061007,0.015722509657662545,0.9469120124993667
CatBoost,Mood,0.7529266789895256,0.9973474801061007,0.012618766377285527,0.9469120124993667
CatBoost,Mood,0.7529266789895256,1.0,0.01261428047891234,0.9469120124993667
CatBoost,Mood,1.0,1.0,0.0020873393830236485,0.9469120124993667
CatBoost,Multiple,0.0,0.0,inf,0.9829416141456583
CatBoost,Multiple,0.0,0.010416666666666666,0.9846761234550301,0.9829416141456583
CatBoost,Multiple,0.0,0.10416666666666667,0.9552376801685873,0.9829416141456583
CatBoost,Multiple,0.0005252100840336134,0.10416666666666667,0.9547883226513356,0.9829416141456583
CatBoost,Multiple,0.0005252100840336134,0.22916666666666666,0.9350313884336644,0.9829416141456583
CatBoost,Multiple,0.0010504201680672268,0.22916666666666666,0.9302292199888326,0.9829416141456583
CatBoost,Multiple,0.0010504201680672268,0.3541666666666667,0.8723825524231613,0.9829416141456583
CatBoost,Multiple,0.0015756302521008404,0.3541666666666667,0.8672828821034279,0.9829416141456583
CatBoost,Multiple,0.0015756302521008404,0.40625,0.8367466147645368,0.9829416141456583
CatBoost,Multiple,0.0026260504201680674,0.40625,0.8260705371027713,0.9829416141456583
CatBoost,Multiple,0.0026260504201680674,0.4479166666666667,0.7976562955079428,0.9829416141456583
CatBoost,Multiple,0.0031512605042016808,0.4479166666666667,0.7827526118076109,0.9829416141456583
CatBoost,Multiple,0.0031512605042016808,0.4583333333333333,0.7713037418604449,0.9829416141456583
CatBoost,Multiple,0.003676470588235294,0.4583333333333333,0.7683952875243818,0.9829416141456583
CatBoost,Multiple,0.003676470588235294,0.46875,0.7681703143726935,0.9829416141456583
CatBoost,Multiple,0.005252100840336135,0.46875,0.728272568841316,0.9829416141456583
CatBoost,Multiple,0.005252100840336135,0.5208333333333334,0.666690631842966,0.9829416141456583
CatBoost,Multiple,0.007878151260504201,0.5208333333333334,0.5894256823205656,0.9829416141456583
CatBoost,Multiple,0.007878151260504201,0.53125,0.5802179200282528,0.9829416141456583
CatBoost,Multiple,0.008928571428571428,0.53125,0.575583464524844,0.9829416141456583
CatBoost,Multiple,0.008928571428571428,0.5416666666666666,0.5745619571052071,0.9829416141456583
CatBoost,Multiple,0.009978991596638655,0.5416666666666666,0.5712021871468929,0.9829416141456583
CatBoost,Multiple,0.009978991596638655,0.5520833333333334,0.5558633481359158,0.9829416141456583
CatBoost,Multiple,0.01050420168067227,0.5520833333333334,0.5545599163713663,0.9829416141456583
CatBoost,Multiple,0.01050420168067227,0.5625,0.5479527163242804,0.9829416141456583
CatBoost,Multiple,0.014180672268907563,0.5625,0.5195565291826185,0.9829416141456583
CatBoost,Multiple,0.014180672268907563,0.5833333333333334,0.5081721960064968,0.9829416141456583
CatBoost,Multiple,0.016281512605042018,0.5833333333333334,0.4697067725141608,0.9829416141456583
CatBoost,Multiple,0.016281512605042018,0.6041666666666666,0.45670315579539905,0.9829416141456583
CatBoost,Multiple,0.019432773109243698,0.6041666666666666,0.44510087727463526,0.9829416141456583
CatBoost,Multiple,0.019432773109243698,0.6145833333333334,0.43824301291820694,0.9829416141456583
CatBoost,Multiple,0.020483193277310924,0.6145833333333334,0.437327549531112,0.9829416141456583
CatBoost,Multiple,0.020483193277310924,0.6354166666666666,0.4336865471191716,0.9829416141456583
CatBoost,Multiple,0.02415966386554622,0.6354166666666666,0.39671204427542833,0.9829416141456583
CatBoost,Multiple,0.02415966386554622,0.6666666666666666,0.3869155358399106,0.9829416141456583
CatBoost,Multiple,0.025735294117647058,0.6666666666666666,0.3852548758307827,0.9829416141456583
CatBoost,Multiple,0.025735294117647058,0.6770833333333334,0.38232833309054176,0.9829416141456583
CatBoost,Multiple,0.0273109243697479,0.6770833333333334,0.37054328996110436,0.9829416141456583
CatBoost,Multiple,0.0273109243697479,0.71875,0.35949421074726523,0.9829416141456583
CatBoost,Multiple,0.027836134453781514,0.71875,0.3576827077393468,0.9829416141456583
CatBoost,Multiple,0.027836134453781514,0.7291666666666666,0.3558451930245767,0.9829416141456583
CatBoost,Multiple,0.029936974789915968,0.7291666666666666,0.33020236434296646,0.9829416141456583
CatBoost,Multiple,0.029936974789915968,0.7395833333333334,0.3299860951121266,0.9829416141456583
CatBoost,Multiple,0.03046218487394958,0.7395833333333334,0.3291470304504477,0.9829416141456583
CatBoost,Multiple,0.03046218487394958,0.7604166666666666,0.32850655470218293,0.9829416141456583
CatBoost,Multiple,0.031512605042016806,0.7604166666666666,0.3217328249364327,0.9829416141456583
CatBoost,Multiple,0.031512605042016806,0.7708333333333334,0.32130679527750156,0.9829416141456583
CatBoost,Multiple,0.03308823529411765,0.7708333333333334,0.3096772076550732,0.9829416141456583
CatBoost,Multiple,0.03308823529411765,0.78125,0.3026941249623861,0.9829416141456583
CatBoost,Multiple,0.03361344537815126,0.78125,0.29421986723269344,0.9829416141456583
CatBoost,Multiple,0.03361344537815126,0.7916666666666666,0.2940373188220594,0.9829416141456583
CatBoost,Multiple,0.03466386554621849,0.7916666666666666,0.27982659608635496,0.9829416141456583
CatBoost,Multiple,0.03466386554621849,0.8020833333333334,0.27950686396283964,0.9829416141456583
CatBoost,Multiple,0.0351890756302521,0.8020833333333334,0.2769821161038971,0.9829416141456583
CatBoost,Multiple,0.0351890756302521,0.8125,0.2767354692045835,0.9829416141456583
CatBoost,Multiple,0.038865546218487396,0.8125,0.24703696808645034,0.9829416141456583
CatBoost,Multiple,0.038865546218487396,0.8229166666666666,0.22992188763928295,0.9829416141456583
CatBoost,Multiple,0.03939075630252101,0.8229166666666666,0.22853375876306345,0.9829416141456583
CatBoost,Multiple,0.03939075630252101,0.8333333333333334,0.22823615853385795,0.9829416141456583
CatBoost,Multiple,0.04096638655462185,0.8333333333333334,0.22490800104352682,0.9829416141456583
CatBoost,Multiple,0.04096638655462185,0.84375,0.22438167909299084,0.9829416141456583
CatBoost,Multiple,0.04201680672268908,0.84375,0.2233064307285244,0.9829416141456583
CatBoost,Multiple,0.04201680672268908,0.8541666666666666,0.21947841304514545,0.9829416141456583
CatBoost,Multiple,0.0430672268907563,0.8541666666666666,0.21822314034335644,0.9829416141456583
CatBoost,Multiple,0.0430672268907563,0.875,0.21698367515345443,0.9829416141456583
CatBoost,Multiple,0.043592436974789914,0.875,0.20991347155412465,0.9829416141456583
CatBoost,Multiple,0.043592436974789914,0.8854166666666666,0.2046506681833225,0.9829416141456583
CatBoost,Multiple,0.044642857142857144,0.8854166666666666,0.1923037617262553,0.9829416141456583
CatBoost,Multiple,0.044642857142857144,0.8958333333333334,0.19066948868486322,0.9829416141456583
CatBoost,Multiple,0.04569327731092437,0.8958333333333334,0.17859694001191506,0.9829416141456583
CatBoost,Multiple,0.04569327731092437,0.9166666666666666,0.1706340498641719,0.9829416141456583
CatBoost,Multiple,0.0467436974789916,0.9166666666666666,0.1596244915851461,0.9829416141456583
CatBoost,Multiple,0.0467436974789916,0.9270833333333334,0.15730509783896124,0.9829416141456583
CatBoost,Multiple,0.04936974789915966,0.9270833333333334,0.14981053308289427,0.9829416141456583
CatBoost,Multiple,0.04936974789915966,0.9479166666666666,0.144882945601382,0.9829416141456583
CatBoost,Multiple,0.05619747899159664,0.9479166666666666,0.11800499722582278,0.9829416141456583
CatBoost,Multiple,0.05619747899159664,0.9583333333333334,0.11531633922172743,0.9829416141456583
CatBoost,Multiple,0.05934873949579832,0.9583333333333334,0.10593770682217052,0.9829416141456583
CatBoost,Multiple,0.05934873949579832,0.96875,0.10538782327512643,0.9829416141456583
CatBoost,Multiple,0.0625,0.96875,0.09405680773089137,0.9829416141456583
CatBoost,Multiple,0.0625,0.9791666666666666,0.09391667498813139,0.9829416141456583
CatBoost,Multiple,0.07142857142857142,0.9791666666666666,0.068839443313976,0.9829416141456583
CatBoost,Multiple,0.07142857142857142,0.9895833333333334,0.0678051022897412,0.9829416141456583
CatBoost,Multiple,0.09243697478991597,0.9895833333333334,0.03986816345203094,0.9829416141456583
CatBoost,Multiple,0.09243697478991597,1.0,0.03978862232895198,0.9829416141456583
CatBoost,Multiple,1.0,1.0,2.029315253255155e-05,0.9829416141456583
